solid OpenSCAD_Model
  facet normal -0.998795 0.0490702 0
    outer loop
      vertex -87 34 2
      vertex -86.7833 38.4108 10
      vertex -86.7833 38.4108 2
    endloop
  endfacet
  facet normal -0.998795 0.0490702 0
    outer loop
      vertex -86.7833 38.4108 10
      vertex -87 34 2
      vertex -87 34 10
    endloop
  endfacet
  facet normal -0.70668 0.0347245 0.70668
    outer loop
      vertex -85 34 12
      vertex -84.7929 38.2147 12
      vertex -87 34 10
    endloop
  endfacet
  facet normal -0.706674 0.0347185 0.706687
    outer loop
      vertex -84.7929 38.2147 12
      vertex -86.7833 38.4108 10
      vertex -87 34 10
    endloop
  endfacet
  facet normal 0.70668 -0.0347272 0.70668
    outer loop
      vertex -54 34 11
      vertex -53.9422 35.1762 11
      vertex -55 34 12
    endloop
  endfacet
  facet normal 0.706675 -0.0347182 0.706686
    outer loop
      vertex -53.9422 35.1762 11
      vertex -54.9374 35.2742 12
      vertex -55 34 12
    endloop
  endfacet
  facet normal 0.998795 -0.0490821 0
    outer loop
      vertex -54 34 11
      vertex -53.9422 35.1762 1
      vertex -53.9422 35.1762 11
    endloop
  endfacet
  facet normal 0.998795 -0.0490821 0
    outer loop
      vertex -53.9422 35.1762 1
      vertex -54 34 11
      vertex -54 34 1
    endloop
  endfacet
  facet normal 0.70668 -0.0347184 -0.70668
    outer loop
      vertex -54.9374 35.2742 0
      vertex -54 34 1
      vertex -55 34 0
    endloop
  endfacet
  facet normal 0.706675 -0.0347269 -0.706686
    outer loop
      vertex -53.9422 35.1762 1
      vertex -54 34 1
      vertex -54.9374 35.2742 0
    endloop
  endfacet
  facet normal 0 0 -1
    outer loop
      vertex -29 34 0
      vertex 1 34 0
      vertex 0.792943 29.7853 0
    endloop
  endfacet
  facet normal 0 0 -1
    outer loop
      vertex -29.0626 32.7258 0
      vertex 0.792943 29.7853 0
      vertex 0.173766 25.6111 0
    endloop
  endfacet
  facet normal 0 0 -1
    outer loop
      vertex 1 34 0
      vertex -29 34 0
      vertex 0.792943 38.2147 0
    endloop
  endfacet
  facet normal 0 0 -1
    outer loop
      vertex -29.2498 31.4638 0
      vertex 0.173766 25.6111 0
      vertex -0.851565 21.5178 0
    endloop
  endfacet
  facet normal 0 0 -1
    outer loop
      vertex -29.0626 35.2742 0
      vertex 0.792943 38.2147 0
      vertex -29 34 0
    endloop
  endfacet
  facet normal 0 0 -1
    outer loop
      vertex -29.5598 30.2263 0
      vertex -0.851565 21.5178 0
      vertex -2.27318 17.5446 0
    endloop
  endfacet
  facet normal -0 0 -1
    outer loop
      vertex 0.792943 38.2147 0
      vertex -29.0626 35.2742 0
      vertex 0.173766 42.3889 0
    endloop
  endfacet
  facet normal 0 0 -1
    outer loop
      vertex -29.9896 29.0251 0
      vertex -2.27318 17.5446 0
      vertex -4.07738 13.7299 0
    endloop
  endfacet
  facet normal 0 0 -1
    outer loop
      vertex -29.2498 36.5362 0
      vertex 0.173766 42.3889 0
      vertex -29.0626 35.2742 0
    endloop
  endfacet
  facet normal 0 0 -1
    outer loop
      vertex -30.535 27.8718 0
      vertex -4.07738 13.7299 0
      vertex -6.24681 10.1105 0
    endloop
  endfacet
  facet normal -0 0 -1
    outer loop
      vertex 0.173766 42.3889 0
      vertex -29.2498 36.5362 0
      vertex -0.851565 46.4822 0
    endloop
  endfacet
  facet normal 0 0 -1
    outer loop
      vertex -31.1909 26.7776 0
      vertex -6.24681 10.1105 0
      vertex -8.76055 6.72109 0
    endloop
  endfacet
  facet normal 0 0 -1
    outer loop
      vertex -29.5598 37.7737 0
      vertex -0.851565 46.4822 0
      vertex -29.2498 36.5362 0
    endloop
  endfacet
  facet normal 0 0 -1
    outer loop
      vertex -31.9509 25.7529 0
      vertex -8.76055 6.72109 0
      vertex -11.5944 3.59441 0
    endloop
  endfacet
  facet normal -0 0 -1
    outer loop
      vertex -0.851565 46.4822 0
      vertex -29.5598 37.7737 0
      vertex -2.27318 50.4554 0
    endloop
  endfacet
  facet normal 0 0 -1
    outer loop
      vertex -32.8076 24.8076 0
      vertex -11.5944 3.59441 0
      vertex -14.7211 0.76055 0
    endloop
  endfacet
  facet normal 0 0 -1
    outer loop
      vertex -29.9896 38.9749 0
      vertex -2.27318 50.4554 0
      vertex -29.5598 37.7737 0
    endloop
  endfacet
  facet normal 0 0 -1
    outer loop
      vertex -33.7529 23.9509 0
      vertex -14.7211 0.76055 0
      vertex -18.1105 -1.75319 0
    endloop
  endfacet
  facet normal -0 0 -1
    outer loop
      vertex -2.27318 50.4554 0
      vertex -29.9896 38.9749 0
      vertex -4.07738 54.2701 0
    endloop
  endfacet
  facet normal 0 0 -1
    outer loop
      vertex -34.7776 23.1909 0
      vertex -18.1105 -1.75319 0
      vertex -21.7299 -3.92261 0
    endloop
  endfacet
  facet normal 0 0 -1
    outer loop
      vertex -30.535 40.1282 0
      vertex -4.07738 54.2701 0
      vertex -29.9896 38.9749 0
    endloop
  endfacet
  facet normal 0 0 -1
    outer loop
      vertex -35.8718 22.535 0
      vertex -21.7299 -3.92261 0
      vertex -25.5446 -5.72682 0
    endloop
  endfacet
  facet normal -0 0 -1
    outer loop
      vertex -4.07738 54.2701 0
      vertex -30.535 40.1282 0
      vertex -6.24681 57.8895 0
    endloop
  endfacet
  facet normal 0 0 -1
    outer loop
      vertex -31.1909 41.2224 0
      vertex -6.24681 57.8895 0
      vertex -30.535 40.1282 0
    endloop
  endfacet
  facet normal 0 0 -1
    outer loop
      vertex 0.792943 29.7853 0
      vertex -29.0626 32.7258 0
      vertex -29 34 0
    endloop
  endfacet
  facet normal 0 0 -1
    outer loop
      vertex 0.173766 25.6111 0
      vertex -29.2498 31.4638 0
      vertex -29.0626 32.7258 0
    endloop
  endfacet
  facet normal 0 0 -1
    outer loop
      vertex -37.0251 21.9896 0
      vertex -25.5446 -5.72682 0
      vertex -29.5178 -7.14843 0
    endloop
  endfacet
  facet normal 0 0 -1
    outer loop
      vertex -0.851565 21.5178 0
      vertex -29.5598 30.2263 0
      vertex -29.2498 31.4638 0
    endloop
  endfacet
  facet normal 0 0 -1
    outer loop
      vertex -2.27318 17.5446 0
      vertex -29.9896 29.0251 0
      vertex -29.5598 30.2263 0
    endloop
  endfacet
  facet normal 0 0 -1
    outer loop
      vertex -4.07738 13.7299 0
      vertex -30.535 27.8718 0
      vertex -29.9896 29.0251 0
    endloop
  endfacet
  facet normal 0 0 -1
    outer loop
      vertex -6.24681 10.1105 0
      vertex -31.1909 26.7776 0
      vertex -30.535 27.8718 0
    endloop
  endfacet
  facet normal 0 0 -1
    outer loop
      vertex -8.76055 6.72109 0
      vertex -31.9509 25.7529 0
      vertex -31.1909 26.7776 0
    endloop
  endfacet
  facet normal 0 0 -1
    outer loop
      vertex -11.5944 3.59441 0
      vertex -32.8076 24.8076 0
      vertex -31.9509 25.7529 0
    endloop
  endfacet
  facet normal 0 0 -1
    outer loop
      vertex -38.2263 21.5598 0
      vertex -29.5178 -7.14843 0
      vertex -33.6111 -8.17377 0
    endloop
  endfacet
  facet normal 0 0 -1
    outer loop
      vertex -14.7211 0.76055 0
      vertex -33.7529 23.9509 0
      vertex -32.8076 24.8076 0
    endloop
  endfacet
  facet normal 0 0 -1
    outer loop
      vertex -18.1105 -1.75319 0
      vertex -34.7776 23.1909 0
      vertex -33.7529 23.9509 0
    endloop
  endfacet
  facet normal 0 0 -1
    outer loop
      vertex -21.7299 -3.92261 0
      vertex -35.8718 22.535 0
      vertex -34.7776 23.1909 0
    endloop
  endfacet
  facet normal 0 0 -1
    outer loop
      vertex -25.5446 -5.72682 0
      vertex -37.0251 21.9896 0
      vertex -35.8718 22.535 0
    endloop
  endfacet
  facet normal 0 0 -1
    outer loop
      vertex -39.4638 21.2498 0
      vertex -33.6111 -8.17377 0
      vertex -37.7853 -8.79294 0
    endloop
  endfacet
  facet normal 0 0 -1
    outer loop
      vertex -29.5178 -7.14843 0
      vertex -38.2263 21.5598 0
      vertex -37.0251 21.9896 0
    endloop
  endfacet
  facet normal 0 0 -1
    outer loop
      vertex -33.6111 -8.17377 0
      vertex -39.4638 21.2498 0
      vertex -38.2263 21.5598 0
    endloop
  endfacet
  facet normal 0 0 -1
    outer loop
      vertex -37.7853 -8.79294 0
      vertex -40.7258 21.0626 0
      vertex -39.4638 21.2498 0
    endloop
  endfacet
  facet normal 0 0 -1
    outer loop
      vertex -42 -9 0
      vertex -40.7258 21.0626 0
      vertex -37.7853 -8.79294 0
    endloop
  endfacet
  facet normal 0 0 -1
    outer loop
      vertex -42 -9 0
      vertex -42 21 0
      vertex -40.7258 21.0626 0
    endloop
  endfacet
  facet normal 0 0 -1
    outer loop
      vertex -42 -9 0
      vertex -43.2742 21.0626 0
      vertex -42 21 0
    endloop
  endfacet
  facet normal 0 0 -1
    outer loop
      vertex -46.2147 -8.79294 0
      vertex -43.2742 21.0626 0
      vertex -42 -9 0
    endloop
  endfacet
  facet normal -0 0 -1
    outer loop
      vertex -43.2742 21.0626 0
      vertex -46.2147 -8.79294 0
      vertex -44.5362 21.2498 0
    endloop
  endfacet
  facet normal 0 0 -1
    outer loop
      vertex -50.3889 -8.17377 0
      vertex -44.5362 21.2498 0
      vertex -46.2147 -8.79294 0
    endloop
  endfacet
  facet normal -0 0 -1
    outer loop
      vertex -44.5362 21.2498 0
      vertex -50.3889 -8.17377 0
      vertex -45.7737 21.5598 0
    endloop
  endfacet
  facet normal 0 0 -1
    outer loop
      vertex -54.4822 -7.14843 0
      vertex -45.7737 21.5598 0
      vertex -50.3889 -8.17377 0
    endloop
  endfacet
  facet normal -0 0 -1
    outer loop
      vertex -45.7737 21.5598 0
      vertex -54.4822 -7.14843 0
      vertex -46.9749 21.9896 0
    endloop
  endfacet
  facet normal 0 0 -1
    outer loop
      vertex -58.4554 -5.72682 0
      vertex -46.9749 21.9896 0
      vertex -54.4822 -7.14843 0
    endloop
  endfacet
  facet normal -0 0 -1
    outer loop
      vertex -46.9749 21.9896 0
      vertex -58.4554 -5.72682 0
      vertex -48.1282 22.535 0
    endloop
  endfacet
  facet normal 0 0 -1
    outer loop
      vertex -62.2701 -3.92261 0
      vertex -48.1282 22.535 0
      vertex -58.4554 -5.72682 0
    endloop
  endfacet
  facet normal -0 0 -1
    outer loop
      vertex -48.1282 22.535 0
      vertex -62.2701 -3.92261 0
      vertex -49.2224 23.1909 0
    endloop
  endfacet
  facet normal 0 0 -1
    outer loop
      vertex -65.8895 -1.75319 0
      vertex -49.2224 23.1909 0
      vertex -62.2701 -3.92261 0
    endloop
  endfacet
  facet normal -0 0 -1
    outer loop
      vertex -49.2224 23.1909 0
      vertex -65.8895 -1.75319 0
      vertex -50.2471 23.9509 0
    endloop
  endfacet
  facet normal 0 0 -1
    outer loop
      vertex -69.2789 0.76055 0
      vertex -50.2471 23.9509 0
      vertex -65.8895 -1.75319 0
    endloop
  endfacet
  facet normal -0 0 -1
    outer loop
      vertex -50.2471 23.9509 0
      vertex -69.2789 0.76055 0
      vertex -51.1924 24.8076 0
    endloop
  endfacet
  facet normal 0 0 -1
    outer loop
      vertex -72.4056 3.59441 0
      vertex -51.1924 24.8076 0
      vertex -69.2789 0.76055 0
    endloop
  endfacet
  facet normal -0 0 -1
    outer loop
      vertex -51.1924 24.8076 0
      vertex -72.4056 3.59441 0
      vertex -52.0491 25.7529 0
    endloop
  endfacet
  facet normal 0 0 -1
    outer loop
      vertex -75.2394 6.72109 0
      vertex -52.0491 25.7529 0
      vertex -72.4056 3.59441 0
    endloop
  endfacet
  facet normal -0 0 -1
    outer loop
      vertex -52.0491 25.7529 0
      vertex -75.2394 6.72109 0
      vertex -52.8091 26.7776 0
    endloop
  endfacet
  facet normal 0 0 -1
    outer loop
      vertex -77.7532 10.1105 0
      vertex -52.8091 26.7776 0
      vertex -75.2394 6.72109 0
    endloop
  endfacet
  facet normal -0 0 -1
    outer loop
      vertex -6.24681 57.8895 0
      vertex -31.1909 41.2224 0
      vertex -8.76055 61.2789 0
    endloop
  endfacet
  facet normal 0 0 -1
    outer loop
      vertex -31.9509 42.2471 0
      vertex -8.76055 61.2789 0
      vertex -31.1909 41.2224 0
    endloop
  endfacet
  facet normal -0 0 -1
    outer loop
      vertex -8.76055 61.2789 0
      vertex -31.9509 42.2471 0
      vertex -11.5944 64.4056 0
    endloop
  endfacet
  facet normal 0 0 -1
    outer loop
      vertex -32.8076 43.1924 0
      vertex -11.5944 64.4056 0
      vertex -31.9509 42.2471 0
    endloop
  endfacet
  facet normal -0 0 -1
    outer loop
      vertex -11.5944 64.4056 0
      vertex -32.8076 43.1924 0
      vertex -14.7211 67.2394 0
    endloop
  endfacet
  facet normal 0 0 -1
    outer loop
      vertex -33.7529 44.0491 0
      vertex -14.7211 67.2394 0
      vertex -32.8076 43.1924 0
    endloop
  endfacet
  facet normal -0 0 -1
    outer loop
      vertex -14.7211 67.2394 0
      vertex -33.7529 44.0491 0
      vertex -18.1105 69.7532 0
    endloop
  endfacet
  facet normal 0 0 -1
    outer loop
      vertex -34.7776 44.8091 0
      vertex -18.1105 69.7532 0
      vertex -33.7529 44.0491 0
    endloop
  endfacet
  facet normal -0 0 -1
    outer loop
      vertex -18.1105 69.7532 0
      vertex -34.7776 44.8091 0
      vertex -21.7299 71.9226 0
    endloop
  endfacet
  facet normal 0 0 -1
    outer loop
      vertex -35.8718 45.465 0
      vertex -21.7299 71.9226 0
      vertex -34.7776 44.8091 0
    endloop
  endfacet
  facet normal -0 0 -1
    outer loop
      vertex -21.7299 71.9226 0
      vertex -35.8718 45.465 0
      vertex -25.5446 73.7268 0
    endloop
  endfacet
  facet normal 0 0 -1
    outer loop
      vertex -37.0251 46.0104 0
      vertex -25.5446 73.7268 0
      vertex -35.8718 45.465 0
    endloop
  endfacet
  facet normal -0 0 -1
    outer loop
      vertex -25.5446 73.7268 0
      vertex -37.0251 46.0104 0
      vertex -29.5178 75.1484 0
    endloop
  endfacet
  facet normal 0 0 -1
    outer loop
      vertex -38.2263 46.4402 0
      vertex -29.5178 75.1484 0
      vertex -37.0251 46.0104 0
    endloop
  endfacet
  facet normal -0 0 -1
    outer loop
      vertex -29.5178 75.1484 0
      vertex -38.2263 46.4402 0
      vertex -33.6111 76.1738 0
    endloop
  endfacet
  facet normal 0 0 -1
    outer loop
      vertex -39.4638 46.7502 0
      vertex -33.6111 76.1738 0
      vertex -38.2263 46.4402 0
    endloop
  endfacet
  facet normal -0 0 -1
    outer loop
      vertex -33.6111 76.1738 0
      vertex -39.4638 46.7502 0
      vertex -37.7853 76.7929 0
    endloop
  endfacet
  facet normal 0 0 -1
    outer loop
      vertex -40.7258 46.9374 0
      vertex -37.7853 76.7929 0
      vertex -39.4638 46.7502 0
    endloop
  endfacet
  facet normal 0 0 -1
    outer loop
      vertex -42 47 0
      vertex -37.7853 76.7929 0
      vertex -40.7258 46.9374 0
    endloop
  endfacet
  facet normal 0 0 -1
    outer loop
      vertex -42 47 0
      vertex -42 77 0
      vertex -37.7853 76.7929 0
    endloop
  endfacet
  facet normal 0 0 -1
    outer loop
      vertex -43.2742 46.9374 0
      vertex -42 77 0
      vertex -42 47 0
    endloop
  endfacet
  facet normal 0 0 -1
    outer loop
      vertex -46.2147 76.7929 0
      vertex -43.2742 46.9374 0
      vertex -44.5362 46.7502 0
    endloop
  endfacet
  facet normal 0 0 -1
    outer loop
      vertex -50.3889 76.1738 0
      vertex -44.5362 46.7502 0
      vertex -45.7737 46.4402 0
    endloop
  endfacet
  facet normal 0 0 -1
    outer loop
      vertex -43.2742 46.9374 0
      vertex -46.2147 76.7929 0
      vertex -42 77 0
    endloop
  endfacet
  facet normal 0 0 -1
    outer loop
      vertex -54.4822 75.1484 0
      vertex -45.7737 46.4402 0
      vertex -46.9749 46.0104 0
    endloop
  endfacet
  facet normal 0 0 -1
    outer loop
      vertex -58.4554 73.7268 0
      vertex -46.9749 46.0104 0
      vertex -48.1282 45.465 0
    endloop
  endfacet
  facet normal 0 0 -1
    outer loop
      vertex -62.2701 71.9226 0
      vertex -48.1282 45.465 0
      vertex -49.2224 44.8091 0
    endloop
  endfacet
  facet normal 0 0 -1
    outer loop
      vertex -65.8895 69.7532 0
      vertex -49.2224 44.8091 0
      vertex -50.2471 44.0491 0
    endloop
  endfacet
  facet normal 0 0 -1
    outer loop
      vertex -44.5362 46.7502 0
      vertex -50.3889 76.1738 0
      vertex -46.2147 76.7929 0
    endloop
  endfacet
  facet normal 0 0 -1
    outer loop
      vertex -69.2789 67.2394 0
      vertex -50.2471 44.0491 0
      vertex -51.1924 43.1924 0
    endloop
  endfacet
  facet normal 0 0 -1
    outer loop
      vertex -72.4056 64.4056 0
      vertex -51.1924 43.1924 0
      vertex -52.0491 42.2471 0
    endloop
  endfacet
  facet normal 0 0 -1
    outer loop
      vertex -75.2394 61.2789 0
      vertex -52.0491 42.2471 0
      vertex -52.8091 41.2224 0
    endloop
  endfacet
  facet normal 0 0 -1
    outer loop
      vertex -77.7532 57.8895 0
      vertex -52.8091 41.2224 0
      vertex -53.465 40.1282 0
    endloop
  endfacet
  facet normal 0 0 -1
    outer loop
      vertex -79.9226 54.2701 0
      vertex -53.465 40.1282 0
      vertex -54.0104 38.9749 0
    endloop
  endfacet
  facet normal 0 0 -1
    outer loop
      vertex -81.7268 50.4554 0
      vertex -54.0104 38.9749 0
      vertex -54.4402 37.7737 0
    endloop
  endfacet
  facet normal 0 0 -1
    outer loop
      vertex -45.7737 46.4402 0
      vertex -54.4822 75.1484 0
      vertex -50.3889 76.1738 0
    endloop
  endfacet
  facet normal 0 0 -1
    outer loop
      vertex -83.1484 46.4822 0
      vertex -54.4402 37.7737 0
      vertex -54.7502 36.5362 0
    endloop
  endfacet
  facet normal 0 0 -1
    outer loop
      vertex -84.1738 42.3889 0
      vertex -54.7502 36.5362 0
      vertex -54.9374 35.2742 0
    endloop
  endfacet
  facet normal 0 0 -1
    outer loop
      vertex -84.7929 38.2147 0
      vertex -54.9374 35.2742 0
      vertex -55 34 0
    endloop
  endfacet
  facet normal -0 0 -1
    outer loop
      vertex -52.8091 26.7776 0
      vertex -77.7532 10.1105 0
      vertex -53.465 27.8718 0
    endloop
  endfacet
  facet normal 0 0 -1
    outer loop
      vertex -46.9749 46.0104 0
      vertex -58.4554 73.7268 0
      vertex -54.4822 75.1484 0
    endloop
  endfacet
  facet normal 0 0 -1
    outer loop
      vertex -79.9226 13.7299 0
      vertex -53.465 27.8718 0
      vertex -77.7532 10.1105 0
    endloop
  endfacet
  facet normal 0 0 -1
    outer loop
      vertex -48.1282 45.465 0
      vertex -62.2701 71.9226 0
      vertex -58.4554 73.7268 0
    endloop
  endfacet
  facet normal -0 0 -1
    outer loop
      vertex -53.465 27.8718 0
      vertex -79.9226 13.7299 0
      vertex -54.0104 29.0251 0
    endloop
  endfacet
  facet normal 0 0 -1
    outer loop
      vertex -49.2224 44.8091 0
      vertex -65.8895 69.7532 0
      vertex -62.2701 71.9226 0
    endloop
  endfacet
  facet normal 0 0 -1
    outer loop
      vertex -81.7268 17.5446 0
      vertex -54.0104 29.0251 0
      vertex -79.9226 13.7299 0
    endloop
  endfacet
  facet normal 0 0 -1
    outer loop
      vertex -50.2471 44.0491 0
      vertex -69.2789 67.2394 0
      vertex -65.8895 69.7532 0
    endloop
  endfacet
  facet normal -0 0 -1
    outer loop
      vertex -54.0104 29.0251 0
      vertex -81.7268 17.5446 0
      vertex -54.4402 30.2263 0
    endloop
  endfacet
  facet normal 0 0 -1
    outer loop
      vertex -51.1924 43.1924 0
      vertex -72.4056 64.4056 0
      vertex -69.2789 67.2394 0
    endloop
  endfacet
  facet normal 0 0 -1
    outer loop
      vertex -83.1484 21.5178 0
      vertex -54.4402 30.2263 0
      vertex -81.7268 17.5446 0
    endloop
  endfacet
  facet normal 0 0 -1
    outer loop
      vertex -52.0491 42.2471 0
      vertex -75.2394 61.2789 0
      vertex -72.4056 64.4056 0
    endloop
  endfacet
  facet normal -0 0 -1
    outer loop
      vertex -54.4402 30.2263 0
      vertex -83.1484 21.5178 0
      vertex -54.7502 31.4638 0
    endloop
  endfacet
  facet normal 0 0 -1
    outer loop
      vertex -52.8091 41.2224 0
      vertex -77.7532 57.8895 0
      vertex -75.2394 61.2789 0
    endloop
  endfacet
  facet normal 0 0 -1
    outer loop
      vertex -84.1738 25.6111 0
      vertex -54.7502 31.4638 0
      vertex -83.1484 21.5178 0
    endloop
  endfacet
  facet normal 0 0 -1
    outer loop
      vertex -53.465 40.1282 0
      vertex -79.9226 54.2701 0
      vertex -77.7532 57.8895 0
    endloop
  endfacet
  facet normal -0 0 -1
    outer loop
      vertex -54.7502 31.4638 0
      vertex -84.1738 25.6111 0
      vertex -54.9374 32.7258 0
    endloop
  endfacet
  facet normal 0 0 -1
    outer loop
      vertex -54.0104 38.9749 0
      vertex -81.7268 50.4554 0
      vertex -79.9226 54.2701 0
    endloop
  endfacet
  facet normal 0 0 -1
    outer loop
      vertex -84.7929 29.7853 0
      vertex -54.9374 32.7258 0
      vertex -84.1738 25.6111 0
    endloop
  endfacet
  facet normal 0 0 -1
    outer loop
      vertex -54.4402 37.7737 0
      vertex -83.1484 46.4822 0
      vertex -81.7268 50.4554 0
    endloop
  endfacet
  facet normal -0 0 -1
    outer loop
      vertex -54.9374 32.7258 0
      vertex -84.7929 29.7853 0
      vertex -55 34 0
    endloop
  endfacet
  facet normal 0 0 -1
    outer loop
      vertex -54.7502 36.5362 0
      vertex -84.1738 42.3889 0
      vertex -83.1484 46.4822 0
    endloop
  endfacet
  facet normal 0 0 -1
    outer loop
      vertex -85 34 0
      vertex -55 34 0
      vertex -84.7929 29.7853 0
    endloop
  endfacet
  facet normal 0 0 -1
    outer loop
      vertex -54.9374 35.2742 0
      vertex -84.7929 38.2147 0
      vertex -84.1738 42.3889 0
    endloop
  endfacet
  facet normal 0 0 -1
    outer loop
      vertex -55 34 0
      vertex -85 34 0
      vertex -84.7929 38.2147 0
    endloop
  endfacet
  facet normal -0.70668 0.0347188 -0.70668
    outer loop
      vertex -86.7833 38.4108 2
      vertex -85 34 0
      vertex -87 34 2
    endloop
  endfacet
  facet normal -0.706674 0.0347242 -0.706687
    outer loop
      vertex -84.7929 38.2147 0
      vertex -85 34 0
      vertex -86.7833 38.4108 2
    endloop
  endfacet
  facet normal -0.989176 0.146736 0
    outer loop
      vertex -86.7833 38.4108 2
      vertex -86.1353 42.7791 10
      vertex -86.1353 42.7791 2
    endloop
  endfacet
  facet normal -0.989176 0.146736 0
    outer loop
      vertex -86.1353 42.7791 10
      vertex -86.7833 38.4108 2
      vertex -86.7833 38.4108 10
    endloop
  endfacet
  facet normal -0.69987 0.103802 0.706688
    outer loop
      vertex -84.7929 38.2147 12
      vertex -84.1738 42.3889 12
      vertex -86.7833 38.4108 10
    endloop
  endfacet
  facet normal -0.699886 0.103822 0.706669
    outer loop
      vertex -84.1738 42.3889 12
      vertex -86.1353 42.7791 10
      vertex -86.7833 38.4108 10
    endloop
  endfacet
  facet normal 0.69987 -0.103818 0.706685
    outer loop
      vertex -53.9422 35.1762 11
      vertex -53.7694 36.3411 11
      vertex -54.9374 35.2742 12
    endloop
  endfacet
  facet normal 0.699869 -0.103816 0.706686
    outer loop
      vertex -53.7694 36.3411 11
      vertex -54.7502 36.5362 12
      vertex -54.9374 35.2742 12
    endloop
  endfacet
  facet normal 0.989176 -0.146733 0
    outer loop
      vertex -53.9422 35.1762 11
      vertex -53.7694 36.3411 1
      vertex -53.7694 36.3411 11
    endloop
  endfacet
  facet normal 0.989176 -0.146733 0
    outer loop
      vertex -53.7694 36.3411 1
      vertex -53.9422 35.1762 11
      vertex -53.9422 35.1762 1
    endloop
  endfacet
  facet normal 0.69987 -0.103816 -0.706685
    outer loop
      vertex -54.7502 36.5362 0
      vertex -53.9422 35.1762 1
      vertex -54.9374 35.2742 0
    endloop
  endfacet
  facet normal 0.699869 -0.103818 -0.706686
    outer loop
      vertex -53.7694 36.3411 1
      vertex -53.9422 35.1762 1
      vertex -54.7502 36.5362 0
    endloop
  endfacet
  facet normal -0.699867 0.103819 -0.706687
    outer loop
      vertex -86.1353 42.7791 2
      vertex -84.7929 38.2147 0
      vertex -86.7833 38.4108 2
    endloop
  endfacet
  facet normal -0.699889 0.103805 -0.706668
    outer loop
      vertex -84.1738 42.3889 0
      vertex -84.7929 38.2147 0
      vertex -86.1353 42.7791 2
    endloop
  endfacet
  facet normal -0.970032 0.242978 0
    outer loop
      vertex -86.1353 42.7791 2
      vertex -85.0623 47.0628 10
      vertex -85.0623 47.0628 2
    endloop
  endfacet
  facet normal -0.970032 0.242978 0
    outer loop
      vertex -85.0623 47.0628 10
      vertex -86.1353 42.7791 2
      vertex -86.1353 42.7791 10
    endloop
  endfacet
  facet normal -0.686337 0.171932 0.706669
    outer loop
      vertex -84.1738 42.3889 12
      vertex -83.1484 46.4822 12
      vertex -86.1353 42.7791 10
    endloop
  endfacet
  facet normal -0.686325 0.171914 0.706685
    outer loop
      vertex -83.1484 46.4822 12
      vertex -85.0623 47.0628 10
      vertex -86.1353 42.7791 10
    endloop
  endfacet
  facet normal 0.686327 -0.171897 0.706687
    outer loop
      vertex -53.7694 36.3411 11
      vertex -53.4833 37.4834 11
      vertex -54.7502 36.5362 12
    endloop
  endfacet
  facet normal 0.686338 -0.171931 0.706668
    outer loop
      vertex -53.4833 37.4834 11
      vertex -54.4402 37.7737 12
      vertex -54.7502 36.5362 12
    endloop
  endfacet
  facet normal 0.970038 -0.242955 0
    outer loop
      vertex -53.7694 36.3411 11
      vertex -53.4833 37.4834 1
      vertex -53.4833 37.4834 11
    endloop
  endfacet
  facet normal 0.970038 -0.242955 0
    outer loop
      vertex -53.4833 37.4834 1
      vertex -53.7694 36.3411 11
      vertex -53.7694 36.3411 1
    endloop
  endfacet
  facet normal 0.686321 -0.171927 -0.706686
    outer loop
      vertex -54.4402 37.7737 0
      vertex -53.7694 36.3411 1
      vertex -54.7502 36.5362 0
    endloop
  endfacet
  facet normal 0.686346 -0.171902 -0.706668
    outer loop
      vertex -53.4833 37.4834 1
      vertex -53.7694 36.3411 1
      vertex -54.4402 37.7737 0
    endloop
  endfacet
  facet normal -0.68634 0.171918 -0.706669
    outer loop
      vertex -85.0623 47.0628 2
      vertex -84.1738 42.3889 0
      vertex -86.1353 42.7791 2
    endloop
  endfacet
  facet normal -0.686321 0.171928 -0.706685
    outer loop
      vertex -83.1484 46.4822 0
      vertex -84.1738 42.3889 0
      vertex -85.0623 47.0628 2
    endloop
  endfacet
  facet normal -0.941548 0.336879 0
    outer loop
      vertex -85.0623 47.0628 2
      vertex -83.5746 51.2208 10
      vertex -83.5746 51.2208 2
    endloop
  endfacet
  facet normal -0.941548 0.336879 0
    outer loop
      vertex -83.5746 51.2208 10
      vertex -85.0623 47.0628 2
      vertex -85.0623 47.0628 10
    endloop
  endfacet
  facet normal -0.66617 0.238354 0.706686
    outer loop
      vertex -83.1484 46.4822 12
      vertex -81.7268 50.4554 12
      vertex -85.0623 47.0628 10
    endloop
  endfacet
  facet normal -0.666168 0.23835 0.706689
    outer loop
      vertex -81.7268 50.4554 12
      vertex -83.5746 51.2208 10
      vertex -85.0623 47.0628 10
    endloop
  endfacet
  facet normal 0.66619 -0.238346 0.706669
    outer loop
      vertex -53.4833 37.4834 11
      vertex -53.0866 38.5922 11
      vertex -54.4402 37.7737 12
    endloop
  endfacet
  facet normal 0.666196 -0.238371 0.706656
    outer loop
      vertex -53.0866 38.5922 11
      vertex -54.0104 38.9749 12
      vertex -54.4402 37.7737 12
    endloop
  endfacet
  facet normal 0.941553 -0.336864 0
    outer loop
      vertex -53.4833 37.4834 11
      vertex -53.0866 38.5922 1
      vertex -53.0866 38.5922 11
    endloop
  endfacet
  facet normal 0.941553 -0.336864 0
    outer loop
      vertex -53.0866 38.5922 1
      vertex -53.4833 37.4834 11
      vertex -53.4833 37.4834 1
    endloop
  endfacet
  facet normal 0.666184 -0.238366 -0.706669
    outer loop
      vertex -54.0104 38.9749 0
      vertex -53.4833 37.4834 1
      vertex -54.4402 37.7737 0
    endloop
  endfacet
  facet normal 0.666203 -0.23835 -0.706655
    outer loop
      vertex -53.0866 38.5922 1
      vertex -53.4833 37.4834 1
      vertex -54.0104 38.9749 0
    endloop
  endfacet
  facet normal -0.666171 0.238351 -0.706686
    outer loop
      vertex -83.5746 51.2208 2
      vertex -83.1484 46.4822 0
      vertex -85.0623 47.0628 2
    endloop
  endfacet
  facet normal -0.666167 0.238353 -0.706689
    outer loop
      vertex -81.7268 50.4554 0
      vertex -83.1484 46.4822 0
      vertex -83.5746 51.2208 2
    endloop
  endfacet
  facet normal -0.903991 0.427551 0
    outer loop
      vertex -83.5746 51.2208 2
      vertex -81.6865 55.2129 10
      vertex -81.6865 55.2129 2
    endloop
  endfacet
  facet normal -0.903991 0.427551 0
    outer loop
      vertex -81.6865 55.2129 10
      vertex -83.5746 51.2208 2
      vertex -83.5746 51.2208 10
    endloop
  endfacet
  facet normal -0.639595 0.302503 0.70669
    outer loop
      vertex -81.7268 50.4554 12
      vertex -79.9226 54.2701 12
      vertex -83.5746 51.2208 10
    endloop
  endfacet
  facet normal -0.639595 0.302502 0.70669
    outer loop
      vertex -79.9226 54.2701 12
      vertex -81.6865 55.2129 10
      vertex -83.5746 51.2208 10
    endloop
  endfacet
  facet normal 0.639627 -0.30251 0.706658
    outer loop
      vertex -53.0866 38.5922 11
      vertex -52.5831 39.6568 11
      vertex -54.0104 38.9749 12
    endloop
  endfacet
  facet normal 0.639624 -0.30248 0.706673
    outer loop
      vertex -52.5831 39.6568 11
      vertex -53.465 40.1282 12
      vertex -54.0104 38.9749 12
    endloop
  endfacet
  facet normal 0.903995 -0.427542 0
    outer loop
      vertex -53.0866 38.5922 11
      vertex -52.5831 39.6568 1
      vertex -52.5831 39.6568 11
    endloop
  endfacet
  facet normal 0.903995 -0.427542 0
    outer loop
      vertex -52.5831 39.6568 1
      vertex -53.0866 38.5922 11
      vertex -53.0866 38.5922 1
    endloop
  endfacet
  facet normal 0.639637 -0.302487 -0.706658
    outer loop
      vertex -53.465 40.1282 0
      vertex -53.0866 38.5922 1
      vertex -54.0104 38.9749 0
    endloop
  endfacet
  facet normal 0.639612 -0.302503 -0.706674
    outer loop
      vertex -52.5831 39.6568 1
      vertex -53.0866 38.5922 1
      vertex -53.465 40.1282 0
    endloop
  endfacet
  facet normal -0.639595 0.302502 -0.70669
    outer loop
      vertex -81.6865 55.2129 2
      vertex -81.7268 50.4554 0
      vertex -83.5746 51.2208 2
    endloop
  endfacet
  facet normal -0.639595 0.302503 -0.70669
    outer loop
      vertex -81.6865 55.2129 2
      vertex -79.9226 54.2701 0
      vertex -81.7268 50.4554 0
    endloop
  endfacet
  facet normal -0.857721 0.514116 0
    outer loop
      vertex -81.6865 55.2129 2
      vertex -79.4161 59.0007 10
      vertex -79.4161 59.0007 2
    endloop
  endfacet
  facet normal -0.857721 0.514116 0
    outer loop
      vertex -79.4161 59.0007 10
      vertex -81.6865 55.2129 2
      vertex -81.6865 55.2129 10
    endloop
  endfacet
  facet normal -0.606862 0.363742 0.70669
    outer loop
      vertex -79.9226 54.2701 12
      vertex -77.7532 57.8895 12
      vertex -81.6865 55.2129 10
    endloop
  endfacet
  facet normal -0.606866 0.363754 0.70668
    outer loop
      vertex -77.7532 57.8895 12
      vertex -79.4161 59.0007 10
      vertex -81.6865 55.2129 10
    endloop
  endfacet
  facet normal 0.606843 -0.363806 0.706673
    outer loop
      vertex -52.5831 39.6568 11
      vertex -51.9776 40.6668 11
      vertex -53.465 40.1282 12
    endloop
  endfacet
  facet normal 0.606843 -0.363762 0.706696
    outer loop
      vertex -51.9776 40.6668 11
      vertex -52.8091 41.2224 12
      vertex -53.465 40.1282 12
    endloop
  endfacet
  facet normal 0.85768 -0.514184 0
    outer loop
      vertex -52.5831 39.6568 11
      vertex -51.9776 40.6668 1
      vertex -51.9776 40.6668 11
    endloop
  endfacet
  facet normal 0.85768 -0.514184 0
    outer loop
      vertex -51.9776 40.6668 1
      vertex -52.5831 39.6568 11
      vertex -52.5831 39.6568 1
    endloop
  endfacet
  facet normal 0.606862 -0.363773 -0.706674
    outer loop
      vertex -52.8091 41.2224 0
      vertex -52.5831 39.6568 1
      vertex -53.465 40.1282 0
    endloop
  endfacet
  facet normal 0.606823 -0.363793 -0.706697
    outer loop
      vertex -51.9776 40.6668 1
      vertex -52.5831 39.6568 1
      vertex -52.8091 41.2224 0
    endloop
  endfacet
  facet normal -0.606858 0.363749 -0.70669
    outer loop
      vertex -79.4161 59.0007 2
      vertex -79.9226 54.2701 0
      vertex -81.6865 55.2129 2
    endloop
  endfacet
  facet normal -0.60687 0.363747 -0.70668
    outer loop
      vertex -79.4161 59.0007 2
      vertex -77.7532 57.8895 0
      vertex -79.9226 54.2701 0
    endloop
  endfacet
  facet normal -0.803211 0.595694 0
    outer loop
      vertex -79.4161 59.0007 2
      vertex -76.7855 62.5477 10
      vertex -76.7855 62.5477 2
    endloop
  endfacet
  facet normal -0.803211 0.595694 0
    outer loop
      vertex -76.7855 62.5477 10
      vertex -79.4161 59.0007 2
      vertex -79.4161 59.0007 10
    endloop
  endfacet
  facet normal -0.568291 0.421482 0.706681
    outer loop
      vertex -77.7532 57.8895 12
      vertex -75.2394 61.2789 12
      vertex -79.4161 59.0007 10
    endloop
  endfacet
  facet normal -0.568288 0.421466 0.706693
    outer loop
      vertex -75.2394 61.2789 12
      vertex -76.7855 62.5477 10
      vertex -79.4161 59.0007 10
    endloop
  endfacet
  facet normal 0.568291 -0.421457 0.706696
    outer loop
      vertex -51.9776 40.6668 11
      vertex -51.2761 41.6127 11
      vertex -52.8091 41.2224 12
    endloop
  endfacet
  facet normal 0.568288 -0.421488 0.706679
    outer loop
      vertex -51.2761 41.6127 11
      vertex -52.0491 42.2471 12
      vertex -52.8091 41.2224 12
    endloop
  endfacet
  facet normal 0.803219 -0.595684 0
    outer loop
      vertex -51.9776 40.6668 11
      vertex -51.2761 41.6127 1
      vertex -51.2761 41.6127 11
    endloop
  endfacet
  facet normal 0.803219 -0.595684 0
    outer loop
      vertex -51.2761 41.6127 1
      vertex -51.9776 40.6668 11
      vertex -51.9776 40.6668 1
    endloop
  endfacet
  facet normal 0.568276 -0.421479 -0.706695
    outer loop
      vertex -52.0491 42.2471 0
      vertex -51.9776 40.6668 1
      vertex -52.8091 41.2224 0
    endloop
  endfacet
  facet normal 0.568305 -0.421467 -0.706679
    outer loop
      vertex -51.2761 41.6127 1
      vertex -51.9776 40.6668 1
      vertex -52.0491 42.2471 0
    endloop
  endfacet
  facet normal -0.568298 0.421473 -0.706681
    outer loop
      vertex -76.7855 62.5477 2
      vertex -77.7532 57.8895 0
      vertex -79.4161 59.0007 2
    endloop
  endfacet
  facet normal -0.568281 0.421475 -0.706693
    outer loop
      vertex -76.7855 62.5477 2
      vertex -75.2394 61.2789 0
      vertex -77.7532 57.8895 0
    endloop
  endfacet
  facet normal -0.740946 0.671564 0
    outer loop
      vertex -76.7855 62.5477 2
      vertex -73.8198 65.8198 10
      vertex -73.8198 65.8198 2
    endloop
  endfacet
  facet normal -0.740946 0.671564 0
    outer loop
      vertex -73.8198 65.8198 10
      vertex -76.7855 62.5477 2
      vertex -76.7855 62.5477 10
    endloop
  endfacet
  facet normal -0.524244 0.475135 0.706693
    outer loop
      vertex -75.2394 61.2789 12
      vertex -72.4056 64.4056 12
      vertex -76.7855 62.5477 10
    endloop
  endfacet
  facet normal -0.524246 0.475156 0.706677
    outer loop
      vertex -72.4056 64.4056 12
      vertex -73.8198 65.8198 10
      vertex -76.7855 62.5477 10
    endloop
  endfacet
  facet normal 0.524271 -0.475124 0.70668
    outer loop
      vertex -51.2761 41.6127 11
      vertex -50.4853 42.4853 11
      vertex -52.0491 42.2471 12
    endloop
  endfacet
  facet normal 0.52427 -0.475131 0.706676
    outer loop
      vertex -50.4853 42.4853 11
      vertex -51.1924 43.1924 12
      vertex -52.0491 42.2471 12
    endloop
  endfacet
  facet normal 0.740984 -0.671522 0
    outer loop
      vertex -51.2761 41.6127 11
      vertex -50.4853 42.4853 1
      vertex -50.4853 42.4853 11
    endloop
  endfacet
  facet normal 0.740984 -0.671522 0
    outer loop
      vertex -50.4853 42.4853 1
      vertex -51.2761 41.6127 11
      vertex -51.2761 41.6127 1
    endloop
  endfacet
  facet normal 0.524267 -0.475129 -0.70668
    outer loop
      vertex -51.1924 43.1924 0
      vertex -51.2761 41.6127 1
      vertex -52.0491 42.2471 0
    endloop
  endfacet
  facet normal 0.524274 -0.475127 -0.706676
    outer loop
      vertex -51.1924 43.1924 0
      vertex -50.4853 42.4853 1
      vertex -51.2761 41.6127 1
    endloop
  endfacet
  facet normal -0.524235 0.475146 -0.706692
    outer loop
      vertex -73.8198 65.8198 2
      vertex -75.2394 61.2789 0
      vertex -76.7855 62.5477 2
    endloop
  endfacet
  facet normal -0.524256 0.475145 -0.706677
    outer loop
      vertex -73.8198 65.8198 2
      vertex -72.4056 64.4056 0
      vertex -75.2394 61.2789 0
    endloop
  endfacet
  facet normal -0.671564 0.740946 0
    outer loop
      vertex -70.5477 68.7855 2
      vertex -73.8198 65.8198 10
      vertex -70.5477 68.7855 10
    endloop
  endfacet
  facet normal -0.671564 0.740946 0
    outer loop
      vertex -73.8198 65.8198 10
      vertex -70.5477 68.7855 2
      vertex -73.8198 65.8198 2
    endloop
  endfacet
  facet normal -0.475145 0.524256 0.706677
    outer loop
      vertex -72.4056 64.4056 12
      vertex -69.2789 67.2394 12
      vertex -73.8198 65.8198 10
    endloop
  endfacet
  facet normal -0.475146 0.524235 0.706692
    outer loop
      vertex -69.2789 67.2394 12
      vertex -70.5477 68.7855 10
      vertex -73.8198 65.8198 10
    endloop
  endfacet
  facet normal 0.475127 -0.524274 0.706676
    outer loop
      vertex -50.4853 42.4853 11
      vertex -49.6127 43.2761 11
      vertex -51.1924 43.1924 12
    endloop
  endfacet
  facet normal 0.475129 -0.524267 0.70668
    outer loop
      vertex -49.6127 43.2761 11
      vertex -50.2471 44.0491 12
      vertex -51.1924 43.1924 12
    endloop
  endfacet
  facet normal 0.671522 -0.740984 0
    outer loop
      vertex -50.4853 42.4853 1
      vertex -49.6127 43.2761 11
      vertex -50.4853 42.4853 11
    endloop
  endfacet
  facet normal 0.671522 -0.740984 0
    outer loop
      vertex -49.6127 43.2761 11
      vertex -50.4853 42.4853 1
      vertex -49.6127 43.2761 1
    endloop
  endfacet
  facet normal 0.475131 -0.52427 -0.706676
    outer loop
      vertex -50.2471 44.0491 0
      vertex -50.4853 42.4853 1
      vertex -51.1924 43.1924 0
    endloop
  endfacet
  facet normal 0.475124 -0.524271 -0.70668
    outer loop
      vertex -50.2471 44.0491 0
      vertex -49.6127 43.2761 1
      vertex -50.4853 42.4853 1
    endloop
  endfacet
  facet normal -0.475156 0.524246 -0.706677
    outer loop
      vertex -70.5477 68.7855 2
      vertex -72.4056 64.4056 0
      vertex -73.8198 65.8198 2
    endloop
  endfacet
  facet normal -0.475135 0.524244 -0.706693
    outer loop
      vertex -70.5477 68.7855 2
      vertex -69.2789 67.2394 0
      vertex -72.4056 64.4056 0
    endloop
  endfacet
  facet normal -0.595694 0.803211 0
    outer loop
      vertex -67.0007 71.4161 2
      vertex -70.5477 68.7855 10
      vertex -67.0007 71.4161 10
    endloop
  endfacet
  facet normal -0.595694 0.803211 0
    outer loop
      vertex -70.5477 68.7855 10
      vertex -67.0007 71.4161 2
      vertex -70.5477 68.7855 2
    endloop
  endfacet
  facet normal -0.421475 0.568281 0.706693
    outer loop
      vertex -69.2789 67.2394 12
      vertex -65.8895 69.7532 12
      vertex -70.5477 68.7855 10
    endloop
  endfacet
  facet normal -0.421473 0.568298 0.706681
    outer loop
      vertex -65.8895 69.7532 12
      vertex -67.0007 71.4161 10
      vertex -70.5477 68.7855 10
    endloop
  endfacet
  facet normal 0.421467 -0.568305 0.706679
    outer loop
      vertex -49.6127 43.2761 11
      vertex -48.6668 43.9776 11
      vertex -50.2471 44.0491 12
    endloop
  endfacet
  facet normal 0.421479 -0.568276 0.706695
    outer loop
      vertex -48.6668 43.9776 11
      vertex -49.2224 44.8091 12
      vertex -50.2471 44.0491 12
    endloop
  endfacet
  facet normal 0.595684 -0.803219 0
    outer loop
      vertex -49.6127 43.2761 1
      vertex -48.6668 43.9776 11
      vertex -49.6127 43.2761 11
    endloop
  endfacet
  facet normal 0.595684 -0.803219 0
    outer loop
      vertex -48.6668 43.9776 11
      vertex -49.6127 43.2761 1
      vertex -48.6668 43.9776 1
    endloop
  endfacet
  facet normal 0.421488 -0.568288 -0.706679
    outer loop
      vertex -49.2224 44.8091 0
      vertex -49.6127 43.2761 1
      vertex -50.2471 44.0491 0
    endloop
  endfacet
  facet normal 0.421457 -0.568291 -0.706696
    outer loop
      vertex -49.2224 44.8091 0
      vertex -48.6668 43.9776 1
      vertex -49.6127 43.2761 1
    endloop
  endfacet
  facet normal -0.421466 0.568288 -0.706693
    outer loop
      vertex -67.0007 71.4161 2
      vertex -69.2789 67.2394 0
      vertex -70.5477 68.7855 2
    endloop
  endfacet
  facet normal -0.421482 0.568291 -0.706681
    outer loop
      vertex -67.0007 71.4161 2
      vertex -65.8895 69.7532 0
      vertex -69.2789 67.2394 0
    endloop
  endfacet
  facet normal -0.514116 0.857721 0
    outer loop
      vertex -63.2129 73.6865 2
      vertex -67.0007 71.4161 10
      vertex -63.2129 73.6865 10
    endloop
  endfacet
  facet normal -0.514116 0.857721 0
    outer loop
      vertex -67.0007 71.4161 10
      vertex -63.2129 73.6865 2
      vertex -67.0007 71.4161 2
    endloop
  endfacet
  facet normal -0.363747 0.60687 0.70668
    outer loop
      vertex -65.8895 69.7532 12
      vertex -62.2701 71.9226 12
      vertex -67.0007 71.4161 10
    endloop
  endfacet
  facet normal -0.363749 0.606858 0.70669
    outer loop
      vertex -62.2701 71.9226 12
      vertex -63.2129 73.6865 10
      vertex -67.0007 71.4161 10
    endloop
  endfacet
  facet normal 0.363793 -0.606823 0.706697
    outer loop
      vertex -48.6668 43.9776 11
      vertex -47.6568 44.5831 11
      vertex -49.2224 44.8091 12
    endloop
  endfacet
  facet normal 0.363773 -0.606862 0.706674
    outer loop
      vertex -47.6568 44.5831 11
      vertex -48.1282 45.465 12
      vertex -49.2224 44.8091 12
    endloop
  endfacet
  facet normal 0.514184 -0.85768 0
    outer loop
      vertex -48.6668 43.9776 1
      vertex -47.6568 44.5831 11
      vertex -48.6668 43.9776 11
    endloop
  endfacet
  facet normal 0.514184 -0.85768 0
    outer loop
      vertex -47.6568 44.5831 11
      vertex -48.6668 43.9776 1
      vertex -47.6568 44.5831 1
    endloop
  endfacet
  facet normal 0.363762 -0.606843 -0.706696
    outer loop
      vertex -48.1282 45.465 0
      vertex -48.6668 43.9776 1
      vertex -49.2224 44.8091 0
    endloop
  endfacet
  facet normal 0.363806 -0.606843 -0.706673
    outer loop
      vertex -48.1282 45.465 0
      vertex -47.6568 44.5831 1
      vertex -48.6668 43.9776 1
    endloop
  endfacet
  facet normal -0.363754 0.606866 -0.70668
    outer loop
      vertex -63.2129 73.6865 2
      vertex -65.8895 69.7532 0
      vertex -67.0007 71.4161 2
    endloop
  endfacet
  facet normal -0.363742 0.606862 -0.70669
    outer loop
      vertex -63.2129 73.6865 2
      vertex -62.2701 71.9226 0
      vertex -65.8895 69.7532 0
    endloop
  endfacet
  facet normal -0.427551 0.903991 0
    outer loop
      vertex -59.2208 75.5746 2
      vertex -63.2129 73.6865 10
      vertex -59.2208 75.5746 10
    endloop
  endfacet
  facet normal -0.427551 0.903991 0
    outer loop
      vertex -63.2129 73.6865 10
      vertex -59.2208 75.5746 2
      vertex -63.2129 73.6865 2
    endloop
  endfacet
  facet normal -0.302503 0.639595 0.70669
    outer loop
      vertex -62.2701 71.9226 12
      vertex -58.4554 73.7268 12
      vertex -63.2129 73.6865 10
    endloop
  endfacet
  facet normal -0.302502 0.639595 0.70669
    outer loop
      vertex -58.4554 73.7268 12
      vertex -59.2208 75.5746 10
      vertex -63.2129 73.6865 10
    endloop
  endfacet
  facet normal 0.302503 -0.639612 0.706674
    outer loop
      vertex -47.6568 44.5831 11
      vertex -46.5922 45.0866 11
      vertex -48.1282 45.465 12
    endloop
  endfacet
  facet normal 0.302487 -0.639637 0.706658
    outer loop
      vertex -46.5922 45.0866 11
      vertex -46.9749 46.0104 12
      vertex -48.1282 45.465 12
    endloop
  endfacet
  facet normal 0.427542 -0.903995 0
    outer loop
      vertex -47.6568 44.5831 1
      vertex -46.5922 45.0866 11
      vertex -47.6568 44.5831 11
    endloop
  endfacet
  facet normal 0.427542 -0.903995 0
    outer loop
      vertex -46.5922 45.0866 11
      vertex -47.6568 44.5831 1
      vertex -46.5922 45.0866 1
    endloop
  endfacet
  facet normal 0.30248 -0.639624 -0.706673
    outer loop
      vertex -46.9749 46.0104 0
      vertex -47.6568 44.5831 1
      vertex -48.1282 45.465 0
    endloop
  endfacet
  facet normal 0.30251 -0.639627 -0.706658
    outer loop
      vertex -46.9749 46.0104 0
      vertex -46.5922 45.0866 1
      vertex -47.6568 44.5831 1
    endloop
  endfacet
  facet normal -0.302502 0.639595 -0.70669
    outer loop
      vertex -59.2208 75.5746 2
      vertex -62.2701 71.9226 0
      vertex -63.2129 73.6865 2
    endloop
  endfacet
  facet normal -0.302503 0.639595 -0.70669
    outer loop
      vertex -59.2208 75.5746 2
      vertex -58.4554 73.7268 0
      vertex -62.2701 71.9226 0
    endloop
  endfacet
  facet normal -0.336879 0.941548 0
    outer loop
      vertex -55.0628 77.0623 2
      vertex -59.2208 75.5746 10
      vertex -55.0628 77.0623 10
    endloop
  endfacet
  facet normal -0.336879 0.941548 0
    outer loop
      vertex -59.2208 75.5746 10
      vertex -55.0628 77.0623 2
      vertex -59.2208 75.5746 2
    endloop
  endfacet
  facet normal -0.238353 0.666167 0.706689
    outer loop
      vertex -58.4554 73.7268 12
      vertex -54.4822 75.1484 12
      vertex -59.2208 75.5746 10
    endloop
  endfacet
  facet normal -0.238351 0.666171 0.706686
    outer loop
      vertex -54.4822 75.1484 12
      vertex -55.0628 77.0623 10
      vertex -59.2208 75.5746 10
    endloop
  endfacet
  facet normal 0.23835 -0.666203 0.706655
    outer loop
      vertex -46.5922 45.0866 11
      vertex -45.4834 45.4833 11
      vertex -46.9749 46.0104 12
    endloop
  endfacet
  facet normal 0.238366 -0.666184 0.706669
    outer loop
      vertex -45.4834 45.4833 11
      vertex -45.7737 46.4402 12
      vertex -46.9749 46.0104 12
    endloop
  endfacet
  facet normal 0.336864 -0.941553 0
    outer loop
      vertex -46.5922 45.0866 1
      vertex -45.4834 45.4833 11
      vertex -46.5922 45.0866 11
    endloop
  endfacet
  facet normal 0.336864 -0.941553 0
    outer loop
      vertex -45.4834 45.4833 11
      vertex -46.5922 45.0866 1
      vertex -45.4834 45.4833 1
    endloop
  endfacet
  facet normal 0.238371 -0.666196 -0.706656
    outer loop
      vertex -45.7737 46.4402 0
      vertex -46.5922 45.0866 1
      vertex -46.9749 46.0104 0
    endloop
  endfacet
  facet normal 0.238346 -0.66619 -0.706669
    outer loop
      vertex -45.7737 46.4402 0
      vertex -45.4834 45.4833 1
      vertex -46.5922 45.0866 1
    endloop
  endfacet
  facet normal -0.23835 0.666168 -0.706689
    outer loop
      vertex -55.0628 77.0623 2
      vertex -58.4554 73.7268 0
      vertex -59.2208 75.5746 2
    endloop
  endfacet
  facet normal -0.238354 0.66617 -0.706686
    outer loop
      vertex -55.0628 77.0623 2
      vertex -54.4822 75.1484 0
      vertex -58.4554 73.7268 0
    endloop
  endfacet
  facet normal -0.242978 0.970032 0
    outer loop
      vertex -50.7791 78.1353 2
      vertex -55.0628 77.0623 10
      vertex -50.7791 78.1353 10
    endloop
  endfacet
  facet normal -0.242978 0.970032 0
    outer loop
      vertex -55.0628 77.0623 10
      vertex -50.7791 78.1353 2
      vertex -55.0628 77.0623 2
    endloop
  endfacet
  facet normal -0.171928 0.686321 0.706685
    outer loop
      vertex -54.4822 75.1484 12
      vertex -50.3889 76.1738 12
      vertex -55.0628 77.0623 10
    endloop
  endfacet
  facet normal -0.171918 0.68634 0.706669
    outer loop
      vertex -50.3889 76.1738 12
      vertex -50.7791 78.1353 10
      vertex -55.0628 77.0623 10
    endloop
  endfacet
  facet normal 0.171902 -0.686346 0.706668
    outer loop
      vertex -45.4834 45.4833 11
      vertex -44.3411 45.7694 11
      vertex -45.7737 46.4402 12
    endloop
  endfacet
  facet normal 0.171927 -0.686321 0.706686
    outer loop
      vertex -44.3411 45.7694 11
      vertex -44.5362 46.7502 12
      vertex -45.7737 46.4402 12
    endloop
  endfacet
  facet normal 0.242955 -0.970038 0
    outer loop
      vertex -45.4834 45.4833 1
      vertex -44.3411 45.7694 11
      vertex -45.4834 45.4833 11
    endloop
  endfacet
  facet normal 0.242955 -0.970038 0
    outer loop
      vertex -44.3411 45.7694 11
      vertex -45.4834 45.4833 1
      vertex -44.3411 45.7694 1
    endloop
  endfacet
  facet normal 0.171931 -0.686338 -0.706668
    outer loop
      vertex -44.5362 46.7502 0
      vertex -45.4834 45.4833 1
      vertex -45.7737 46.4402 0
    endloop
  endfacet
  facet normal 0.171897 -0.686327 -0.706687
    outer loop
      vertex -44.5362 46.7502 0
      vertex -44.3411 45.7694 1
      vertex -45.4834 45.4833 1
    endloop
  endfacet
  facet normal -0.171914 0.686325 -0.706685
    outer loop
      vertex -50.7791 78.1353 2
      vertex -54.4822 75.1484 0
      vertex -55.0628 77.0623 2
    endloop
  endfacet
  facet normal -0.171932 0.686337 -0.706669
    outer loop
      vertex -50.7791 78.1353 2
      vertex -50.3889 76.1738 0
      vertex -54.4822 75.1484 0
    endloop
  endfacet
  facet normal -0.146736 0.989176 0
    outer loop
      vertex -46.4108 78.7833 2
      vertex -50.7791 78.1353 10
      vertex -46.4108 78.7833 10
    endloop
  endfacet
  facet normal -0.146736 0.989176 0
    outer loop
      vertex -50.7791 78.1353 10
      vertex -46.4108 78.7833 2
      vertex -50.7791 78.1353 2
    endloop
  endfacet
  facet normal -0.103805 0.699889 0.706668
    outer loop
      vertex -50.3889 76.1738 12
      vertex -46.2147 76.7929 12
      vertex -50.7791 78.1353 10
    endloop
  endfacet
  facet normal -0.103819 0.699867 0.706687
    outer loop
      vertex -46.2147 76.7929 12
      vertex -46.4108 78.7833 10
      vertex -50.7791 78.1353 10
    endloop
  endfacet
  facet normal 0.103818 -0.699869 0.706686
    outer loop
      vertex -44.3411 45.7694 11
      vertex -43.1762 45.9422 11
      vertex -44.5362 46.7502 12
    endloop
  endfacet
  facet normal 0.103816 -0.69987 0.706685
    outer loop
      vertex -43.1762 45.9422 11
      vertex -43.2742 46.9374 12
      vertex -44.5362 46.7502 12
    endloop
  endfacet
  facet normal 0.146733 -0.989176 0
    outer loop
      vertex -44.3411 45.7694 1
      vertex -43.1762 45.9422 11
      vertex -44.3411 45.7694 11
    endloop
  endfacet
  facet normal 0.146733 -0.989176 0
    outer loop
      vertex -43.1762 45.9422 11
      vertex -44.3411 45.7694 1
      vertex -43.1762 45.9422 1
    endloop
  endfacet
  facet normal 0.103816 -0.699869 -0.706686
    outer loop
      vertex -43.2742 46.9374 0
      vertex -44.3411 45.7694 1
      vertex -44.5362 46.7502 0
    endloop
  endfacet
  facet normal 0.103818 -0.69987 -0.706685
    outer loop
      vertex -43.2742 46.9374 0
      vertex -43.1762 45.9422 1
      vertex -44.3411 45.7694 1
    endloop
  endfacet
  facet normal -0.103822 0.699886 -0.706669
    outer loop
      vertex -46.4108 78.7833 2
      vertex -50.3889 76.1738 0
      vertex -50.7791 78.1353 2
    endloop
  endfacet
  facet normal -0.103802 0.69987 -0.706688
    outer loop
      vertex -46.4108 78.7833 2
      vertex -46.2147 76.7929 0
      vertex -50.3889 76.1738 0
    endloop
  endfacet
  facet normal -0.0490702 0.998795 0
    outer loop
      vertex -42 79 2
      vertex -46.4108 78.7833 10
      vertex -42 79 10
    endloop
  endfacet
  facet normal -0.0490702 0.998795 0
    outer loop
      vertex -46.4108 78.7833 10
      vertex -42 79 2
      vertex -46.4108 78.7833 2
    endloop
  endfacet
  facet normal -0.0347242 0.706674 0.706687
    outer loop
      vertex -46.2147 76.7929 12
      vertex -42 77 12
      vertex -46.4108 78.7833 10
    endloop
  endfacet
  facet normal -0.0347188 0.70668 0.70668
    outer loop
      vertex -42 77 12
      vertex -42 79 10
      vertex -46.4108 78.7833 10
    endloop
  endfacet
  facet normal 0.0347269 -0.706675 0.706686
    outer loop
      vertex -43.1762 45.9422 11
      vertex -42 46 11
      vertex -43.2742 46.9374 12
    endloop
  endfacet
  facet normal 0.0347184 -0.70668 0.70668
    outer loop
      vertex -42 46 11
      vertex -42 47 12
      vertex -43.2742 46.9374 12
    endloop
  endfacet
  facet normal 0.0490821 -0.998795 0
    outer loop
      vertex -43.1762 45.9422 1
      vertex -42 46 11
      vertex -43.1762 45.9422 11
    endloop
  endfacet
  facet normal 0.0490821 -0.998795 0
    outer loop
      vertex -42 46 11
      vertex -43.1762 45.9422 1
      vertex -42 46 1
    endloop
  endfacet
  facet normal 0.0347182 -0.706675 -0.706686
    outer loop
      vertex -42 47 0
      vertex -43.1762 45.9422 1
      vertex -43.2742 46.9374 0
    endloop
  endfacet
  facet normal 0.0347272 -0.70668 -0.70668
    outer loop
      vertex -42 47 0
      vertex -42 46 1
      vertex -43.1762 45.9422 1
    endloop
  endfacet
  facet normal -0.0347185 0.706674 -0.706687
    outer loop
      vertex -42 79 2
      vertex -46.2147 76.7929 0
      vertex -46.4108 78.7833 2
    endloop
  endfacet
  facet normal -0.0347245 0.70668 -0.70668
    outer loop
      vertex -42 79 2
      vertex -42 77 0
      vertex -46.2147 76.7929 0
    endloop
  endfacet
  facet normal 0.0490702 0.998795 -0
    outer loop
      vertex -37.5892 78.7833 2
      vertex -42 79 10
      vertex -37.5892 78.7833 10
    endloop
  endfacet
  facet normal 0.0490702 0.998795 0
    outer loop
      vertex -42 79 10
      vertex -37.5892 78.7833 2
      vertex -42 79 2
    endloop
  endfacet
  facet normal 0.0347245 0.70668 0.70668
    outer loop
      vertex -37.7853 76.7929 12
      vertex -42 79 10
      vertex -42 77 12
    endloop
  endfacet
  facet normal 0.0347185 0.706674 0.706687
    outer loop
      vertex -37.7853 76.7929 12
      vertex -37.5892 78.7833 10
      vertex -42 79 10
    endloop
  endfacet
  facet normal -0.0347272 -0.70668 0.70668
    outer loop
      vertex -40.8238 45.9422 11
      vertex -42 47 12
      vertex -42 46 11
    endloop
  endfacet
  facet normal -0.0347182 -0.706675 0.706686
    outer loop
      vertex -40.8238 45.9422 11
      vertex -40.7258 46.9374 12
      vertex -42 47 12
    endloop
  endfacet
  facet normal -0.0490821 -0.998795 0
    outer loop
      vertex -42 46 1
      vertex -40.8238 45.9422 11
      vertex -42 46 11
    endloop
  endfacet
  facet normal -0.0490821 -0.998795 -0
    outer loop
      vertex -40.8238 45.9422 11
      vertex -42 46 1
      vertex -40.8238 45.9422 1
    endloop
  endfacet
  facet normal -0.0347184 -0.70668 -0.70668
    outer loop
      vertex -42 47 0
      vertex -40.7258 46.9374 0
      vertex -42 46 1
    endloop
  endfacet
  facet normal -0.0347269 -0.706675 -0.706686
    outer loop
      vertex -40.7258 46.9374 0
      vertex -40.8238 45.9422 1
      vertex -42 46 1
    endloop
  endfacet
  facet normal 0.0347188 0.70668 -0.70668
    outer loop
      vertex -42 79 2
      vertex -37.5892 78.7833 2
      vertex -42 77 0
    endloop
  endfacet
  facet normal 0.0347242 0.706674 -0.706687
    outer loop
      vertex -37.5892 78.7833 2
      vertex -37.7853 76.7929 0
      vertex -42 77 0
    endloop
  endfacet
  facet normal 0.146736 0.989176 -0
    outer loop
      vertex -33.2209 78.1353 2
      vertex -37.5892 78.7833 10
      vertex -33.2209 78.1353 10
    endloop
  endfacet
  facet normal 0.146736 0.989176 0
    outer loop
      vertex -37.5892 78.7833 10
      vertex -33.2209 78.1353 2
      vertex -37.5892 78.7833 2
    endloop
  endfacet
  facet normal 0.103802 0.69987 0.706688
    outer loop
      vertex -33.6111 76.1738 12
      vertex -37.5892 78.7833 10
      vertex -37.7853 76.7929 12
    endloop
  endfacet
  facet normal 0.103822 0.699886 0.706669
    outer loop
      vertex -33.6111 76.1738 12
      vertex -33.2209 78.1353 10
      vertex -37.5892 78.7833 10
    endloop
  endfacet
  facet normal -0.103818 -0.69987 0.706685
    outer loop
      vertex -39.6589 45.7694 11
      vertex -40.7258 46.9374 12
      vertex -40.8238 45.9422 11
    endloop
  endfacet
  facet normal -0.103816 -0.699869 0.706686
    outer loop
      vertex -39.6589 45.7694 11
      vertex -39.4638 46.7502 12
      vertex -40.7258 46.9374 12
    endloop
  endfacet
  facet normal -0.146733 -0.989176 0
    outer loop
      vertex -40.8238 45.9422 1
      vertex -39.6589 45.7694 11
      vertex -40.8238 45.9422 11
    endloop
  endfacet
  facet normal -0.146733 -0.989176 -0
    outer loop
      vertex -39.6589 45.7694 11
      vertex -40.8238 45.9422 1
      vertex -39.6589 45.7694 1
    endloop
  endfacet
  facet normal -0.103816 -0.69987 -0.706685
    outer loop
      vertex -40.7258 46.9374 0
      vertex -39.4638 46.7502 0
      vertex -40.8238 45.9422 1
    endloop
  endfacet
  facet normal -0.103818 -0.699869 -0.706686
    outer loop
      vertex -39.4638 46.7502 0
      vertex -39.6589 45.7694 1
      vertex -40.8238 45.9422 1
    endloop
  endfacet
  facet normal 0.103819 0.699867 -0.706687
    outer loop
      vertex -37.5892 78.7833 2
      vertex -33.2209 78.1353 2
      vertex -37.7853 76.7929 0
    endloop
  endfacet
  facet normal 0.103805 0.699889 -0.706668
    outer loop
      vertex -33.2209 78.1353 2
      vertex -33.6111 76.1738 0
      vertex -37.7853 76.7929 0
    endloop
  endfacet
  facet normal 0.242978 0.970032 -0
    outer loop
      vertex -28.9372 77.0623 2
      vertex -33.2209 78.1353 10
      vertex -28.9372 77.0623 10
    endloop
  endfacet
  facet normal 0.242978 0.970032 0
    outer loop
      vertex -33.2209 78.1353 10
      vertex -28.9372 77.0623 2
      vertex -33.2209 78.1353 2
    endloop
  endfacet
  facet normal 0.171932 0.686337 0.706669
    outer loop
      vertex -29.5178 75.1484 12
      vertex -33.2209 78.1353 10
      vertex -33.6111 76.1738 12
    endloop
  endfacet
  facet normal 0.171914 0.686325 0.706685
    outer loop
      vertex -29.5178 75.1484 12
      vertex -28.9372 77.0623 10
      vertex -33.2209 78.1353 10
    endloop
  endfacet
  facet normal -0.171897 -0.686327 0.706687
    outer loop
      vertex -38.5166 45.4833 11
      vertex -39.4638 46.7502 12
      vertex -39.6589 45.7694 11
    endloop
  endfacet
  facet normal -0.171931 -0.686338 0.706668
    outer loop
      vertex -38.5166 45.4833 11
      vertex -38.2263 46.4402 12
      vertex -39.4638 46.7502 12
    endloop
  endfacet
  facet normal -0.242955 -0.970038 0
    outer loop
      vertex -39.6589 45.7694 1
      vertex -38.5166 45.4833 11
      vertex -39.6589 45.7694 11
    endloop
  endfacet
  facet normal -0.242955 -0.970038 -0
    outer loop
      vertex -38.5166 45.4833 11
      vertex -39.6589 45.7694 1
      vertex -38.5166 45.4833 1
    endloop
  endfacet
  facet normal -0.171927 -0.686321 -0.706686
    outer loop
      vertex -39.4638 46.7502 0
      vertex -38.2263 46.4402 0
      vertex -39.6589 45.7694 1
    endloop
  endfacet
  facet normal -0.171902 -0.686346 -0.706668
    outer loop
      vertex -38.2263 46.4402 0
      vertex -38.5166 45.4833 1
      vertex -39.6589 45.7694 1
    endloop
  endfacet
  facet normal 0.171918 0.68634 -0.706669
    outer loop
      vertex -33.2209 78.1353 2
      vertex -28.9372 77.0623 2
      vertex -33.6111 76.1738 0
    endloop
  endfacet
  facet normal 0.171928 0.686321 -0.706685
    outer loop
      vertex -28.9372 77.0623 2
      vertex -29.5178 75.1484 0
      vertex -33.6111 76.1738 0
    endloop
  endfacet
  facet normal 0.336879 0.941548 -0
    outer loop
      vertex -24.7792 75.5746 2
      vertex -28.9372 77.0623 10
      vertex -24.7792 75.5746 10
    endloop
  endfacet
  facet normal 0.336879 0.941548 0
    outer loop
      vertex -28.9372 77.0623 10
      vertex -24.7792 75.5746 2
      vertex -28.9372 77.0623 2
    endloop
  endfacet
  facet normal 0.238354 0.66617 0.706686
    outer loop
      vertex -25.5446 73.7268 12
      vertex -28.9372 77.0623 10
      vertex -29.5178 75.1484 12
    endloop
  endfacet
  facet normal 0.23835 0.666168 0.706689
    outer loop
      vertex -25.5446 73.7268 12
      vertex -24.7792 75.5746 10
      vertex -28.9372 77.0623 10
    endloop
  endfacet
  facet normal -0.238346 -0.66619 0.706669
    outer loop
      vertex -37.4078 45.0866 11
      vertex -38.2263 46.4402 12
      vertex -38.5166 45.4833 11
    endloop
  endfacet
  facet normal -0.238371 -0.666196 0.706656
    outer loop
      vertex -37.4078 45.0866 11
      vertex -37.0251 46.0104 12
      vertex -38.2263 46.4402 12
    endloop
  endfacet
  facet normal -0.336864 -0.941553 0
    outer loop
      vertex -38.5166 45.4833 1
      vertex -37.4078 45.0866 11
      vertex -38.5166 45.4833 11
    endloop
  endfacet
  facet normal -0.336864 -0.941553 -0
    outer loop
      vertex -37.4078 45.0866 11
      vertex -38.5166 45.4833 1
      vertex -37.4078 45.0866 1
    endloop
  endfacet
  facet normal -0.238366 -0.666184 -0.706669
    outer loop
      vertex -38.2263 46.4402 0
      vertex -37.0251 46.0104 0
      vertex -38.5166 45.4833 1
    endloop
  endfacet
  facet normal -0.23835 -0.666203 -0.706655
    outer loop
      vertex -37.0251 46.0104 0
      vertex -37.4078 45.0866 1
      vertex -38.5166 45.4833 1
    endloop
  endfacet
  facet normal 0.238351 0.666171 -0.706686
    outer loop
      vertex -28.9372 77.0623 2
      vertex -24.7792 75.5746 2
      vertex -29.5178 75.1484 0
    endloop
  endfacet
  facet normal 0.238353 0.666167 -0.706689
    outer loop
      vertex -24.7792 75.5746 2
      vertex -25.5446 73.7268 0
      vertex -29.5178 75.1484 0
    endloop
  endfacet
  facet normal 0.427551 0.903991 -0
    outer loop
      vertex -20.7871 73.6865 2
      vertex -24.7792 75.5746 10
      vertex -20.7871 73.6865 10
    endloop
  endfacet
  facet normal 0.427551 0.903991 0
    outer loop
      vertex -24.7792 75.5746 10
      vertex -20.7871 73.6865 2
      vertex -24.7792 75.5746 2
    endloop
  endfacet
  facet normal 0.302503 0.639595 0.70669
    outer loop
      vertex -21.7299 71.9226 12
      vertex -24.7792 75.5746 10
      vertex -25.5446 73.7268 12
    endloop
  endfacet
  facet normal 0.302502 0.639595 0.70669
    outer loop
      vertex -21.7299 71.9226 12
      vertex -20.7871 73.6865 10
      vertex -24.7792 75.5746 10
    endloop
  endfacet
  facet normal -0.30251 -0.639627 0.706658
    outer loop
      vertex -36.3432 44.5831 11
      vertex -37.0251 46.0104 12
      vertex -37.4078 45.0866 11
    endloop
  endfacet
  facet normal -0.30248 -0.639624 0.706673
    outer loop
      vertex -36.3432 44.5831 11
      vertex -35.8718 45.465 12
      vertex -37.0251 46.0104 12
    endloop
  endfacet
  facet normal -0.427542 -0.903995 0
    outer loop
      vertex -37.4078 45.0866 1
      vertex -36.3432 44.5831 11
      vertex -37.4078 45.0866 11
    endloop
  endfacet
  facet normal -0.427542 -0.903995 -0
    outer loop
      vertex -36.3432 44.5831 11
      vertex -37.4078 45.0866 1
      vertex -36.3432 44.5831 1
    endloop
  endfacet
  facet normal -0.302487 -0.639637 -0.706658
    outer loop
      vertex -37.0251 46.0104 0
      vertex -35.8718 45.465 0
      vertex -37.4078 45.0866 1
    endloop
  endfacet
  facet normal -0.302503 -0.639612 -0.706674
    outer loop
      vertex -35.8718 45.465 0
      vertex -36.3432 44.5831 1
      vertex -37.4078 45.0866 1
    endloop
  endfacet
  facet normal 0.302502 0.639595 -0.70669
    outer loop
      vertex -24.7792 75.5746 2
      vertex -20.7871 73.6865 2
      vertex -25.5446 73.7268 0
    endloop
  endfacet
  facet normal 0.302503 0.639595 -0.70669
    outer loop
      vertex -20.7871 73.6865 2
      vertex -21.7299 71.9226 0
      vertex -25.5446 73.7268 0
    endloop
  endfacet
  facet normal 0.514116 0.857721 -0
    outer loop
      vertex -16.9993 71.4161 2
      vertex -20.7871 73.6865 10
      vertex -16.9993 71.4161 10
    endloop
  endfacet
  facet normal 0.514116 0.857721 0
    outer loop
      vertex -20.7871 73.6865 10
      vertex -16.9993 71.4161 2
      vertex -20.7871 73.6865 2
    endloop
  endfacet
  facet normal 0.363742 0.606862 0.70669
    outer loop
      vertex -18.1105 69.7532 12
      vertex -20.7871 73.6865 10
      vertex -21.7299 71.9226 12
    endloop
  endfacet
  facet normal 0.363754 0.606866 0.70668
    outer loop
      vertex -18.1105 69.7532 12
      vertex -16.9993 71.4161 10
      vertex -20.7871 73.6865 10
    endloop
  endfacet
  facet normal -0.363806 -0.606843 0.706673
    outer loop
      vertex -35.3332 43.9776 11
      vertex -35.8718 45.465 12
      vertex -36.3432 44.5831 11
    endloop
  endfacet
  facet normal -0.363762 -0.606843 0.706696
    outer loop
      vertex -35.3332 43.9776 11
      vertex -34.7776 44.8091 12
      vertex -35.8718 45.465 12
    endloop
  endfacet
  facet normal -0.514184 -0.85768 0
    outer loop
      vertex -36.3432 44.5831 1
      vertex -35.3332 43.9776 11
      vertex -36.3432 44.5831 11
    endloop
  endfacet
  facet normal -0.514184 -0.85768 -0
    outer loop
      vertex -35.3332 43.9776 11
      vertex -36.3432 44.5831 1
      vertex -35.3332 43.9776 1
    endloop
  endfacet
  facet normal -0.363773 -0.606862 -0.706674
    outer loop
      vertex -35.8718 45.465 0
      vertex -34.7776 44.8091 0
      vertex -36.3432 44.5831 1
    endloop
  endfacet
  facet normal -0.363793 -0.606823 -0.706697
    outer loop
      vertex -34.7776 44.8091 0
      vertex -35.3332 43.9776 1
      vertex -36.3432 44.5831 1
    endloop
  endfacet
  facet normal 0.363749 0.606858 -0.70669
    outer loop
      vertex -20.7871 73.6865 2
      vertex -16.9993 71.4161 2
      vertex -21.7299 71.9226 0
    endloop
  endfacet
  facet normal 0.363747 0.60687 -0.70668
    outer loop
      vertex -16.9993 71.4161 2
      vertex -18.1105 69.7532 0
      vertex -21.7299 71.9226 0
    endloop
  endfacet
  facet normal 0.595694 0.803211 -0
    outer loop
      vertex -13.4523 68.7855 2
      vertex -16.9993 71.4161 10
      vertex -13.4523 68.7855 10
    endloop
  endfacet
  facet normal 0.595694 0.803211 0
    outer loop
      vertex -16.9993 71.4161 10
      vertex -13.4523 68.7855 2
      vertex -16.9993 71.4161 2
    endloop
  endfacet
  facet normal 0.421482 0.568291 0.706681
    outer loop
      vertex -14.7211 67.2394 12
      vertex -16.9993 71.4161 10
      vertex -18.1105 69.7532 12
    endloop
  endfacet
  facet normal 0.421466 0.568288 0.706693
    outer loop
      vertex -14.7211 67.2394 12
      vertex -13.4523 68.7855 10
      vertex -16.9993 71.4161 10
    endloop
  endfacet
  facet normal -0.421457 -0.568291 0.706696
    outer loop
      vertex -34.3873 43.2761 11
      vertex -34.7776 44.8091 12
      vertex -35.3332 43.9776 11
    endloop
  endfacet
  facet normal -0.421488 -0.568288 0.706679
    outer loop
      vertex -34.3873 43.2761 11
      vertex -33.7529 44.0491 12
      vertex -34.7776 44.8091 12
    endloop
  endfacet
  facet normal -0.595684 -0.803219 0
    outer loop
      vertex -35.3332 43.9776 1
      vertex -34.3873 43.2761 11
      vertex -35.3332 43.9776 11
    endloop
  endfacet
  facet normal -0.595684 -0.803219 -0
    outer loop
      vertex -34.3873 43.2761 11
      vertex -35.3332 43.9776 1
      vertex -34.3873 43.2761 1
    endloop
  endfacet
  facet normal -0.421479 -0.568276 -0.706695
    outer loop
      vertex -34.7776 44.8091 0
      vertex -33.7529 44.0491 0
      vertex -35.3332 43.9776 1
    endloop
  endfacet
  facet normal -0.421467 -0.568305 -0.706679
    outer loop
      vertex -33.7529 44.0491 0
      vertex -34.3873 43.2761 1
      vertex -35.3332 43.9776 1
    endloop
  endfacet
  facet normal 0.421473 0.568298 -0.706681
    outer loop
      vertex -16.9993 71.4161 2
      vertex -13.4523 68.7855 2
      vertex -18.1105 69.7532 0
    endloop
  endfacet
  facet normal 0.421475 0.568281 -0.706693
    outer loop
      vertex -13.4523 68.7855 2
      vertex -14.7211 67.2394 0
      vertex -18.1105 69.7532 0
    endloop
  endfacet
  facet normal 0.671564 0.740946 -0
    outer loop
      vertex -10.1802 65.8198 2
      vertex -13.4523 68.7855 10
      vertex -10.1802 65.8198 10
    endloop
  endfacet
  facet normal 0.671564 0.740946 0
    outer loop
      vertex -13.4523 68.7855 10
      vertex -10.1802 65.8198 2
      vertex -13.4523 68.7855 2
    endloop
  endfacet
  facet normal 0.475135 0.524244 0.706693
    outer loop
      vertex -11.5944 64.4056 12
      vertex -13.4523 68.7855 10
      vertex -14.7211 67.2394 12
    endloop
  endfacet
  facet normal 0.475156 0.524246 0.706677
    outer loop
      vertex -11.5944 64.4056 12
      vertex -10.1802 65.8198 10
      vertex -13.4523 68.7855 10
    endloop
  endfacet
  facet normal -0.475124 -0.524271 0.70668
    outer loop
      vertex -33.5147 42.4853 11
      vertex -33.7529 44.0491 12
      vertex -34.3873 43.2761 11
    endloop
  endfacet
  facet normal -0.475131 -0.52427 0.706676
    outer loop
      vertex -33.5147 42.4853 11
      vertex -32.8076 43.1924 12
      vertex -33.7529 44.0491 12
    endloop
  endfacet
  facet normal -0.671522 -0.740984 0
    outer loop
      vertex -34.3873 43.2761 1
      vertex -33.5147 42.4853 11
      vertex -34.3873 43.2761 11
    endloop
  endfacet
  facet normal -0.671522 -0.740984 -0
    outer loop
      vertex -33.5147 42.4853 11
      vertex -34.3873 43.2761 1
      vertex -33.5147 42.4853 1
    endloop
  endfacet
  facet normal -0.475129 -0.524267 -0.70668
    outer loop
      vertex -33.7529 44.0491 0
      vertex -32.8076 43.1924 0
      vertex -34.3873 43.2761 1
    endloop
  endfacet
  facet normal -0.475127 -0.524274 -0.706676
    outer loop
      vertex -32.8076 43.1924 0
      vertex -33.5147 42.4853 1
      vertex -34.3873 43.2761 1
    endloop
  endfacet
  facet normal 0.475146 0.524235 -0.706692
    outer loop
      vertex -13.4523 68.7855 2
      vertex -10.1802 65.8198 2
      vertex -14.7211 67.2394 0
    endloop
  endfacet
  facet normal 0.475145 0.524256 -0.706677
    outer loop
      vertex -10.1802 65.8198 2
      vertex -11.5944 64.4056 0
      vertex -14.7211 67.2394 0
    endloop
  endfacet
  facet normal 0.74095 0.67156 0
    outer loop
      vertex -7.21453 62.5477 10
      vertex -10.1802 65.8198 2
      vertex -10.1802 65.8198 10
    endloop
  endfacet
  facet normal 0.74095 0.67156 0
    outer loop
      vertex -10.1802 65.8198 2
      vertex -7.21453 62.5477 10
      vertex -7.21453 62.5477 2
    endloop
  endfacet
  facet normal 0.524252 0.47515 0.706677
    outer loop
      vertex -8.76055 61.2789 12
      vertex -10.1802 65.8198 10
      vertex -11.5944 64.4056 12
    endloop
  endfacet
  facet normal 0.524245 0.47515 0.706682
    outer loop
      vertex -8.76055 61.2789 12
      vertex -7.21453 62.5477 10
      vertex -10.1802 65.8198 10
    endloop
  endfacet
  facet normal -0.524274 -0.475127 0.706676
    outer loop
      vertex -32.7239 41.6127 11
      vertex -32.8076 43.1924 12
      vertex -33.5147 42.4853 11
    endloop
  endfacet
  facet normal -0.524267 -0.475129 0.70668
    outer loop
      vertex -32.7239 41.6127 11
      vertex -31.9509 42.2471 12
      vertex -32.8076 43.1924 12
    endloop
  endfacet
  facet normal -0.740984 -0.671522 0
    outer loop
      vertex -32.7239 41.6127 1
      vertex -33.5147 42.4853 11
      vertex -33.5147 42.4853 1
    endloop
  endfacet
  facet normal -0.740984 -0.671522 0
    outer loop
      vertex -33.5147 42.4853 11
      vertex -32.7239 41.6127 1
      vertex -32.7239 41.6127 11
    endloop
  endfacet
  facet normal -0.52427 -0.475131 -0.706676
    outer loop
      vertex -32.8076 43.1924 0
      vertex -31.9509 42.2471 0
      vertex -33.5147 42.4853 1
    endloop
  endfacet
  facet normal -0.524271 -0.475124 -0.70668
    outer loop
      vertex -31.9509 42.2471 0
      vertex -32.7239 41.6127 1
      vertex -33.5147 42.4853 1
    endloop
  endfacet
  facet normal 0.524249 0.475153 -0.706677
    outer loop
      vertex -10.1802 65.8198 2
      vertex -7.21453 62.5477 2
      vertex -11.5944 64.4056 0
    endloop
  endfacet
  facet normal 0.524248 0.475147 -0.706682
    outer loop
      vertex -7.21453 62.5477 2
      vertex -8.76055 61.2789 0
      vertex -11.5944 64.4056 0
    endloop
  endfacet
  facet normal 0.803205 0.595703 0
    outer loop
      vertex -4.58387 59.0007 10
      vertex -7.21453 62.5477 2
      vertex -7.21453 62.5477 10
    endloop
  endfacet
  facet normal 0.803205 0.595703 0
    outer loop
      vertex -7.21453 62.5477 2
      vertex -4.58387 59.0007 10
      vertex -4.58387 59.0007 2
    endloop
  endfacet
  facet normal 0.568295 0.421475 0.706682
    outer loop
      vertex -6.24681 57.8895 12
      vertex -7.21453 62.5477 10
      vertex -8.76055 61.2789 12
    endloop
  endfacet
  facet normal 0.568289 0.421476 0.706687
    outer loop
      vertex -6.24681 57.8895 12
      vertex -4.58387 59.0007 10
      vertex -7.21453 62.5477 10
    endloop
  endfacet
  facet normal -0.568305 -0.421467 0.706679
    outer loop
      vertex -32.0224 40.6668 11
      vertex -31.9509 42.2471 12
      vertex -32.7239 41.6127 11
    endloop
  endfacet
  facet normal -0.568276 -0.421479 0.706695
    outer loop
      vertex -31.1909 41.2224 12
      vertex -31.9509 42.2471 12
      vertex -32.0224 40.6668 11
    endloop
  endfacet
  facet normal -0.803219 -0.595684 0
    outer loop
      vertex -32.0224 40.6668 1
      vertex -32.7239 41.6127 11
      vertex -32.7239 41.6127 1
    endloop
  endfacet
  facet normal -0.803219 -0.595684 0
    outer loop
      vertex -32.7239 41.6127 11
      vertex -32.0224 40.6668 1
      vertex -32.0224 40.6668 11
    endloop
  endfacet
  facet normal -0.568288 -0.421488 -0.706679
    outer loop
      vertex -31.9509 42.2471 0
      vertex -31.1909 41.2224 0
      vertex -32.7239 41.6127 1
    endloop
  endfacet
  facet normal -0.568291 -0.421457 -0.706696
    outer loop
      vertex -31.1909 41.2224 0
      vertex -32.0224 40.6668 1
      vertex -32.7239 41.6127 1
    endloop
  endfacet
  facet normal 0.568293 0.421479 -0.706682
    outer loop
      vertex -7.21453 62.5477 2
      vertex -4.58387 59.0007 2
      vertex -8.76055 61.2789 0
    endloop
  endfacet
  facet normal 0.568291 0.421472 -0.706687
    outer loop
      vertex -4.58387 59.0007 2
      vertex -6.24681 57.8895 0
      vertex -8.76055 61.2789 0
    endloop
  endfacet
  facet normal 0.857728 0.514104 0
    outer loop
      vertex -2.31354 55.2129 10
      vertex -4.58387 59.0007 2
      vertex -4.58387 59.0007 10
    endloop
  endfacet
  facet normal 0.857728 0.514104 0
    outer loop
      vertex -4.58387 59.0007 2
      vertex -2.31354 55.2129 10
      vertex -2.31354 55.2129 2
    endloop
  endfacet
  facet normal 0.606863 0.363747 0.706686
    outer loop
      vertex -4.07738 54.2701 12
      vertex -4.58387 59.0007 10
      vertex -6.24681 57.8895 12
    endloop
  endfacet
  facet normal 0.60687 0.363746 0.706681
    outer loop
      vertex -4.07738 54.2701 12
      vertex -2.31354 55.2129 10
      vertex -4.58387 59.0007 10
    endloop
  endfacet
  facet normal -0.606823 -0.363793 0.706697
    outer loop
      vertex -31.4169 39.6568 11
      vertex -31.1909 41.2224 12
      vertex -32.0224 40.6668 11
    endloop
  endfacet
  facet normal -0.606862 -0.363773 0.706674
    outer loop
      vertex -30.535 40.1282 12
      vertex -31.1909 41.2224 12
      vertex -31.4169 39.6568 11
    endloop
  endfacet
  facet normal -0.85768 -0.514184 0
    outer loop
      vertex -31.4169 39.6568 1
      vertex -32.0224 40.6668 11
      vertex -32.0224 40.6668 1
    endloop
  endfacet
  facet normal -0.85768 -0.514184 0
    outer loop
      vertex -32.0224 40.6668 11
      vertex -31.4169 39.6568 1
      vertex -31.4169 39.6568 11
    endloop
  endfacet
  facet normal -0.606843 -0.363762 -0.706696
    outer loop
      vertex -31.1909 41.2224 0
      vertex -30.535 40.1282 0
      vertex -32.0224 40.6668 1
    endloop
  endfacet
  facet normal -0.606843 -0.363806 -0.706673
    outer loop
      vertex -30.535 40.1282 0
      vertex -31.4169 39.6568 1
      vertex -32.0224 40.6668 1
    endloop
  endfacet
  facet normal 0.606866 0.363743 -0.706686
    outer loop
      vertex -4.58387 59.0007 2
      vertex -2.31354 55.2129 2
      vertex -6.24681 57.8895 0
    endloop
  endfacet
  facet normal 0.606868 0.36375 -0.706681
    outer loop
      vertex -2.31354 55.2129 2
      vertex -4.07738 54.2701 0
      vertex -6.24681 57.8895 0
    endloop
  endfacet
  facet normal 0.90399 0.427554 0
    outer loop
      vertex -0.425421 51.2208 10
      vertex -2.31354 55.2129 2
      vertex -2.31354 55.2129 10
    endloop
  endfacet
  facet normal 0.90399 0.427554 0
    outer loop
      vertex -2.31354 55.2129 2
      vertex -0.425421 51.2208 10
      vertex -0.425421 51.2208 2
    endloop
  endfacet
  facet normal 0.639603 0.302507 0.706681
    outer loop
      vertex -2.27318 50.4554 12
      vertex -2.31354 55.2129 10
      vertex -4.07738 54.2701 12
    endloop
  endfacet
  facet normal 0.6396 0.302508 0.706683
    outer loop
      vertex -2.27318 50.4554 12
      vertex -0.425421 51.2208 10
      vertex -2.31354 55.2129 10
    endloop
  endfacet
  facet normal -0.639612 -0.302503 0.706674
    outer loop
      vertex -30.9134 38.5922 11
      vertex -30.535 40.1282 12
      vertex -31.4169 39.6568 11
    endloop
  endfacet
  facet normal -0.639637 -0.302487 0.706658
    outer loop
      vertex -29.9896 38.9749 12
      vertex -30.535 40.1282 12
      vertex -30.9134 38.5922 11
    endloop
  endfacet
  facet normal -0.903995 -0.427542 0
    outer loop
      vertex -30.9134 38.5922 1
      vertex -31.4169 39.6568 11
      vertex -31.4169 39.6568 1
    endloop
  endfacet
  facet normal -0.903995 -0.427542 0
    outer loop
      vertex -31.4169 39.6568 11
      vertex -30.9134 38.5922 1
      vertex -30.9134 38.5922 11
    endloop
  endfacet
  facet normal -0.639624 -0.30248 -0.706673
    outer loop
      vertex -30.535 40.1282 0
      vertex -29.9896 38.9749 0
      vertex -31.4169 39.6568 1
    endloop
  endfacet
  facet normal -0.639627 -0.30251 -0.706658
    outer loop
      vertex -29.9896 38.9749 0
      vertex -30.9134 38.5922 1
      vertex -31.4169 39.6568 1
    endloop
  endfacet
  facet normal 0.639602 0.302509 -0.706681
    outer loop
      vertex -2.31354 55.2129 2
      vertex -0.425421 51.2208 2
      vertex -4.07738 54.2701 0
    endloop
  endfacet
  facet normal 0.639601 0.302506 -0.706683
    outer loop
      vertex -0.425421 51.2208 2
      vertex -2.27318 50.4554 0
      vertex -4.07738 54.2701 0
    endloop
  endfacet
  facet normal 0.941546 0.336885 0
    outer loop
      vertex 1.06231 47.0628 10
      vertex -0.425421 51.2208 2
      vertex -0.425421 51.2208 10
    endloop
  endfacet
  facet normal 0.941546 0.336885 0
    outer loop
      vertex -0.425421 51.2208 2
      vertex 1.06231 47.0628 10
      vertex 1.06231 47.0628 2
    endloop
  endfacet
  facet normal 0.666173 0.238357 0.706682
    outer loop
      vertex -0.851565 46.4822 12
      vertex -0.425421 51.2208 10
      vertex -2.27318 50.4554 12
    endloop
  endfacet
  facet normal 0.666174 0.238357 0.706682
    outer loop
      vertex 1.06231 47.0628 10
      vertex -0.425421 51.2208 10
      vertex -0.851565 46.4822 12
    endloop
  endfacet
  facet normal -0.666203 -0.23835 0.706655
    outer loop
      vertex -30.5167 37.4834 11
      vertex -29.9896 38.9749 12
      vertex -30.9134 38.5922 11
    endloop
  endfacet
  facet normal -0.666184 -0.238366 0.706669
    outer loop
      vertex -29.5598 37.7737 12
      vertex -29.9896 38.9749 12
      vertex -30.5167 37.4834 11
    endloop
  endfacet
  facet normal -0.941553 -0.336864 0
    outer loop
      vertex -30.5167 37.4834 1
      vertex -30.9134 38.5922 11
      vertex -30.9134 38.5922 1
    endloop
  endfacet
  facet normal -0.941553 -0.336864 0
    outer loop
      vertex -30.9134 38.5922 11
      vertex -30.5167 37.4834 1
      vertex -30.5167 37.4834 11
    endloop
  endfacet
  facet normal -0.666196 -0.238371 -0.706656
    outer loop
      vertex -29.9896 38.9749 0
      vertex -29.5598 37.7737 0
      vertex -30.9134 38.5922 1
    endloop
  endfacet
  facet normal -0.66619 -0.238346 -0.706669
    outer loop
      vertex -29.5598 37.7737 0
      vertex -30.5167 37.4834 1
      vertex -30.9134 38.5922 1
    endloop
  endfacet
  facet normal 0.666173 0.238356 -0.706682
    outer loop
      vertex -0.425421 51.2208 2
      vertex 1.06231 47.0628 2
      vertex -2.27318 50.4554 0
    endloop
  endfacet
  facet normal 0.666173 0.238358 -0.706681
    outer loop
      vertex 1.06231 47.0628 2
      vertex -0.851565 46.4822 0
      vertex -2.27318 50.4554 0
    endloop
  endfacet
  facet normal 0.97003 0.242984 0
    outer loop
      vertex 2.13534 42.7791 10
      vertex 1.06231 47.0628 2
      vertex 1.06231 47.0628 10
    endloop
  endfacet
  facet normal 0.97003 0.242984 0
    outer loop
      vertex 1.06231 47.0628 2
      vertex 2.13534 42.7791 10
      vertex 2.13534 42.7791 2
    endloop
  endfacet
  facet normal 0.686328 0.171918 0.706681
    outer loop
      vertex 0.173766 42.3889 12
      vertex 1.06231 47.0628 10
      vertex -0.851565 46.4822 12
    endloop
  endfacet
  facet normal 0.686327 0.171919 0.706682
    outer loop
      vertex 2.13534 42.7791 10
      vertex 1.06231 47.0628 10
      vertex 0.173766 42.3889 12
    endloop
  endfacet
  facet normal -0.686346 -0.171902 0.706668
    outer loop
      vertex -30.2306 36.3411 11
      vertex -29.5598 37.7737 12
      vertex -30.5167 37.4834 11
    endloop
  endfacet
  facet normal -0.686321 -0.171927 0.706686
    outer loop
      vertex -29.2498 36.5362 12
      vertex -29.5598 37.7737 12
      vertex -30.2306 36.3411 11
    endloop
  endfacet
  facet normal -0.970038 -0.242955 0
    outer loop
      vertex -30.2306 36.3411 1
      vertex -30.5167 37.4834 11
      vertex -30.5167 37.4834 1
    endloop
  endfacet
  facet normal -0.970038 -0.242955 0
    outer loop
      vertex -30.5167 37.4834 11
      vertex -30.2306 36.3411 1
      vertex -30.2306 36.3411 11
    endloop
  endfacet
  facet normal -0.686338 -0.171931 -0.706668
    outer loop
      vertex -29.5598 37.7737 0
      vertex -29.2498 36.5362 0
      vertex -30.5167 37.4834 1
    endloop
  endfacet
  facet normal -0.686327 -0.171897 -0.706687
    outer loop
      vertex -29.2498 36.5362 0
      vertex -30.2306 36.3411 1
      vertex -30.5167 37.4834 1
    endloop
  endfacet
  facet normal 0.686328 0.171919 -0.706681
    outer loop
      vertex 1.06231 47.0628 2
      vertex 2.13534 42.7791 2
      vertex -0.851565 46.4822 0
    endloop
  endfacet
  facet normal 0.686327 0.171918 -0.706682
    outer loop
      vertex 2.13534 42.7791 2
      vertex 0.173766 42.3889 0
      vertex -0.851565 46.4822 0
    endloop
  endfacet
  facet normal 0.989177 0.146729 0
    outer loop
      vertex 2.78331 38.4108 10
      vertex 2.13534 42.7791 2
      vertex 2.13534 42.7791 10
    endloop
  endfacet
  facet normal 0.989177 0.146729 0
    outer loop
      vertex 2.13534 42.7791 2
      vertex 2.78331 38.4108 10
      vertex 2.78331 38.4108 2
    endloop
  endfacet
  facet normal 0.699874 0.103815 0.706682
    outer loop
      vertex 0.792943 38.2147 12
      vertex 2.13534 42.7791 10
      vertex 0.173766 42.3889 12
    endloop
  endfacet
  facet normal 0.699874 0.103815 0.706682
    outer loop
      vertex 2.78331 38.4108 10
      vertex 2.13534 42.7791 10
      vertex 0.792943 38.2147 12
    endloop
  endfacet
  facet normal -0.699869 -0.103818 0.706686
    outer loop
      vertex -30.0578 35.1762 11
      vertex -29.2498 36.5362 12
      vertex -30.2306 36.3411 11
    endloop
  endfacet
  facet normal -0.69987 -0.103816 0.706685
    outer loop
      vertex -29.0626 35.2742 12
      vertex -29.2498 36.5362 12
      vertex -30.0578 35.1762 11
    endloop
  endfacet
  facet normal -0.989176 -0.146733 0
    outer loop
      vertex -30.0578 35.1762 1
      vertex -30.2306 36.3411 11
      vertex -30.2306 36.3411 1
    endloop
  endfacet
  facet normal -0.989176 -0.146733 0
    outer loop
      vertex -30.2306 36.3411 11
      vertex -30.0578 35.1762 1
      vertex -30.0578 35.1762 11
    endloop
  endfacet
  facet normal -0.699869 -0.103816 -0.706686
    outer loop
      vertex -29.2498 36.5362 0
      vertex -29.0626 35.2742 0
      vertex -30.2306 36.3411 1
    endloop
  endfacet
  facet normal -0.69987 -0.103818 -0.706685
    outer loop
      vertex -29.0626 35.2742 0
      vertex -30.0578 35.1762 1
      vertex -30.2306 36.3411 1
    endloop
  endfacet
  facet normal 0.699874 0.103816 -0.706682
    outer loop
      vertex 2.13534 42.7791 2
      vertex 2.78331 38.4108 2
      vertex 0.173766 42.3889 0
    endloop
  endfacet
  facet normal 0.699874 0.103815 -0.706682
    outer loop
      vertex 2.78331 38.4108 2
      vertex 0.792943 38.2147 0
      vertex 0.173766 42.3889 0
    endloop
  endfacet
  facet normal 0.998795 0.049068 0
    outer loop
      vertex 3 34 10
      vertex 2.78331 38.4108 2
      vertex 2.78331 38.4108 10
    endloop
  endfacet
  facet normal 0.998795 0.049068 0
    outer loop
      vertex 2.78331 38.4108 2
      vertex 3 34 10
      vertex 3 34 2
    endloop
  endfacet
  facet normal 0.70668 0.0347173 0.706681
    outer loop
      vertex 1 34 12
      vertex 2.78331 38.4108 10
      vertex 0.792943 38.2147 12
    endloop
  endfacet
  facet normal 0.706681 0.0347172 0.706681
    outer loop
      vertex 3 34 10
      vertex 2.78331 38.4108 10
      vertex 1 34 12
    endloop
  endfacet
  facet normal -0.706675 -0.0347269 0.706686
    outer loop
      vertex -30 34 11
      vertex -29.0626 35.2742 12
      vertex -30.0578 35.1762 11
    endloop
  endfacet
  facet normal -0.70668 -0.0347184 0.70668
    outer loop
      vertex -29 34 12
      vertex -29.0626 35.2742 12
      vertex -30 34 11
    endloop
  endfacet
  facet normal -0.998795 -0.0490821 0
    outer loop
      vertex -30 34 1
      vertex -30.0578 35.1762 11
      vertex -30.0578 35.1762 1
    endloop
  endfacet
  facet normal -0.998795 -0.0490821 0
    outer loop
      vertex -30.0578 35.1762 11
      vertex -30 34 1
      vertex -30 34 11
    endloop
  endfacet
  facet normal -0.706675 -0.0347182 -0.706686
    outer loop
      vertex -29.0626 35.2742 0
      vertex -29 34 0
      vertex -30.0578 35.1762 1
    endloop
  endfacet
  facet normal -0.70668 -0.0347272 -0.70668
    outer loop
      vertex -29 34 0
      vertex -30 34 1
      vertex -30.0578 35.1762 1
    endloop
  endfacet
  facet normal 0.70668 0.0347172 -0.706681
    outer loop
      vertex 2.78331 38.4108 2
      vertex 3 34 2
      vertex 0.792943 38.2147 0
    endloop
  endfacet
  facet normal 0.706681 0.0347173 -0.706681
    outer loop
      vertex 3 34 2
      vertex 1 34 0
      vertex 0.792943 38.2147 0
    endloop
  endfacet
  facet normal 0.998795 -0.049068 0
    outer loop
      vertex 2.78331 29.5892 10
      vertex 3 34 2
      vertex 3 34 10
    endloop
  endfacet
  facet normal 0.998795 -0.049068 0
    outer loop
      vertex 3 34 2
      vertex 2.78331 29.5892 10
      vertex 2.78331 29.5892 2
    endloop
  endfacet
  facet normal 0.706681 -0.0347173 0.706681
    outer loop
      vertex 3 34 10
      vertex 1 34 12
      vertex 0.792943 29.7853 12
    endloop
  endfacet
  facet normal 0.70668 -0.0347172 0.706681
    outer loop
      vertex 2.78331 29.5892 10
      vertex 3 34 10
      vertex 0.792943 29.7853 12
    endloop
  endfacet
  facet normal -0.70668 0.0347272 0.70668
    outer loop
      vertex -29 34 12
      vertex -30 34 11
      vertex -30.0578 32.8238 11
    endloop
  endfacet
  facet normal -0.706675 0.0347182 0.706686
    outer loop
      vertex -29.0626 32.7258 12
      vertex -29 34 12
      vertex -30.0578 32.8238 11
    endloop
  endfacet
  facet normal -0.998795 0.0490821 0
    outer loop
      vertex -30.0578 32.8238 1
      vertex -30 34 11
      vertex -30 34 1
    endloop
  endfacet
  facet normal -0.998795 0.0490821 0
    outer loop
      vertex -30 34 11
      vertex -30.0578 32.8238 1
      vertex -30.0578 32.8238 11
    endloop
  endfacet
  facet normal -0.70668 0.0347184 -0.70668
    outer loop
      vertex -29 34 0
      vertex -29.0626 32.7258 0
      vertex -30 34 1
    endloop
  endfacet
  facet normal -0.706675 0.0347269 -0.706686
    outer loop
      vertex -30 34 1
      vertex -29.0626 32.7258 0
      vertex -30.0578 32.8238 1
    endloop
  endfacet
  facet normal 0.706681 -0.0347172 -0.706681
    outer loop
      vertex 3 34 2
      vertex 2.78331 29.5892 2
      vertex 1 34 0
    endloop
  endfacet
  facet normal 0.70668 -0.0347173 -0.706681
    outer loop
      vertex 1 34 0
      vertex 2.78331 29.5892 2
      vertex 0.792943 29.7853 0
    endloop
  endfacet
  facet normal 0.989177 -0.146729 0
    outer loop
      vertex 2.13534 25.2209 10
      vertex 2.78331 29.5892 2
      vertex 2.78331 29.5892 10
    endloop
  endfacet
  facet normal 0.989177 -0.146729 0
    outer loop
      vertex 2.78331 29.5892 2
      vertex 2.13534 25.2209 10
      vertex 2.13534 25.2209 2
    endloop
  endfacet
  facet normal 0.699874 -0.103815 0.706682
    outer loop
      vertex 2.78331 29.5892 10
      vertex 0.792943 29.7853 12
      vertex 0.173766 25.6111 12
    endloop
  endfacet
  facet normal 0.699874 -0.103816 0.706682
    outer loop
      vertex 2.13534 25.2209 10
      vertex 2.78331 29.5892 10
      vertex 0.173766 25.6111 12
    endloop
  endfacet
  facet normal -0.69987 0.103818 0.706685
    outer loop
      vertex -29.0626 32.7258 12
      vertex -30.0578 32.8238 11
      vertex -30.2306 31.6589 11
    endloop
  endfacet
  facet normal -0.699869 0.103816 0.706686
    outer loop
      vertex -29.2498 31.4638 12
      vertex -29.0626 32.7258 12
      vertex -30.2306 31.6589 11
    endloop
  endfacet
  facet normal -0.989176 0.146733 0
    outer loop
      vertex -30.2306 31.6589 1
      vertex -30.0578 32.8238 11
      vertex -30.0578 32.8238 1
    endloop
  endfacet
  facet normal -0.989176 0.146733 0
    outer loop
      vertex -30.0578 32.8238 11
      vertex -30.2306 31.6589 1
      vertex -30.2306 31.6589 11
    endloop
  endfacet
  facet normal -0.69987 0.103816 -0.706685
    outer loop
      vertex -29.0626 32.7258 0
      vertex -29.2498 31.4638 0
      vertex -30.0578 32.8238 1
    endloop
  endfacet
  facet normal -0.699869 0.103818 -0.706686
    outer loop
      vertex -30.0578 32.8238 1
      vertex -29.2498 31.4638 0
      vertex -30.2306 31.6589 1
    endloop
  endfacet
  facet normal 0.699874 -0.103815 -0.706682
    outer loop
      vertex 2.78331 29.5892 2
      vertex 2.13534 25.2209 2
      vertex 0.792943 29.7853 0
    endloop
  endfacet
  facet normal 0.699874 -0.103815 -0.706682
    outer loop
      vertex 0.792943 29.7853 0
      vertex 2.13534 25.2209 2
      vertex 0.173766 25.6111 0
    endloop
  endfacet
  facet normal 0.97003 -0.242984 0
    outer loop
      vertex 1.06231 20.9372 10
      vertex 2.13534 25.2209 2
      vertex 2.13534 25.2209 10
    endloop
  endfacet
  facet normal 0.97003 -0.242984 0
    outer loop
      vertex 2.13534 25.2209 2
      vertex 1.06231 20.9372 10
      vertex 1.06231 20.9372 2
    endloop
  endfacet
  facet normal 0.686327 -0.171918 0.706682
    outer loop
      vertex 2.13534 25.2209 10
      vertex 0.173766 25.6111 12
      vertex -0.851565 21.5178 12
    endloop
  endfacet
  facet normal 0.686328 -0.171919 0.706681
    outer loop
      vertex 1.06231 20.9372 10
      vertex 2.13534 25.2209 10
      vertex -0.851565 21.5178 12
    endloop
  endfacet
  facet normal -0.686327 0.171897 0.706687
    outer loop
      vertex -29.2498 31.4638 12
      vertex -30.2306 31.6589 11
      vertex -30.5167 30.5166 11
    endloop
  endfacet
  facet normal -0.686338 0.171931 0.706668
    outer loop
      vertex -29.5598 30.2263 12
      vertex -29.2498 31.4638 12
      vertex -30.5167 30.5166 11
    endloop
  endfacet
  facet normal -0.970038 0.242955 0
    outer loop
      vertex -30.5167 30.5166 1
      vertex -30.2306 31.6589 11
      vertex -30.2306 31.6589 1
    endloop
  endfacet
  facet normal -0.970038 0.242955 0
    outer loop
      vertex -30.2306 31.6589 11
      vertex -30.5167 30.5166 1
      vertex -30.5167 30.5166 11
    endloop
  endfacet
  facet normal -0.686321 0.171927 -0.706686
    outer loop
      vertex -29.2498 31.4638 0
      vertex -29.5598 30.2263 0
      vertex -30.2306 31.6589 1
    endloop
  endfacet
  facet normal -0.686346 0.171902 -0.706668
    outer loop
      vertex -30.2306 31.6589 1
      vertex -29.5598 30.2263 0
      vertex -30.5167 30.5166 1
    endloop
  endfacet
  facet normal 0.686327 -0.171919 -0.706682
    outer loop
      vertex 2.13534 25.2209 2
      vertex 1.06231 20.9372 2
      vertex 0.173766 25.6111 0
    endloop
  endfacet
  facet normal 0.686328 -0.171918 -0.706681
    outer loop
      vertex 0.173766 25.6111 0
      vertex 1.06231 20.9372 2
      vertex -0.851565 21.5178 0
    endloop
  endfacet
  facet normal 0.941546 -0.336885 0
    outer loop
      vertex -0.425421 16.7792 10
      vertex 1.06231 20.9372 2
      vertex 1.06231 20.9372 10
    endloop
  endfacet
  facet normal 0.941546 -0.336885 0
    outer loop
      vertex 1.06231 20.9372 2
      vertex -0.425421 16.7792 10
      vertex -0.425421 16.7792 2
    endloop
  endfacet
  facet normal 0.666173 -0.238358 0.706681
    outer loop
      vertex 1.06231 20.9372 10
      vertex -0.851565 21.5178 12
      vertex -2.27318 17.5446 12
    endloop
  endfacet
  facet normal 0.666173 -0.238356 0.706682
    outer loop
      vertex -0.425421 16.7792 10
      vertex 1.06231 20.9372 10
      vertex -2.27318 17.5446 12
    endloop
  endfacet
  facet normal -0.66619 0.238346 0.706669
    outer loop
      vertex -29.5598 30.2263 12
      vertex -30.5167 30.5166 11
      vertex -30.9134 29.4078 11
    endloop
  endfacet
  facet normal -0.666196 0.238371 0.706656
    outer loop
      vertex -29.9896 29.0251 12
      vertex -29.5598 30.2263 12
      vertex -30.9134 29.4078 11
    endloop
  endfacet
  facet normal -0.941553 0.336864 0
    outer loop
      vertex -30.9134 29.4078 1
      vertex -30.5167 30.5166 11
      vertex -30.5167 30.5166 1
    endloop
  endfacet
  facet normal -0.941553 0.336864 0
    outer loop
      vertex -30.5167 30.5166 11
      vertex -30.9134 29.4078 1
      vertex -30.9134 29.4078 11
    endloop
  endfacet
  facet normal -0.666184 0.238366 -0.706669
    outer loop
      vertex -29.5598 30.2263 0
      vertex -29.9896 29.0251 0
      vertex -30.5167 30.5166 1
    endloop
  endfacet
  facet normal -0.666203 0.23835 -0.706655
    outer loop
      vertex -30.5167 30.5166 1
      vertex -29.9896 29.0251 0
      vertex -30.9134 29.4078 1
    endloop
  endfacet
  facet normal 0.666174 -0.238357 -0.706682
    outer loop
      vertex 1.06231 20.9372 2
      vertex -0.425421 16.7792 2
      vertex -0.851565 21.5178 0
    endloop
  endfacet
  facet normal 0.666173 -0.238357 -0.706682
    outer loop
      vertex -0.851565 21.5178 0
      vertex -0.425421 16.7792 2
      vertex -2.27318 17.5446 0
    endloop
  endfacet
  facet normal 0.90399 -0.427554 0
    outer loop
      vertex -2.31354 12.7871 10
      vertex -0.425421 16.7792 2
      vertex -0.425421 16.7792 10
    endloop
  endfacet
  facet normal 0.90399 -0.427554 0
    outer loop
      vertex -0.425421 16.7792 2
      vertex -2.31354 12.7871 10
      vertex -2.31354 12.7871 2
    endloop
  endfacet
  facet normal 0.639601 -0.302506 0.706683
    outer loop
      vertex -0.425421 16.7792 10
      vertex -2.27318 17.5446 12
      vertex -4.07738 13.7299 12
    endloop
  endfacet
  facet normal 0.639602 -0.302509 0.706681
    outer loop
      vertex -2.31354 12.7871 10
      vertex -0.425421 16.7792 10
      vertex -4.07738 13.7299 12
    endloop
  endfacet
  facet normal -0.639627 0.30251 0.706658
    outer loop
      vertex -29.9896 29.0251 12
      vertex -30.9134 29.4078 11
      vertex -31.4169 28.3432 11
    endloop
  endfacet
  facet normal -0.639624 0.30248 0.706673
    outer loop
      vertex -30.535 27.8718 12
      vertex -29.9896 29.0251 12
      vertex -31.4169 28.3432 11
    endloop
  endfacet
  facet normal -0.903995 0.427542 0
    outer loop
      vertex -31.4169 28.3432 1
      vertex -30.9134 29.4078 11
      vertex -30.9134 29.4078 1
    endloop
  endfacet
  facet normal -0.903995 0.427542 0
    outer loop
      vertex -30.9134 29.4078 11
      vertex -31.4169 28.3432 1
      vertex -31.4169 28.3432 11
    endloop
  endfacet
  facet normal -0.639637 0.302487 -0.706658
    outer loop
      vertex -29.9896 29.0251 0
      vertex -30.535 27.8718 0
      vertex -30.9134 29.4078 1
    endloop
  endfacet
  facet normal -0.639612 0.302503 -0.706674
    outer loop
      vertex -30.9134 29.4078 1
      vertex -30.535 27.8718 0
      vertex -31.4169 28.3432 1
    endloop
  endfacet
  facet normal 0.6396 -0.302508 -0.706683
    outer loop
      vertex -2.27318 17.5446 0
      vertex -0.425421 16.7792 2
      vertex -2.31354 12.7871 2
    endloop
  endfacet
  facet normal 0.639603 -0.302507 -0.706681
    outer loop
      vertex -2.27318 17.5446 0
      vertex -2.31354 12.7871 2
      vertex -4.07738 13.7299 0
    endloop
  endfacet
  facet normal 0.857725 -0.514108 0
    outer loop
      vertex -4.58387 8.99934 10
      vertex -2.31354 12.7871 2
      vertex -2.31354 12.7871 10
    endloop
  endfacet
  facet normal 0.857725 -0.514108 0
    outer loop
      vertex -2.31354 12.7871 2
      vertex -4.58387 8.99934 10
      vertex -4.58387 8.99934 2
    endloop
  endfacet
  facet normal 0.606868 -0.36375 0.706681
    outer loop
      vertex -2.31354 12.7871 10
      vertex -4.07738 13.7299 12
      vertex -6.24681 10.1105 12
    endloop
  endfacet
  facet normal 0.606867 -0.363748 0.706683
    outer loop
      vertex -4.58387 8.99934 10
      vertex -2.31354 12.7871 10
      vertex -6.24681 10.1105 12
    endloop
  endfacet
  facet normal -0.606843 0.363806 0.706673
    outer loop
      vertex -30.535 27.8718 12
      vertex -31.4169 28.3432 11
      vertex -32.0224 27.3332 11
    endloop
  endfacet
  facet normal -0.606843 0.363762 0.706696
    outer loop
      vertex -31.1909 26.7776 12
      vertex -30.535 27.8718 12
      vertex -32.0224 27.3332 11
    endloop
  endfacet
  facet normal -0.85768 0.514184 0
    outer loop
      vertex -32.0224 27.3332 1
      vertex -31.4169 28.3432 11
      vertex -31.4169 28.3432 1
    endloop
  endfacet
  facet normal -0.85768 0.514184 0
    outer loop
      vertex -31.4169 28.3432 11
      vertex -32.0224 27.3332 1
      vertex -32.0224 27.3332 11
    endloop
  endfacet
  facet normal -0.606862 0.363773 -0.706674
    outer loop
      vertex -30.535 27.8718 0
      vertex -31.1909 26.7776 0
      vertex -31.4169 28.3432 1
    endloop
  endfacet
  facet normal -0.606823 0.363793 -0.706697
    outer loop
      vertex -31.4169 28.3432 1
      vertex -31.1909 26.7776 0
      vertex -32.0224 27.3332 1
    endloop
  endfacet
  facet normal 0.606869 -0.363749 -0.706681
    outer loop
      vertex -4.07738 13.7299 0
      vertex -2.31354 12.7871 2
      vertex -4.58387 8.99934 2
    endloop
  endfacet
  facet normal 0.606866 -0.363749 -0.706683
    outer loop
      vertex -4.07738 13.7299 0
      vertex -4.58387 8.99934 2
      vertex -6.24681 10.1105 0
    endloop
  endfacet
  facet normal 0.803208 -0.595699 0
    outer loop
      vertex -7.21453 5.4523 10
      vertex -4.58387 8.99934 2
      vertex -4.58387 8.99934 10
    endloop
  endfacet
  facet normal 0.803208 -0.595699 0
    outer loop
      vertex -4.58387 8.99934 2
      vertex -7.21453 5.4523 10
      vertex -7.21453 5.4523 2
    endloop
  endfacet
  facet normal 0.568295 -0.421474 0.706683
    outer loop
      vertex -4.58387 8.99934 10
      vertex -6.24681 10.1105 12
      vertex -8.76055 6.72109 12
    endloop
  endfacet
  facet normal 0.568296 -0.421476 0.706681
    outer loop
      vertex -7.21453 5.4523 10
      vertex -4.58387 8.99934 10
      vertex -8.76055 6.72109 12
    endloop
  endfacet
  facet normal -0.568291 0.421457 0.706696
    outer loop
      vertex -31.1909 26.7776 12
      vertex -32.0224 27.3332 11
      vertex -32.7239 26.3873 11
    endloop
  endfacet
  facet normal -0.568288 0.421488 0.706679
    outer loop
      vertex -31.9509 25.7529 12
      vertex -31.1909 26.7776 12
      vertex -32.7239 26.3873 11
    endloop
  endfacet
  facet normal -0.803219 0.595684 0
    outer loop
      vertex -32.7239 26.3873 1
      vertex -32.0224 27.3332 11
      vertex -32.0224 27.3332 1
    endloop
  endfacet
  facet normal -0.803219 0.595684 0
    outer loop
      vertex -32.0224 27.3332 11
      vertex -32.7239 26.3873 1
      vertex -32.7239 26.3873 11
    endloop
  endfacet
  facet normal -0.568276 0.421479 -0.706695
    outer loop
      vertex -31.1909 26.7776 0
      vertex -31.9509 25.7529 0
      vertex -32.0224 27.3332 1
    endloop
  endfacet
  facet normal -0.568305 0.421467 -0.706679
    outer loop
      vertex -32.0224 27.3332 1
      vertex -31.9509 25.7529 0
      vertex -32.7239 26.3873 1
    endloop
  endfacet
  facet normal 0.568294 -0.421475 -0.706683
    outer loop
      vertex -6.24681 10.1105 0
      vertex -4.58387 8.99934 2
      vertex -7.21453 5.4523 2
    endloop
  endfacet
  facet normal 0.568297 -0.421475 -0.706681
    outer loop
      vertex -6.24681 10.1105 0
      vertex -7.21453 5.4523 2
      vertex -8.76055 6.72109 0
    endloop
  endfacet
  facet normal 0.740951 -0.671559 0
    outer loop
      vertex -10.1802 2.18019 10
      vertex -7.21453 5.4523 2
      vertex -7.21453 5.4523 10
    endloop
  endfacet
  facet normal 0.740951 -0.671559 0
    outer loop
      vertex -7.21453 5.4523 2
      vertex -10.1802 2.18019 10
      vertex -10.1802 2.18019 2
    endloop
  endfacet
  facet normal 0.524248 -0.475149 0.706681
    outer loop
      vertex -7.21453 5.4523 10
      vertex -8.76055 6.72109 12
      vertex -11.5944 3.59441 12
    endloop
  endfacet
  facet normal 0.524248 -0.475151 0.70668
    outer loop
      vertex -10.1802 2.18019 10
      vertex -7.21453 5.4523 10
      vertex -11.5944 3.59441 12
    endloop
  endfacet
  facet normal -0.524271 0.475124 0.70668
    outer loop
      vertex -31.9509 25.7529 12
      vertex -32.7239 26.3873 11
      vertex -33.5147 25.5147 11
    endloop
  endfacet
  facet normal -0.52427 0.475131 0.706676
    outer loop
      vertex -32.8076 24.8076 12
      vertex -31.9509 25.7529 12
      vertex -33.5147 25.5147 11
    endloop
  endfacet
  facet normal -0.740984 0.671522 0
    outer loop
      vertex -33.5147 25.5147 1
      vertex -32.7239 26.3873 11
      vertex -32.7239 26.3873 1
    endloop
  endfacet
  facet normal -0.740984 0.671522 0
    outer loop
      vertex -32.7239 26.3873 11
      vertex -33.5147 25.5147 1
      vertex -33.5147 25.5147 11
    endloop
  endfacet
  facet normal -0.524267 0.475129 -0.70668
    outer loop
      vertex -32.7239 26.3873 1
      vertex -31.9509 25.7529 0
      vertex -32.8076 24.8076 0
    endloop
  endfacet
  facet normal -0.524274 0.475127 -0.706676
    outer loop
      vertex -32.7239 26.3873 1
      vertex -32.8076 24.8076 0
      vertex -33.5147 25.5147 1
    endloop
  endfacet
  facet normal 0.524247 -0.47515 -0.706681
    outer loop
      vertex -8.76055 6.72109 0
      vertex -7.21453 5.4523 2
      vertex -10.1802 2.18019 2
    endloop
  endfacet
  facet normal 0.524249 -0.47515 -0.706679
    outer loop
      vertex -8.76055 6.72109 0
      vertex -10.1802 2.18019 2
      vertex -11.5944 3.59441 0
    endloop
  endfacet
  facet normal 0.671559 -0.740951 0
    outer loop
      vertex -13.4523 -0.78547 2
      vertex -10.1802 2.18019 10
      vertex -13.4523 -0.78547 10
    endloop
  endfacet
  facet normal 0.671559 -0.740951 0
    outer loop
      vertex -10.1802 2.18019 10
      vertex -13.4523 -0.78547 2
      vertex -10.1802 2.18019 2
    endloop
  endfacet
  facet normal 0.475149 -0.524249 0.70668
    outer loop
      vertex -10.1802 2.18019 10
      vertex -11.5944 3.59441 12
      vertex -14.7211 0.76055 12
    endloop
  endfacet
  facet normal 0.475149 -0.524246 0.706682
    outer loop
      vertex -13.4523 -0.78547 10
      vertex -10.1802 2.18019 10
      vertex -14.7211 0.76055 12
    endloop
  endfacet
  facet normal -0.475127 0.524274 0.706676
    outer loop
      vertex -32.8076 24.8076 12
      vertex -33.5147 25.5147 11
      vertex -34.3873 24.7239 11
    endloop
  endfacet
  facet normal -0.475129 0.524267 0.70668
    outer loop
      vertex -33.7529 23.9509 12
      vertex -32.8076 24.8076 12
      vertex -34.3873 24.7239 11
    endloop
  endfacet
  facet normal -0.671522 0.740984 0
    outer loop
      vertex -33.5147 25.5147 1
      vertex -34.3873 24.7239 11
      vertex -33.5147 25.5147 11
    endloop
  endfacet
  facet normal -0.671522 0.740984 0
    outer loop
      vertex -34.3873 24.7239 11
      vertex -33.5147 25.5147 1
      vertex -34.3873 24.7239 1
    endloop
  endfacet
  facet normal -0.475131 0.52427 -0.706676
    outer loop
      vertex -33.5147 25.5147 1
      vertex -32.8076 24.8076 0
      vertex -33.7529 23.9509 0
    endloop
  endfacet
  facet normal -0.475124 0.524271 -0.70668
    outer loop
      vertex -33.5147 25.5147 1
      vertex -33.7529 23.9509 0
      vertex -34.3873 24.7239 1
    endloop
  endfacet
  facet normal 0.475151 -0.524248 -0.70668
    outer loop
      vertex -11.5944 3.59441 0
      vertex -10.1802 2.18019 2
      vertex -13.4523 -0.78547 2
    endloop
  endfacet
  facet normal 0.475148 -0.524247 -0.706682
    outer loop
      vertex -11.5944 3.59441 0
      vertex -13.4523 -0.78547 2
      vertex -14.7211 0.76055 0
    endloop
  endfacet
  facet normal 0.595703 -0.803205 0
    outer loop
      vertex -16.9993 -3.41613 2
      vertex -13.4523 -0.78547 10
      vertex -16.9993 -3.41613 10
    endloop
  endfacet
  facet normal 0.595703 -0.803205 0
    outer loop
      vertex -13.4523 -0.78547 10
      vertex -16.9993 -3.41613 2
      vertex -13.4523 -0.78547 2
    endloop
  endfacet
  facet normal 0.421475 -0.568295 0.706682
    outer loop
      vertex -13.4523 -0.78547 10
      vertex -14.7211 0.76055 12
      vertex -18.1105 -1.75319 12
    endloop
  endfacet
  facet normal 0.421476 -0.568289 0.706687
    outer loop
      vertex -16.9993 -3.41613 10
      vertex -13.4523 -0.78547 10
      vertex -18.1105 -1.75319 12
    endloop
  endfacet
  facet normal -0.421467 0.568305 0.706679
    outer loop
      vertex -33.7529 23.9509 12
      vertex -34.3873 24.7239 11
      vertex -35.3332 24.0224 11
    endloop
  endfacet
  facet normal -0.421479 0.568276 0.706695
    outer loop
      vertex -34.7776 23.1909 12
      vertex -33.7529 23.9509 12
      vertex -35.3332 24.0224 11
    endloop
  endfacet
  facet normal -0.595684 0.803219 0
    outer loop
      vertex -34.3873 24.7239 1
      vertex -35.3332 24.0224 11
      vertex -34.3873 24.7239 11
    endloop
  endfacet
  facet normal -0.595684 0.803219 0
    outer loop
      vertex -35.3332 24.0224 11
      vertex -34.3873 24.7239 1
      vertex -35.3332 24.0224 1
    endloop
  endfacet
  facet normal -0.421488 0.568288 -0.706679
    outer loop
      vertex -34.3873 24.7239 1
      vertex -33.7529 23.9509 0
      vertex -34.7776 23.1909 0
    endloop
  endfacet
  facet normal -0.421457 0.568291 -0.706696
    outer loop
      vertex -34.3873 24.7239 1
      vertex -34.7776 23.1909 0
      vertex -35.3332 24.0224 1
    endloop
  endfacet
  facet normal 0.421479 -0.568293 -0.706682
    outer loop
      vertex -14.7211 0.76055 0
      vertex -13.4523 -0.78547 2
      vertex -16.9993 -3.41613 2
    endloop
  endfacet
  facet normal 0.421472 -0.568291 -0.706687
    outer loop
      vertex -14.7211 0.76055 0
      vertex -16.9993 -3.41613 2
      vertex -18.1105 -1.75319 0
    endloop
  endfacet
  facet normal 0.514104 -0.857728 0
    outer loop
      vertex -20.7871 -5.68646 2
      vertex -16.9993 -3.41613 10
      vertex -20.7871 -5.68646 10
    endloop
  endfacet
  facet normal 0.514104 -0.857728 0
    outer loop
      vertex -16.9993 -3.41613 10
      vertex -20.7871 -5.68646 2
      vertex -16.9993 -3.41613 2
    endloop
  endfacet
  facet normal 0.363746 -0.606864 0.706686
    outer loop
      vertex -16.9993 -3.41613 10
      vertex -18.1105 -1.75319 12
      vertex -21.7299 -3.92261 12
    endloop
  endfacet
  facet normal 0.363745 -0.606869 0.706682
    outer loop
      vertex -20.7871 -5.68646 10
      vertex -16.9993 -3.41613 10
      vertex -21.7299 -3.92261 12
    endloop
  endfacet
  facet normal -0.363793 0.606823 0.706697
    outer loop
      vertex -34.7776 23.1909 12
      vertex -35.3332 24.0224 11
      vertex -36.3432 23.4169 11
    endloop
  endfacet
  facet normal -0.363773 0.606862 0.706674
    outer loop
      vertex -35.8718 22.535 12
      vertex -34.7776 23.1909 12
      vertex -36.3432 23.4169 11
    endloop
  endfacet
  facet normal -0.514184 0.85768 0
    outer loop
      vertex -35.3332 24.0224 1
      vertex -36.3432 23.4169 11
      vertex -35.3332 24.0224 11
    endloop
  endfacet
  facet normal -0.514184 0.85768 0
    outer loop
      vertex -36.3432 23.4169 11
      vertex -35.3332 24.0224 1
      vertex -36.3432 23.4169 1
    endloop
  endfacet
  facet normal -0.363762 0.606843 -0.706696
    outer loop
      vertex -35.3332 24.0224 1
      vertex -34.7776 23.1909 0
      vertex -35.8718 22.535 0
    endloop
  endfacet
  facet normal -0.363806 0.606843 -0.706673
    outer loop
      vertex -35.3332 24.0224 1
      vertex -35.8718 22.535 0
      vertex -36.3432 23.4169 1
    endloop
  endfacet
  facet normal 0.363743 -0.606866 -0.706686
    outer loop
      vertex -18.1105 -1.75319 0
      vertex -16.9993 -3.41613 2
      vertex -20.7871 -5.68646 2
    endloop
  endfacet
  facet normal 0.363748 -0.606867 -0.706682
    outer loop
      vertex -18.1105 -1.75319 0
      vertex -20.7871 -5.68646 2
      vertex -21.7299 -3.92261 0
    endloop
  endfacet
  facet normal 0.427555 -0.90399 0
    outer loop
      vertex -24.7792 -7.57458 2
      vertex -20.7871 -5.68646 10
      vertex -24.7792 -7.57458 10
    endloop
  endfacet
  facet normal 0.427555 -0.90399 0
    outer loop
      vertex -20.7871 -5.68646 10
      vertex -24.7792 -7.57458 2
      vertex -20.7871 -5.68646 2
    endloop
  endfacet
  facet normal 0.302507 -0.639601 0.706682
    outer loop
      vertex -20.7871 -5.68646 10
      vertex -21.7299 -3.92261 12
      vertex -25.5446 -5.72682 12
    endloop
  endfacet
  facet normal 0.302508 -0.6396 0.706683
    outer loop
      vertex -24.7792 -7.57458 10
      vertex -20.7871 -5.68646 10
      vertex -25.5446 -5.72682 12
    endloop
  endfacet
  facet normal -0.302503 0.639612 0.706674
    outer loop
      vertex -35.8718 22.535 12
      vertex -36.3432 23.4169 11
      vertex -37.4078 22.9134 11
    endloop
  endfacet
  facet normal -0.302487 0.639637 0.706658
    outer loop
      vertex -37.0251 21.9896 12
      vertex -35.8718 22.535 12
      vertex -37.4078 22.9134 11
    endloop
  endfacet
  facet normal -0.427542 0.903995 0
    outer loop
      vertex -36.3432 23.4169 1
      vertex -37.4078 22.9134 11
      vertex -36.3432 23.4169 11
    endloop
  endfacet
  facet normal -0.427542 0.903995 0
    outer loop
      vertex -37.4078 22.9134 11
      vertex -36.3432 23.4169 1
      vertex -37.4078 22.9134 1
    endloop
  endfacet
  facet normal -0.30248 0.639624 -0.706673
    outer loop
      vertex -36.3432 23.4169 1
      vertex -35.8718 22.535 0
      vertex -37.0251 21.9896 0
    endloop
  endfacet
  facet normal -0.30251 0.639627 -0.706658
    outer loop
      vertex -36.3432 23.4169 1
      vertex -37.0251 21.9896 0
      vertex -37.4078 22.9134 1
    endloop
  endfacet
  facet normal 0.302508 -0.639601 -0.706682
    outer loop
      vertex -21.7299 -3.92261 0
      vertex -20.7871 -5.68646 2
      vertex -24.7792 -7.57458 2
    endloop
  endfacet
  facet normal 0.302507 -0.6396 -0.706683
    outer loop
      vertex -21.7299 -3.92261 0
      vertex -24.7792 -7.57458 2
      vertex -25.5446 -5.72682 0
    endloop
  endfacet
  facet normal 0.336885 -0.941546 0
    outer loop
      vertex -28.9372 -9.06231 2
      vertex -24.7792 -7.57458 10
      vertex -28.9372 -9.06231 10
    endloop
  endfacet
  facet normal 0.336885 -0.941546 0
    outer loop
      vertex -24.7792 -7.57458 10
      vertex -28.9372 -9.06231 2
      vertex -24.7792 -7.57458 2
    endloop
  endfacet
  facet normal 0.238356 -0.666173 0.706683
    outer loop
      vertex -24.7792 -7.57458 10
      vertex -25.5446 -5.72682 12
      vertex -29.5178 -7.14843 12
    endloop
  endfacet
  facet normal 0.238356 -0.666173 0.706682
    outer loop
      vertex -28.9372 -9.06231 10
      vertex -24.7792 -7.57458 10
      vertex -29.5178 -7.14843 12
    endloop
  endfacet
  facet normal -0.23835 0.666203 0.706655
    outer loop
      vertex -37.0251 21.9896 12
      vertex -37.4078 22.9134 11
      vertex -38.5166 22.5167 11
    endloop
  endfacet
  facet normal -0.238366 0.666184 0.706669
    outer loop
      vertex -38.2263 21.5598 12
      vertex -37.0251 21.9896 12
      vertex -38.5166 22.5167 11
    endloop
  endfacet
  facet normal -0.336864 0.941553 0
    outer loop
      vertex -37.4078 22.9134 1
      vertex -38.5166 22.5167 11
      vertex -37.4078 22.9134 11
    endloop
  endfacet
  facet normal -0.336864 0.941553 0
    outer loop
      vertex -38.5166 22.5167 11
      vertex -37.4078 22.9134 1
      vertex -38.5166 22.5167 1
    endloop
  endfacet
  facet normal -0.238371 0.666196 -0.706656
    outer loop
      vertex -37.4078 22.9134 1
      vertex -37.0251 21.9896 0
      vertex -38.2263 21.5598 0
    endloop
  endfacet
  facet normal -0.238346 0.66619 -0.706669
    outer loop
      vertex -37.4078 22.9134 1
      vertex -38.2263 21.5598 0
      vertex -38.5166 22.5167 1
    endloop
  endfacet
  facet normal 0.238356 -0.666173 -0.706683
    outer loop
      vertex -25.5446 -5.72682 0
      vertex -24.7792 -7.57458 2
      vertex -28.9372 -9.06231 2
    endloop
  endfacet
  facet normal 0.238356 -0.666173 -0.706682
    outer loop
      vertex -25.5446 -5.72682 0
      vertex -28.9372 -9.06231 2
      vertex -29.5178 -7.14843 0
    endloop
  endfacet
  facet normal 0.242976 -0.970032 0
    outer loop
      vertex -33.2209 -10.1353 2
      vertex -28.9372 -9.06231 10
      vertex -33.2209 -10.1353 10
    endloop
  endfacet
  facet normal 0.242976 -0.970032 0
    outer loop
      vertex -28.9372 -9.06231 10
      vertex -33.2209 -10.1353 2
      vertex -28.9372 -9.06231 2
    endloop
  endfacet
  facet normal 0.17192 -0.686327 0.706682
    outer loop
      vertex -28.9372 -9.06231 10
      vertex -29.5178 -7.14843 12
      vertex -33.6111 -8.17377 12
    endloop
  endfacet
  facet normal 0.171915 -0.686336 0.706674
    outer loop
      vertex -33.2209 -10.1353 10
      vertex -28.9372 -9.06231 10
      vertex -33.6111 -8.17377 12
    endloop
  endfacet
  facet normal -0.171902 0.686346 0.706668
    outer loop
      vertex -38.2263 21.5598 12
      vertex -38.5166 22.5167 11
      vertex -39.6589 22.2306 11
    endloop
  endfacet
  facet normal -0.171927 0.686321 0.706686
    outer loop
      vertex -39.4638 21.2498 12
      vertex -38.2263 21.5598 12
      vertex -39.6589 22.2306 11
    endloop
  endfacet
  facet normal -0.242955 0.970038 0
    outer loop
      vertex -38.5166 22.5167 1
      vertex -39.6589 22.2306 11
      vertex -38.5166 22.5167 11
    endloop
  endfacet
  facet normal -0.242955 0.970038 0
    outer loop
      vertex -39.6589 22.2306 11
      vertex -38.5166 22.5167 1
      vertex -39.6589 22.2306 1
    endloop
  endfacet
  facet normal -0.171931 0.686338 -0.706668
    outer loop
      vertex -38.5166 22.5167 1
      vertex -38.2263 21.5598 0
      vertex -39.4638 21.2498 0
    endloop
  endfacet
  facet normal -0.171897 0.686327 -0.706687
    outer loop
      vertex -38.5166 22.5167 1
      vertex -39.4638 21.2498 0
      vertex -39.6589 22.2306 1
    endloop
  endfacet
  facet normal 0.171913 -0.686329 -0.706682
    outer loop
      vertex -29.5178 -7.14843 0
      vertex -28.9372 -9.06231 2
      vertex -33.2209 -10.1353 2
    endloop
  endfacet
  facet normal 0.171921 -0.686334 -0.706674
    outer loop
      vertex -29.5178 -7.14843 0
      vertex -33.2209 -10.1353 2
      vertex -33.6111 -8.17377 0
    endloop
  endfacet
  facet normal 0.146736 -0.989176 0
    outer loop
      vertex -37.5892 -10.7833 2
      vertex -33.2209 -10.1353 10
      vertex -37.5892 -10.7833 10
    endloop
  endfacet
  facet normal 0.146736 -0.989176 0
    outer loop
      vertex -33.2209 -10.1353 10
      vertex -37.5892 -10.7833 2
      vertex -33.2209 -10.1353 2
    endloop
  endfacet
  facet normal 0.103815 -0.699882 0.706674
    outer loop
      vertex -33.2209 -10.1353 10
      vertex -33.6111 -8.17377 12
      vertex -37.7853 -8.79294 12
    endloop
  endfacet
  facet normal 0.10382 -0.699874 0.70668
    outer loop
      vertex -37.5892 -10.7833 10
      vertex -33.2209 -10.1353 10
      vertex -37.7853 -8.79294 12
    endloop
  endfacet
  facet normal -0.103818 0.699869 0.706686
    outer loop
      vertex -39.4638 21.2498 12
      vertex -39.6589 22.2306 11
      vertex -40.8238 22.0578 11
    endloop
  endfacet
  facet normal -0.103816 0.69987 0.706685
    outer loop
      vertex -40.7258 21.0626 12
      vertex -39.4638 21.2498 12
      vertex -40.8238 22.0578 11
    endloop
  endfacet
  facet normal -0.146733 0.989176 0
    outer loop
      vertex -39.6589 22.2306 1
      vertex -40.8238 22.0578 11
      vertex -39.6589 22.2306 11
    endloop
  endfacet
  facet normal -0.146733 0.989176 0
    outer loop
      vertex -40.8238 22.0578 11
      vertex -39.6589 22.2306 1
      vertex -40.8238 22.0578 1
    endloop
  endfacet
  facet normal -0.103816 0.699869 -0.706686
    outer loop
      vertex -39.6589 22.2306 1
      vertex -39.4638 21.2498 0
      vertex -40.7258 21.0626 0
    endloop
  endfacet
  facet normal -0.103818 0.69987 -0.706685
    outer loop
      vertex -39.6589 22.2306 1
      vertex -40.7258 21.0626 0
      vertex -40.8238 22.0578 1
    endloop
  endfacet
  facet normal 0.103821 -0.699881 -0.706674
    outer loop
      vertex -33.6111 -8.17377 0
      vertex -33.2209 -10.1353 2
      vertex -37.5892 -10.7833 2
    endloop
  endfacet
  facet normal 0.103814 -0.699875 -0.706681
    outer loop
      vertex -33.6111 -8.17377 0
      vertex -37.5892 -10.7833 2
      vertex -37.7853 -8.79294 0
    endloop
  endfacet
  facet normal 0.0490702 -0.998795 0
    outer loop
      vertex -42 -11 2
      vertex -37.5892 -10.7833 10
      vertex -42 -11 10
    endloop
  endfacet
  facet normal 0.0490702 -0.998795 0
    outer loop
      vertex -37.5892 -10.7833 10
      vertex -42 -11 2
      vertex -37.5892 -10.7833 2
    endloop
  endfacet
  facet normal 0.0347179 -0.706682 0.706679
    outer loop
      vertex -37.5892 -10.7833 10
      vertex -37.7853 -8.79294 12
      vertex -42 -9 12
    endloop
  endfacet
  facet normal 0.0347188 -0.70668 0.70668
    outer loop
      vertex -37.5892 -10.7833 10
      vertex -42 -9 12
      vertex -42 -11 10
    endloop
  endfacet
  facet normal -0.0347269 0.706675 0.706686
    outer loop
      vertex -40.7258 21.0626 12
      vertex -40.8238 22.0578 11
      vertex -42 22 11
    endloop
  endfacet
  facet normal -0.0347184 0.70668 0.70668
    outer loop
      vertex -40.7258 21.0626 12
      vertex -42 22 11
      vertex -42 21 12
    endloop
  endfacet
  facet normal -0.0490821 0.998795 0
    outer loop
      vertex -40.8238 22.0578 1
      vertex -42 22 11
      vertex -40.8238 22.0578 11
    endloop
  endfacet
  facet normal -0.0490821 0.998795 0
    outer loop
      vertex -42 22 11
      vertex -40.8238 22.0578 1
      vertex -42 22 1
    endloop
  endfacet
  facet normal -0.0347182 0.706675 -0.706686
    outer loop
      vertex -40.8238 22.0578 1
      vertex -40.7258 21.0626 0
      vertex -42 21 0
    endloop
  endfacet
  facet normal -0.0347272 0.70668 -0.70668
    outer loop
      vertex -42 22 1
      vertex -40.8238 22.0578 1
      vertex -42 21 0
    endloop
  endfacet
  facet normal 0.0347188 -0.706681 -0.706679
    outer loop
      vertex -37.7853 -8.79294 0
      vertex -37.5892 -10.7833 2
      vertex -42 -11 2
    endloop
  endfacet
  facet normal 0.0347178 -0.706681 -0.706681
    outer loop
      vertex -42 -9 0
      vertex -37.7853 -8.79294 0
      vertex -42 -11 2
    endloop
  endfacet
  facet normal -0.0490702 -0.998795 0
    outer loop
      vertex -46.4108 -10.7833 2
      vertex -42 -11 10
      vertex -46.4108 -10.7833 10
    endloop
  endfacet
  facet normal -0.0490702 -0.998795 -0
    outer loop
      vertex -42 -11 10
      vertex -46.4108 -10.7833 2
      vertex -42 -11 2
    endloop
  endfacet
  facet normal -0.0347178 -0.706681 0.706681
    outer loop
      vertex -42 -11 10
      vertex -42 -9 12
      vertex -46.2147 -8.79294 12
    endloop
  endfacet
  facet normal -0.0347188 -0.706681 0.706679
    outer loop
      vertex -42 -11 10
      vertex -46.2147 -8.79294 12
      vertex -46.4108 -10.7833 10
    endloop
  endfacet
  facet normal 0.0347272 0.70668 0.70668
    outer loop
      vertex -42 21 12
      vertex -42 22 11
      vertex -43.1762 22.0578 11
    endloop
  endfacet
  facet normal 0.0347182 0.706675 0.706686
    outer loop
      vertex -42 21 12
      vertex -43.1762 22.0578 11
      vertex -43.2742 21.0626 12
    endloop
  endfacet
  facet normal 0.0490821 0.998795 -0
    outer loop
      vertex -42 22 1
      vertex -43.1762 22.0578 11
      vertex -42 22 11
    endloop
  endfacet
  facet normal 0.0490821 0.998795 0
    outer loop
      vertex -43.1762 22.0578 11
      vertex -42 22 1
      vertex -43.1762 22.0578 1
    endloop
  endfacet
  facet normal 0.0347184 0.70668 -0.70668
    outer loop
      vertex -42 22 1
      vertex -42 21 0
      vertex -43.2742 21.0626 0
    endloop
  endfacet
  facet normal 0.0347269 0.706675 -0.706686
    outer loop
      vertex -43.1762 22.0578 1
      vertex -42 22 1
      vertex -43.2742 21.0626 0
    endloop
  endfacet
  facet normal -0.0347188 -0.70668 -0.70668
    outer loop
      vertex -42 -9 0
      vertex -42 -11 2
      vertex -46.4108 -10.7833 2
    endloop
  endfacet
  facet normal -0.0347179 -0.706682 -0.706679
    outer loop
      vertex -46.2147 -8.79294 0
      vertex -42 -9 0
      vertex -46.4108 -10.7833 2
    endloop
  endfacet
  facet normal -0.146736 -0.989176 0
    outer loop
      vertex -50.7791 -10.1353 2
      vertex -46.4108 -10.7833 10
      vertex -50.7791 -10.1353 10
    endloop
  endfacet
  facet normal -0.146736 -0.989176 -0
    outer loop
      vertex -46.4108 -10.7833 10
      vertex -50.7791 -10.1353 2
      vertex -46.4108 -10.7833 2
    endloop
  endfacet
  facet normal -0.103814 -0.699875 0.706681
    outer loop
      vertex -46.4108 -10.7833 10
      vertex -46.2147 -8.79294 12
      vertex -50.3889 -8.17377 12
    endloop
  endfacet
  facet normal -0.103821 -0.699881 0.706674
    outer loop
      vertex -46.4108 -10.7833 10
      vertex -50.3889 -8.17377 12
      vertex -50.7791 -10.1353 10
    endloop
  endfacet
  facet normal 0.103818 0.69987 0.706685
    outer loop
      vertex -43.2742 21.0626 12
      vertex -43.1762 22.0578 11
      vertex -44.3411 22.2306 11
    endloop
  endfacet
  facet normal 0.103816 0.699869 0.706686
    outer loop
      vertex -43.2742 21.0626 12
      vertex -44.3411 22.2306 11
      vertex -44.5362 21.2498 12
    endloop
  endfacet
  facet normal 0.146733 0.989176 -0
    outer loop
      vertex -43.1762 22.0578 1
      vertex -44.3411 22.2306 11
      vertex -43.1762 22.0578 11
    endloop
  endfacet
  facet normal 0.146733 0.989176 0
    outer loop
      vertex -44.3411 22.2306 11
      vertex -43.1762 22.0578 1
      vertex -44.3411 22.2306 1
    endloop
  endfacet
  facet normal 0.103816 0.69987 -0.706685
    outer loop
      vertex -43.1762 22.0578 1
      vertex -43.2742 21.0626 0
      vertex -44.5362 21.2498 0
    endloop
  endfacet
  facet normal 0.103818 0.699869 -0.706686
    outer loop
      vertex -44.3411 22.2306 1
      vertex -43.1762 22.0578 1
      vertex -44.5362 21.2498 0
    endloop
  endfacet
  facet normal -0.10382 -0.699874 -0.70668
    outer loop
      vertex -46.2147 -8.79294 0
      vertex -46.4108 -10.7833 2
      vertex -50.7791 -10.1353 2
    endloop
  endfacet
  facet normal -0.103815 -0.699882 -0.706674
    outer loop
      vertex -50.3889 -8.17377 0
      vertex -46.2147 -8.79294 0
      vertex -50.7791 -10.1353 2
    endloop
  endfacet
  facet normal -0.242976 -0.970032 0
    outer loop
      vertex -55.0628 -9.06231 2
      vertex -50.7791 -10.1353 10
      vertex -55.0628 -9.06231 10
    endloop
  endfacet
  facet normal -0.242976 -0.970032 -0
    outer loop
      vertex -50.7791 -10.1353 10
      vertex -55.0628 -9.06231 2
      vertex -50.7791 -10.1353 2
    endloop
  endfacet
  facet normal -0.171921 -0.686334 0.706674
    outer loop
      vertex -50.7791 -10.1353 10
      vertex -50.3889 -8.17377 12
      vertex -54.4822 -7.14843 12
    endloop
  endfacet
  facet normal -0.171913 -0.686329 0.706682
    outer loop
      vertex -50.7791 -10.1353 10
      vertex -54.4822 -7.14843 12
      vertex -55.0628 -9.06231 10
    endloop
  endfacet
  facet normal 0.171897 0.686327 0.706687
    outer loop
      vertex -44.5362 21.2498 12
      vertex -44.3411 22.2306 11
      vertex -45.4834 22.5167 11
    endloop
  endfacet
  facet normal 0.171931 0.686338 0.706668
    outer loop
      vertex -44.5362 21.2498 12
      vertex -45.4834 22.5167 11
      vertex -45.7737 21.5598 12
    endloop
  endfacet
  facet normal 0.242955 0.970038 -0
    outer loop
      vertex -44.3411 22.2306 1
      vertex -45.4834 22.5167 11
      vertex -44.3411 22.2306 11
    endloop
  endfacet
  facet normal 0.242955 0.970038 0
    outer loop
      vertex -45.4834 22.5167 11
      vertex -44.3411 22.2306 1
      vertex -45.4834 22.5167 1
    endloop
  endfacet
  facet normal 0.171927 0.686321 -0.706686
    outer loop
      vertex -44.3411 22.2306 1
      vertex -44.5362 21.2498 0
      vertex -45.7737 21.5598 0
    endloop
  endfacet
  facet normal 0.171902 0.686346 -0.706668
    outer loop
      vertex -45.4834 22.5167 1
      vertex -44.3411 22.2306 1
      vertex -45.7737 21.5598 0
    endloop
  endfacet
  facet normal -0.171915 -0.686336 -0.706674
    outer loop
      vertex -50.3889 -8.17377 0
      vertex -50.7791 -10.1353 2
      vertex -55.0628 -9.06231 2
    endloop
  endfacet
  facet normal -0.17192 -0.686327 -0.706682
    outer loop
      vertex -54.4822 -7.14843 0
      vertex -50.3889 -8.17377 0
      vertex -55.0628 -9.06231 2
    endloop
  endfacet
  facet normal -0.336885 -0.941546 0
    outer loop
      vertex -59.2208 -7.57458 2
      vertex -55.0628 -9.06231 10
      vertex -59.2208 -7.57458 10
    endloop
  endfacet
  facet normal -0.336885 -0.941546 -0
    outer loop
      vertex -55.0628 -9.06231 10
      vertex -59.2208 -7.57458 2
      vertex -55.0628 -9.06231 2
    endloop
  endfacet
  facet normal -0.238356 -0.666173 0.706682
    outer loop
      vertex -55.0628 -9.06231 10
      vertex -54.4822 -7.14843 12
      vertex -58.4554 -5.72682 12
    endloop
  endfacet
  facet normal -0.238356 -0.666173 0.706683
    outer loop
      vertex -55.0628 -9.06231 10
      vertex -58.4554 -5.72682 12
      vertex -59.2208 -7.57458 10
    endloop
  endfacet
  facet normal 0.238346 0.66619 0.706669
    outer loop
      vertex -45.7737 21.5598 12
      vertex -45.4834 22.5167 11
      vertex -46.5922 22.9134 11
    endloop
  endfacet
  facet normal 0.238371 0.666196 0.706656
    outer loop
      vertex -45.7737 21.5598 12
      vertex -46.5922 22.9134 11
      vertex -46.9749 21.9896 12
    endloop
  endfacet
  facet normal 0.336864 0.941553 -0
    outer loop
      vertex -45.4834 22.5167 1
      vertex -46.5922 22.9134 11
      vertex -45.4834 22.5167 11
    endloop
  endfacet
  facet normal 0.336864 0.941553 0
    outer loop
      vertex -46.5922 22.9134 11
      vertex -45.4834 22.5167 1
      vertex -46.5922 22.9134 1
    endloop
  endfacet
  facet normal 0.238366 0.666184 -0.706669
    outer loop
      vertex -45.4834 22.5167 1
      vertex -45.7737 21.5598 0
      vertex -46.9749 21.9896 0
    endloop
  endfacet
  facet normal 0.23835 0.666203 -0.706655
    outer loop
      vertex -46.5922 22.9134 1
      vertex -45.4834 22.5167 1
      vertex -46.9749 21.9896 0
    endloop
  endfacet
  facet normal -0.238356 -0.666173 -0.706682
    outer loop
      vertex -54.4822 -7.14843 0
      vertex -55.0628 -9.06231 2
      vertex -59.2208 -7.57458 2
    endloop
  endfacet
  facet normal -0.238356 -0.666173 -0.706683
    outer loop
      vertex -58.4554 -5.72682 0
      vertex -54.4822 -7.14843 0
      vertex -59.2208 -7.57458 2
    endloop
  endfacet
  facet normal -0.427555 -0.90399 0
    outer loop
      vertex -63.2129 -5.68646 2
      vertex -59.2208 -7.57458 10
      vertex -63.2129 -5.68646 10
    endloop
  endfacet
  facet normal -0.427555 -0.90399 -0
    outer loop
      vertex -59.2208 -7.57458 10
      vertex -63.2129 -5.68646 2
      vertex -59.2208 -7.57458 2
    endloop
  endfacet
  facet normal -0.302507 -0.6396 0.706683
    outer loop
      vertex -59.2208 -7.57458 10
      vertex -58.4554 -5.72682 12
      vertex -62.2701 -3.92261 12
    endloop
  endfacet
  facet normal -0.302508 -0.639601 0.706682
    outer loop
      vertex -59.2208 -7.57458 10
      vertex -62.2701 -3.92261 12
      vertex -63.2129 -5.68646 10
    endloop
  endfacet
  facet normal 0.30251 0.639627 0.706658
    outer loop
      vertex -46.9749 21.9896 12
      vertex -46.5922 22.9134 11
      vertex -47.6568 23.4169 11
    endloop
  endfacet
  facet normal 0.30248 0.639624 0.706673
    outer loop
      vertex -46.9749 21.9896 12
      vertex -47.6568 23.4169 11
      vertex -48.1282 22.535 12
    endloop
  endfacet
  facet normal 0.427542 0.903995 -0
    outer loop
      vertex -46.5922 22.9134 1
      vertex -47.6568 23.4169 11
      vertex -46.5922 22.9134 11
    endloop
  endfacet
  facet normal 0.427542 0.903995 0
    outer loop
      vertex -47.6568 23.4169 11
      vertex -46.5922 22.9134 1
      vertex -47.6568 23.4169 1
    endloop
  endfacet
  facet normal 0.302487 0.639637 -0.706658
    outer loop
      vertex -46.5922 22.9134 1
      vertex -46.9749 21.9896 0
      vertex -48.1282 22.535 0
    endloop
  endfacet
  facet normal 0.302503 0.639612 -0.706674
    outer loop
      vertex -47.6568 23.4169 1
      vertex -46.5922 22.9134 1
      vertex -48.1282 22.535 0
    endloop
  endfacet
  facet normal -0.302508 -0.6396 -0.706683
    outer loop
      vertex -58.4554 -5.72682 0
      vertex -59.2208 -7.57458 2
      vertex -63.2129 -5.68646 2
    endloop
  endfacet
  facet normal -0.302507 -0.639601 -0.706682
    outer loop
      vertex -62.2701 -3.92261 0
      vertex -58.4554 -5.72682 0
      vertex -63.2129 -5.68646 2
    endloop
  endfacet
  facet normal -0.514104 -0.857728 0
    outer loop
      vertex -67.0007 -3.41613 2
      vertex -63.2129 -5.68646 10
      vertex -67.0007 -3.41613 10
    endloop
  endfacet
  facet normal -0.514104 -0.857728 -0
    outer loop
      vertex -63.2129 -5.68646 10
      vertex -67.0007 -3.41613 2
      vertex -63.2129 -5.68646 2
    endloop
  endfacet
  facet normal -0.363748 -0.606867 0.706682
    outer loop
      vertex -63.2129 -5.68646 10
      vertex -62.2701 -3.92261 12
      vertex -65.8895 -1.75319 12
    endloop
  endfacet
  facet normal -0.363743 -0.606866 0.706686
    outer loop
      vertex -63.2129 -5.68646 10
      vertex -65.8895 -1.75319 12
      vertex -67.0007 -3.41613 10
    endloop
  endfacet
  facet normal 0.363806 0.606843 0.706673
    outer loop
      vertex -48.1282 22.535 12
      vertex -47.6568 23.4169 11
      vertex -48.6668 24.0224 11
    endloop
  endfacet
  facet normal 0.363762 0.606843 0.706696
    outer loop
      vertex -48.1282 22.535 12
      vertex -48.6668 24.0224 11
      vertex -49.2224 23.1909 12
    endloop
  endfacet
  facet normal 0.514184 0.85768 -0
    outer loop
      vertex -47.6568 23.4169 1
      vertex -48.6668 24.0224 11
      vertex -47.6568 23.4169 11
    endloop
  endfacet
  facet normal 0.514184 0.85768 0
    outer loop
      vertex -48.6668 24.0224 11
      vertex -47.6568 23.4169 1
      vertex -48.6668 24.0224 1
    endloop
  endfacet
  facet normal 0.363773 0.606862 -0.706674
    outer loop
      vertex -47.6568 23.4169 1
      vertex -48.1282 22.535 0
      vertex -49.2224 23.1909 0
    endloop
  endfacet
  facet normal 0.363793 0.606823 -0.706697
    outer loop
      vertex -48.6668 24.0224 1
      vertex -47.6568 23.4169 1
      vertex -49.2224 23.1909 0
    endloop
  endfacet
  facet normal -0.363745 -0.606869 -0.706682
    outer loop
      vertex -62.2701 -3.92261 0
      vertex -63.2129 -5.68646 2
      vertex -67.0007 -3.41613 2
    endloop
  endfacet
  facet normal -0.363746 -0.606864 -0.706686
    outer loop
      vertex -65.8895 -1.75319 0
      vertex -62.2701 -3.92261 0
      vertex -67.0007 -3.41613 2
    endloop
  endfacet
  facet normal -0.595703 -0.803205 0
    outer loop
      vertex -70.5477 -0.78547 2
      vertex -67.0007 -3.41613 10
      vertex -70.5477 -0.78547 10
    endloop
  endfacet
  facet normal -0.595703 -0.803205 -0
    outer loop
      vertex -67.0007 -3.41613 10
      vertex -70.5477 -0.78547 2
      vertex -67.0007 -3.41613 2
    endloop
  endfacet
  facet normal -0.421472 -0.568291 0.706687
    outer loop
      vertex -67.0007 -3.41613 10
      vertex -65.8895 -1.75319 12
      vertex -69.2789 0.76055 12
    endloop
  endfacet
  facet normal -0.421479 -0.568293 0.706682
    outer loop
      vertex -67.0007 -3.41613 10
      vertex -69.2789 0.76055 12
      vertex -70.5477 -0.78547 10
    endloop
  endfacet
  facet normal 0.421457 0.568291 0.706696
    outer loop
      vertex -49.2224 23.1909 12
      vertex -48.6668 24.0224 11
      vertex -49.6127 24.7239 11
    endloop
  endfacet
  facet normal 0.421488 0.568288 0.706679
    outer loop
      vertex -49.2224 23.1909 12
      vertex -49.6127 24.7239 11
      vertex -50.2471 23.9509 12
    endloop
  endfacet
  facet normal 0.595684 0.803219 -0
    outer loop
      vertex -48.6668 24.0224 1
      vertex -49.6127 24.7239 11
      vertex -48.6668 24.0224 11
    endloop
  endfacet
  facet normal 0.595684 0.803219 0
    outer loop
      vertex -49.6127 24.7239 11
      vertex -48.6668 24.0224 1
      vertex -49.6127 24.7239 1
    endloop
  endfacet
  facet normal 0.421479 0.568276 -0.706695
    outer loop
      vertex -48.6668 24.0224 1
      vertex -49.2224 23.1909 0
      vertex -50.2471 23.9509 0
    endloop
  endfacet
  facet normal 0.421467 0.568305 -0.706679
    outer loop
      vertex -49.6127 24.7239 1
      vertex -48.6668 24.0224 1
      vertex -50.2471 23.9509 0
    endloop
  endfacet
  facet normal -0.421476 -0.568289 -0.706687
    outer loop
      vertex -65.8895 -1.75319 0
      vertex -67.0007 -3.41613 2
      vertex -70.5477 -0.78547 2
    endloop
  endfacet
  facet normal -0.421475 -0.568295 -0.706682
    outer loop
      vertex -69.2789 0.76055 0
      vertex -65.8895 -1.75319 0
      vertex -70.5477 -0.78547 2
    endloop
  endfacet
  facet normal -0.671559 -0.740951 0
    outer loop
      vertex -73.8198 2.18019 2
      vertex -70.5477 -0.78547 10
      vertex -73.8198 2.18019 10
    endloop
  endfacet
  facet normal -0.671559 -0.740951 -0
    outer loop
      vertex -70.5477 -0.78547 10
      vertex -73.8198 2.18019 2
      vertex -70.5477 -0.78547 2
    endloop
  endfacet
  facet normal -0.475148 -0.524247 0.706682
    outer loop
      vertex -70.5477 -0.78547 10
      vertex -69.2789 0.76055 12
      vertex -72.4056 3.59441 12
    endloop
  endfacet
  facet normal -0.475151 -0.524248 0.70668
    outer loop
      vertex -70.5477 -0.78547 10
      vertex -72.4056 3.59441 12
      vertex -73.8198 2.18019 10
    endloop
  endfacet
  facet normal 0.475124 0.524271 0.70668
    outer loop
      vertex -50.2471 23.9509 12
      vertex -49.6127 24.7239 11
      vertex -50.4853 25.5147 11
    endloop
  endfacet
  facet normal 0.475131 0.52427 0.706676
    outer loop
      vertex -50.2471 23.9509 12
      vertex -50.4853 25.5147 11
      vertex -51.1924 24.8076 12
    endloop
  endfacet
  facet normal 0.671522 0.740984 -0
    outer loop
      vertex -49.6127 24.7239 1
      vertex -50.4853 25.5147 11
      vertex -49.6127 24.7239 11
    endloop
  endfacet
  facet normal 0.671522 0.740984 0
    outer loop
      vertex -50.4853 25.5147 11
      vertex -49.6127 24.7239 1
      vertex -50.4853 25.5147 1
    endloop
  endfacet
  facet normal 0.475129 0.524267 -0.70668
    outer loop
      vertex -49.6127 24.7239 1
      vertex -50.2471 23.9509 0
      vertex -51.1924 24.8076 0
    endloop
  endfacet
  facet normal 0.475127 0.524274 -0.706676
    outer loop
      vertex -50.4853 25.5147 1
      vertex -49.6127 24.7239 1
      vertex -51.1924 24.8076 0
    endloop
  endfacet
  facet normal -0.475149 -0.524246 -0.706682
    outer loop
      vertex -69.2789 0.76055 0
      vertex -70.5477 -0.78547 2
      vertex -73.8198 2.18019 2
    endloop
  endfacet
  facet normal -0.475149 -0.524249 -0.70668
    outer loop
      vertex -72.4056 3.59441 0
      vertex -69.2789 0.76055 0
      vertex -73.8198 2.18019 2
    endloop
  endfacet
  facet normal -0.740947 -0.671563 0
    outer loop
      vertex -73.8198 2.18019 2
      vertex -76.7855 5.4523 10
      vertex -76.7855 5.4523 2
    endloop
  endfacet
  facet normal -0.740947 -0.671563 0
    outer loop
      vertex -76.7855 5.4523 10
      vertex -73.8198 2.18019 2
      vertex -73.8198 2.18019 10
    endloop
  endfacet
  facet normal -0.524253 -0.475145 0.706679
    outer loop
      vertex -73.8198 2.18019 10
      vertex -72.4056 3.59441 12
      vertex -75.2394 6.72109 12
    endloop
  endfacet
  facet normal -0.524237 -0.475146 0.706691
    outer loop
      vertex -73.8198 2.18019 10
      vertex -75.2394 6.72109 12
      vertex -76.7855 5.4523 10
    endloop
  endfacet
  facet normal 0.524274 0.475127 0.706676
    outer loop
      vertex -51.1924 24.8076 12
      vertex -50.4853 25.5147 11
      vertex -51.2761 26.3873 11
    endloop
  endfacet
  facet normal 0.524267 0.475129 0.70668
    outer loop
      vertex -51.1924 24.8076 12
      vertex -51.2761 26.3873 11
      vertex -52.0491 25.7529 12
    endloop
  endfacet
  facet normal 0.740984 0.671522 0
    outer loop
      vertex -50.4853 25.5147 11
      vertex -51.2761 26.3873 1
      vertex -51.2761 26.3873 11
    endloop
  endfacet
  facet normal 0.740984 0.671522 0
    outer loop
      vertex -51.2761 26.3873 1
      vertex -50.4853 25.5147 11
      vertex -50.4853 25.5147 1
    endloop
  endfacet
  facet normal 0.52427 0.475131 -0.706676
    outer loop
      vertex -50.4853 25.5147 1
      vertex -51.1924 24.8076 0
      vertex -52.0491 25.7529 0
    endloop
  endfacet
  facet normal 0.524271 0.475124 -0.70668
    outer loop
      vertex -51.2761 26.3873 1
      vertex -50.4853 25.5147 1
      vertex -52.0491 25.7529 0
    endloop
  endfacet
  facet normal -0.524245 -0.475153 -0.70668
    outer loop
      vertex -72.4056 3.59441 0
      vertex -73.8198 2.18019 2
      vertex -76.7855 5.4523 2
    endloop
  endfacet
  facet normal -0.524244 -0.475137 -0.706691
    outer loop
      vertex -75.2394 6.72109 0
      vertex -72.4056 3.59441 0
      vertex -76.7855 5.4523 2
    endloop
  endfacet
  facet normal -0.803214 -0.59569 0
    outer loop
      vertex -76.7855 5.4523 2
      vertex -79.4161 8.99934 10
      vertex -79.4161 8.99934 2
    endloop
  endfacet
  facet normal -0.803214 -0.59569 0
    outer loop
      vertex -79.4161 8.99934 10
      vertex -76.7855 5.4523 2
      vertex -76.7855 5.4523 10
    endloop
  endfacet
  facet normal -0.568283 -0.421474 0.706692
    outer loop
      vertex -76.7855 5.4523 10
      vertex -75.2394 6.72109 12
      vertex -77.7532 10.1105 12
    endloop
  endfacet
  facet normal -0.568303 -0.421472 0.706677
    outer loop
      vertex -76.7855 5.4523 10
      vertex -77.7532 10.1105 12
      vertex -79.4161 8.99934 10
    endloop
  endfacet
  facet normal 0.568305 0.421467 0.706679
    outer loop
      vertex -51.2761 26.3873 11
      vertex -51.9776 27.3332 11
      vertex -52.0491 25.7529 12
    endloop
  endfacet
  facet normal 0.568276 0.421479 0.706695
    outer loop
      vertex -52.0491 25.7529 12
      vertex -51.9776 27.3332 11
      vertex -52.8091 26.7776 12
    endloop
  endfacet
  facet normal 0.803219 0.595684 0
    outer loop
      vertex -51.2761 26.3873 11
      vertex -51.9776 27.3332 1
      vertex -51.9776 27.3332 11
    endloop
  endfacet
  facet normal 0.803219 0.595684 0
    outer loop
      vertex -51.9776 27.3332 1
      vertex -51.2761 26.3873 11
      vertex -51.2761 26.3873 1
    endloop
  endfacet
  facet normal 0.568288 0.421488 -0.706679
    outer loop
      vertex -51.2761 26.3873 1
      vertex -52.0491 25.7529 0
      vertex -52.8091 26.7776 0
    endloop
  endfacet
  facet normal 0.568291 0.421457 -0.706696
    outer loop
      vertex -51.9776 27.3332 1
      vertex -51.2761 26.3873 1
      vertex -52.8091 26.7776 0
    endloop
  endfacet
  facet normal -0.568291 -0.421463 -0.706692
    outer loop
      vertex -75.2394 6.72109 0
      vertex -76.7855 5.4523 2
      vertex -79.4161 8.99934 2
    endloop
  endfacet
  facet normal -0.568295 -0.421484 -0.706677
    outer loop
      vertex -77.7532 10.1105 0
      vertex -75.2394 6.72109 0
      vertex -79.4161 8.99934 2
    endloop
  endfacet
  facet normal -0.857718 -0.51412 0
    outer loop
      vertex -79.4161 8.99934 2
      vertex -81.6865 12.7871 10
      vertex -81.6865 12.7871 2
    endloop
  endfacet
  facet normal -0.857718 -0.51412 0
    outer loop
      vertex -81.6865 12.7871 10
      vertex -79.4161 8.99934 2
      vertex -79.4161 8.99934 10
    endloop
  endfacet
  facet normal -0.606874 -0.363749 0.706676
    outer loop
      vertex -79.4161 8.99934 10
      vertex -77.7532 10.1105 12
      vertex -79.9226 13.7299 12
    endloop
  endfacet
  facet normal -0.606856 -0.363752 0.706689
    outer loop
      vertex -79.4161 8.99934 10
      vertex -79.9226 13.7299 12
      vertex -81.6865 12.7871 10
    endloop
  endfacet
  facet normal 0.606823 0.363793 0.706697
    outer loop
      vertex -51.9776 27.3332 11
      vertex -52.5831 28.3432 11
      vertex -52.8091 26.7776 12
    endloop
  endfacet
  facet normal 0.606862 0.363773 0.706674
    outer loop
      vertex -52.8091 26.7776 12
      vertex -52.5831 28.3432 11
      vertex -53.465 27.8718 12
    endloop
  endfacet
  facet normal 0.85768 0.514184 0
    outer loop
      vertex -51.9776 27.3332 11
      vertex -52.5831 28.3432 1
      vertex -52.5831 28.3432 11
    endloop
  endfacet
  facet normal 0.85768 0.514184 0
    outer loop
      vertex -52.5831 28.3432 1
      vertex -51.9776 27.3332 11
      vertex -51.9776 27.3332 1
    endloop
  endfacet
  facet normal 0.606843 0.363762 -0.706696
    outer loop
      vertex -51.9776 27.3332 1
      vertex -52.8091 26.7776 0
      vertex -53.465 27.8718 0
    endloop
  endfacet
  facet normal 0.606843 0.363806 -0.706673
    outer loop
      vertex -52.5831 28.3432 1
      vertex -51.9776 27.3332 1
      vertex -53.465 27.8718 0
    endloop
  endfacet
  facet normal -0.606867 -0.363759 -0.706677
    outer loop
      vertex -77.7532 10.1105 0
      vertex -79.4161 8.99934 2
      vertex -81.6865 12.7871 2
    endloop
  endfacet
  facet normal -0.606862 -0.363742 -0.70669
    outer loop
      vertex -79.9226 13.7299 0
      vertex -77.7532 10.1105 0
      vertex -81.6865 12.7871 2
    endloop
  endfacet
  facet normal -0.903991 -0.427551 0
    outer loop
      vertex -81.6865 12.7871 2
      vertex -83.5746 16.7792 10
      vertex -83.5746 16.7792 2
    endloop
  endfacet
  facet normal -0.903991 -0.427551 0
    outer loop
      vertex -83.5746 16.7792 10
      vertex -81.6865 12.7871 2
      vertex -81.6865 12.7871 10
    endloop
  endfacet
  facet normal -0.639595 -0.302503 0.70669
    outer loop
      vertex -81.6865 12.7871 10
      vertex -79.9226 13.7299 12
      vertex -81.7268 17.5446 12
    endloop
  endfacet
  facet normal -0.639595 -0.302502 0.70669
    outer loop
      vertex -81.6865 12.7871 10
      vertex -81.7268 17.5446 12
      vertex -83.5746 16.7792 10
    endloop
  endfacet
  facet normal 0.639612 0.302503 0.706674
    outer loop
      vertex -52.5831 28.3432 11
      vertex -53.0866 29.4078 11
      vertex -53.465 27.8718 12
    endloop
  endfacet
  facet normal 0.639637 0.302487 0.706658
    outer loop
      vertex -53.465 27.8718 12
      vertex -53.0866 29.4078 11
      vertex -54.0104 29.0251 12
    endloop
  endfacet
  facet normal 0.903995 0.427542 0
    outer loop
      vertex -52.5831 28.3432 11
      vertex -53.0866 29.4078 1
      vertex -53.0866 29.4078 11
    endloop
  endfacet
  facet normal 0.903995 0.427542 0
    outer loop
      vertex -53.0866 29.4078 1
      vertex -52.5831 28.3432 11
      vertex -52.5831 28.3432 1
    endloop
  endfacet
  facet normal 0.639624 0.30248 -0.706673
    outer loop
      vertex -52.5831 28.3432 1
      vertex -53.465 27.8718 0
      vertex -54.0104 29.0251 0
    endloop
  endfacet
  facet normal 0.639627 0.30251 -0.706658
    outer loop
      vertex -53.0866 29.4078 1
      vertex -52.5831 28.3432 1
      vertex -54.0104 29.0251 0
    endloop
  endfacet
  facet normal -0.639595 -0.302502 -0.70669
    outer loop
      vertex -79.9226 13.7299 0
      vertex -81.6865 12.7871 2
      vertex -83.5746 16.7792 2
    endloop
  endfacet
  facet normal -0.639595 -0.302503 -0.70669
    outer loop
      vertex -81.7268 17.5446 0
      vertex -79.9226 13.7299 0
      vertex -83.5746 16.7792 2
    endloop
  endfacet
  facet normal -0.941548 -0.336879 0
    outer loop
      vertex -83.5746 16.7792 2
      vertex -85.0623 20.9372 10
      vertex -85.0623 20.9372 2
    endloop
  endfacet
  facet normal -0.941548 -0.336879 0
    outer loop
      vertex -85.0623 20.9372 10
      vertex -83.5746 16.7792 2
      vertex -83.5746 16.7792 10
    endloop
  endfacet
  facet normal -0.666167 -0.238353 0.706689
    outer loop
      vertex -81.7268 17.5446 12
      vertex -83.1484 21.5178 12
      vertex -83.5746 16.7792 10
    endloop
  endfacet
  facet normal -0.666171 -0.238351 0.706686
    outer loop
      vertex -83.5746 16.7792 10
      vertex -83.1484 21.5178 12
      vertex -85.0623 20.9372 10
    endloop
  endfacet
  facet normal 0.666203 0.23835 0.706655
    outer loop
      vertex -53.0866 29.4078 11
      vertex -53.4833 30.5166 11
      vertex -54.0104 29.0251 12
    endloop
  endfacet
  facet normal 0.666184 0.238366 0.706669
    outer loop
      vertex -54.0104 29.0251 12
      vertex -53.4833 30.5166 11
      vertex -54.4402 30.2263 12
    endloop
  endfacet
  facet normal 0.941553 0.336864 0
    outer loop
      vertex -53.0866 29.4078 11
      vertex -53.4833 30.5166 1
      vertex -53.4833 30.5166 11
    endloop
  endfacet
  facet normal 0.941553 0.336864 0
    outer loop
      vertex -53.4833 30.5166 1
      vertex -53.0866 29.4078 11
      vertex -53.0866 29.4078 1
    endloop
  endfacet
  facet normal 0.666196 0.238371 -0.706656
    outer loop
      vertex -53.0866 29.4078 1
      vertex -54.0104 29.0251 0
      vertex -54.4402 30.2263 0
    endloop
  endfacet
  facet normal 0.66619 0.238346 -0.706669
    outer loop
      vertex -53.4833 30.5166 1
      vertex -53.0866 29.4078 1
      vertex -54.4402 30.2263 0
    endloop
  endfacet
  facet normal -0.666168 -0.23835 -0.706689
    outer loop
      vertex -81.7268 17.5446 0
      vertex -83.5746 16.7792 2
      vertex -85.0623 20.9372 2
    endloop
  endfacet
  facet normal -0.66617 -0.238354 -0.706686
    outer loop
      vertex -83.1484 21.5178 0
      vertex -81.7268 17.5446 0
      vertex -85.0623 20.9372 2
    endloop
  endfacet
  facet normal -0.970032 -0.242978 0
    outer loop
      vertex -85.0623 20.9372 2
      vertex -86.1353 25.2209 10
      vertex -86.1353 25.2209 2
    endloop
  endfacet
  facet normal -0.970032 -0.242978 0
    outer loop
      vertex -86.1353 25.2209 10
      vertex -85.0623 20.9372 2
      vertex -85.0623 20.9372 10
    endloop
  endfacet
  facet normal -0.686321 -0.171928 0.706685
    outer loop
      vertex -83.1484 21.5178 12
      vertex -84.1738 25.6111 12
      vertex -85.0623 20.9372 10
    endloop
  endfacet
  facet normal -0.68634 -0.171918 0.706669
    outer loop
      vertex -85.0623 20.9372 10
      vertex -84.1738 25.6111 12
      vertex -86.1353 25.2209 10
    endloop
  endfacet
  facet normal 0.686346 0.171902 0.706668
    outer loop
      vertex -53.4833 30.5166 11
      vertex -53.7694 31.6589 11
      vertex -54.4402 30.2263 12
    endloop
  endfacet
  facet normal 0.686321 0.171927 0.706686
    outer loop
      vertex -54.4402 30.2263 12
      vertex -53.7694 31.6589 11
      vertex -54.7502 31.4638 12
    endloop
  endfacet
  facet normal 0.970038 0.242955 0
    outer loop
      vertex -53.4833 30.5166 11
      vertex -53.7694 31.6589 1
      vertex -53.7694 31.6589 11
    endloop
  endfacet
  facet normal 0.970038 0.242955 0
    outer loop
      vertex -53.7694 31.6589 1
      vertex -53.4833 30.5166 11
      vertex -53.4833 30.5166 1
    endloop
  endfacet
  facet normal 0.686338 0.171931 -0.706668
    outer loop
      vertex -53.4833 30.5166 1
      vertex -54.4402 30.2263 0
      vertex -54.7502 31.4638 0
    endloop
  endfacet
  facet normal 0.686327 0.171897 -0.706687
    outer loop
      vertex -53.7694 31.6589 1
      vertex -53.4833 30.5166 1
      vertex -54.7502 31.4638 0
    endloop
  endfacet
  facet normal -0.686325 -0.171914 -0.706685
    outer loop
      vertex -83.1484 21.5178 0
      vertex -85.0623 20.9372 2
      vertex -86.1353 25.2209 2
    endloop
  endfacet
  facet normal -0.686337 -0.171932 -0.706669
    outer loop
      vertex -84.1738 25.6111 0
      vertex -83.1484 21.5178 0
      vertex -86.1353 25.2209 2
    endloop
  endfacet
  facet normal -0.989176 -0.146736 0
    outer loop
      vertex -86.1353 25.2209 2
      vertex -86.7833 29.5892 10
      vertex -86.7833 29.5892 2
    endloop
  endfacet
  facet normal -0.989176 -0.146736 0
    outer loop
      vertex -86.7833 29.5892 10
      vertex -86.1353 25.2209 2
      vertex -86.1353 25.2209 10
    endloop
  endfacet
  facet normal -0.699889 -0.103805 0.706668
    outer loop
      vertex -84.1738 25.6111 12
      vertex -84.7929 29.7853 12
      vertex -86.1353 25.2209 10
    endloop
  endfacet
  facet normal -0.699867 -0.103819 0.706687
    outer loop
      vertex -86.1353 25.2209 10
      vertex -84.7929 29.7853 12
      vertex -86.7833 29.5892 10
    endloop
  endfacet
  facet normal 0.699869 0.103818 0.706686
    outer loop
      vertex -53.7694 31.6589 11
      vertex -53.9422 32.8238 11
      vertex -54.7502 31.4638 12
    endloop
  endfacet
  facet normal 0.69987 0.103816 0.706685
    outer loop
      vertex -54.7502 31.4638 12
      vertex -53.9422 32.8238 11
      vertex -54.9374 32.7258 12
    endloop
  endfacet
  facet normal 0.989176 0.146733 0
    outer loop
      vertex -53.7694 31.6589 11
      vertex -53.9422 32.8238 1
      vertex -53.9422 32.8238 11
    endloop
  endfacet
  facet normal 0.989176 0.146733 0
    outer loop
      vertex -53.9422 32.8238 1
      vertex -53.7694 31.6589 11
      vertex -53.7694 31.6589 1
    endloop
  endfacet
  facet normal 0.699869 0.103816 -0.706686
    outer loop
      vertex -53.7694 31.6589 1
      vertex -54.7502 31.4638 0
      vertex -54.9374 32.7258 0
    endloop
  endfacet
  facet normal 0.69987 0.103818 -0.706685
    outer loop
      vertex -53.9422 32.8238 1
      vertex -53.7694 31.6589 1
      vertex -54.9374 32.7258 0
    endloop
  endfacet
  facet normal -0.699886 -0.103822 -0.706669
    outer loop
      vertex -84.1738 25.6111 0
      vertex -86.1353 25.2209 2
      vertex -86.7833 29.5892 2
    endloop
  endfacet
  facet normal -0.69987 -0.103802 -0.706688
    outer loop
      vertex -84.7929 29.7853 0
      vertex -84.1738 25.6111 0
      vertex -86.7833 29.5892 2
    endloop
  endfacet
  facet normal -0.998795 -0.0490702 0
    outer loop
      vertex -86.7833 29.5892 2
      vertex -87 34 10
      vertex -87 34 2
    endloop
  endfacet
  facet normal -0.998795 -0.0490702 0
    outer loop
      vertex -87 34 10
      vertex -86.7833 29.5892 2
      vertex -86.7833 29.5892 10
    endloop
  endfacet
  facet normal -0.706674 -0.0347242 0.706687
    outer loop
      vertex -84.7929 29.7853 12
      vertex -85 34 12
      vertex -86.7833 29.5892 10
    endloop
  endfacet
  facet normal -0.70668 -0.0347188 0.70668
    outer loop
      vertex -86.7833 29.5892 10
      vertex -85 34 12
      vertex -87 34 10
    endloop
  endfacet
  facet normal 0 0 1
    outer loop
      vertex -29 34 12
      vertex 1 34 12
      vertex 0.792943 38.2147 12
    endloop
  endfacet
  facet normal 0 0 1
    outer loop
      vertex -29.0626 35.2742 12
      vertex 0.792943 38.2147 12
      vertex 0.173766 42.3889 12
    endloop
  endfacet
  facet normal 0 0 1
    outer loop
      vertex 1 34 12
      vertex -29 34 12
      vertex 0.792943 29.7853 12
    endloop
  endfacet
  facet normal 0 0 1
    outer loop
      vertex -29.2498 36.5362 12
      vertex 0.173766 42.3889 12
      vertex -0.851565 46.4822 12
    endloop
  endfacet
  facet normal -0 0 1
    outer loop
      vertex -29.0626 32.7258 12
      vertex 0.792943 29.7853 12
      vertex -29 34 12
    endloop
  endfacet
  facet normal 0 0 1
    outer loop
      vertex -29.5598 37.7737 12
      vertex -0.851565 46.4822 12
      vertex -2.27318 50.4554 12
    endloop
  endfacet
  facet normal 0 0 1
    outer loop
      vertex 0.792943 29.7853 12
      vertex -29.0626 32.7258 12
      vertex 0.173766 25.6111 12
    endloop
  endfacet
  facet normal 0 0 1
    outer loop
      vertex -29.9896 38.9749 12
      vertex -2.27318 50.4554 12
      vertex -4.07738 54.2701 12
    endloop
  endfacet
  facet normal -0 0 1
    outer loop
      vertex -29.2498 31.4638 12
      vertex 0.173766 25.6111 12
      vertex -29.0626 32.7258 12
    endloop
  endfacet
  facet normal 0 0 1
    outer loop
      vertex -30.535 40.1282 12
      vertex -4.07738 54.2701 12
      vertex -6.24681 57.8895 12
    endloop
  endfacet
  facet normal 0 0 1
    outer loop
      vertex 0.173766 25.6111 12
      vertex -29.2498 31.4638 12
      vertex -0.851565 21.5178 12
    endloop
  endfacet
  facet normal 0 0 1
    outer loop
      vertex -31.1909 41.2224 12
      vertex -6.24681 57.8895 12
      vertex -8.76055 61.2789 12
    endloop
  endfacet
  facet normal -0 0 1
    outer loop
      vertex -29.5598 30.2263 12
      vertex -0.851565 21.5178 12
      vertex -29.2498 31.4638 12
    endloop
  endfacet
  facet normal 0 0 1
    outer loop
      vertex -31.9509 42.2471 12
      vertex -8.76055 61.2789 12
      vertex -11.5944 64.4056 12
    endloop
  endfacet
  facet normal 0 0 1
    outer loop
      vertex -0.851565 21.5178 12
      vertex -29.5598 30.2263 12
      vertex -2.27318 17.5446 12
    endloop
  endfacet
  facet normal 0 0 1
    outer loop
      vertex -32.8076 43.1924 12
      vertex -11.5944 64.4056 12
      vertex -14.7211 67.2394 12
    endloop
  endfacet
  facet normal -0 0 1
    outer loop
      vertex -29.9896 29.0251 12
      vertex -2.27318 17.5446 12
      vertex -29.5598 30.2263 12
    endloop
  endfacet
  facet normal 0 0 1
    outer loop
      vertex -33.7529 44.0491 12
      vertex -14.7211 67.2394 12
      vertex -18.1105 69.7532 12
    endloop
  endfacet
  facet normal 0 0 1
    outer loop
      vertex -2.27318 17.5446 12
      vertex -29.9896 29.0251 12
      vertex -4.07738 13.7299 12
    endloop
  endfacet
  facet normal 0 0 1
    outer loop
      vertex -34.7776 44.8091 12
      vertex -18.1105 69.7532 12
      vertex -21.7299 71.9226 12
    endloop
  endfacet
  facet normal -0 0 1
    outer loop
      vertex -30.535 27.8718 12
      vertex -4.07738 13.7299 12
      vertex -29.9896 29.0251 12
    endloop
  endfacet
  facet normal 0 0 1
    outer loop
      vertex -35.8718 45.465 12
      vertex -21.7299 71.9226 12
      vertex -25.5446 73.7268 12
    endloop
  endfacet
  facet normal 0 0 1
    outer loop
      vertex -4.07738 13.7299 12
      vertex -30.535 27.8718 12
      vertex -6.24681 10.1105 12
    endloop
  endfacet
  facet normal -0 0 1
    outer loop
      vertex -31.1909 26.7776 12
      vertex -6.24681 10.1105 12
      vertex -30.535 27.8718 12
    endloop
  endfacet
  facet normal 0 0 1
    outer loop
      vertex 0.792943 38.2147 12
      vertex -29.0626 35.2742 12
      vertex -29 34 12
    endloop
  endfacet
  facet normal 0 0 1
    outer loop
      vertex 0.173766 42.3889 12
      vertex -29.2498 36.5362 12
      vertex -29.0626 35.2742 12
    endloop
  endfacet
  facet normal 0 0 1
    outer loop
      vertex -37.0251 46.0104 12
      vertex -25.5446 73.7268 12
      vertex -29.5178 75.1484 12
    endloop
  endfacet
  facet normal 0 0 1
    outer loop
      vertex -0.851565 46.4822 12
      vertex -29.5598 37.7737 12
      vertex -29.2498 36.5362 12
    endloop
  endfacet
  facet normal 0 0 1
    outer loop
      vertex -2.27318 50.4554 12
      vertex -29.9896 38.9749 12
      vertex -29.5598 37.7737 12
    endloop
  endfacet
  facet normal 0 0 1
    outer loop
      vertex -4.07738 54.2701 12
      vertex -30.535 40.1282 12
      vertex -29.9896 38.9749 12
    endloop
  endfacet
  facet normal 0 0 1
    outer loop
      vertex -6.24681 57.8895 12
      vertex -31.1909 41.2224 12
      vertex -30.535 40.1282 12
    endloop
  endfacet
  facet normal 0 0 1
    outer loop
      vertex -8.76055 61.2789 12
      vertex -31.9509 42.2471 12
      vertex -31.1909 41.2224 12
    endloop
  endfacet
  facet normal 0 0 1
    outer loop
      vertex -11.5944 64.4056 12
      vertex -32.8076 43.1924 12
      vertex -31.9509 42.2471 12
    endloop
  endfacet
  facet normal 0 0 1
    outer loop
      vertex -38.2263 46.4402 12
      vertex -29.5178 75.1484 12
      vertex -33.6111 76.1738 12
    endloop
  endfacet
  facet normal 0 0 1
    outer loop
      vertex -14.7211 67.2394 12
      vertex -33.7529 44.0491 12
      vertex -32.8076 43.1924 12
    endloop
  endfacet
  facet normal 0 0 1
    outer loop
      vertex -18.1105 69.7532 12
      vertex -34.7776 44.8091 12
      vertex -33.7529 44.0491 12
    endloop
  endfacet
  facet normal 0 0 1
    outer loop
      vertex -21.7299 71.9226 12
      vertex -35.8718 45.465 12
      vertex -34.7776 44.8091 12
    endloop
  endfacet
  facet normal 0 0 1
    outer loop
      vertex -25.5446 73.7268 12
      vertex -37.0251 46.0104 12
      vertex -35.8718 45.465 12
    endloop
  endfacet
  facet normal 0 0 1
    outer loop
      vertex -39.4638 46.7502 12
      vertex -33.6111 76.1738 12
      vertex -37.7853 76.7929 12
    endloop
  endfacet
  facet normal 0 0 1
    outer loop
      vertex -29.5178 75.1484 12
      vertex -38.2263 46.4402 12
      vertex -37.0251 46.0104 12
    endloop
  endfacet
  facet normal 0 0 1
    outer loop
      vertex -33.6111 76.1738 12
      vertex -39.4638 46.7502 12
      vertex -38.2263 46.4402 12
    endloop
  endfacet
  facet normal 0 0 1
    outer loop
      vertex -37.7853 76.7929 12
      vertex -40.7258 46.9374 12
      vertex -39.4638 46.7502 12
    endloop
  endfacet
  facet normal 0 0 1
    outer loop
      vertex -42 77 12
      vertex -40.7258 46.9374 12
      vertex -37.7853 76.7929 12
    endloop
  endfacet
  facet normal 0 0 1
    outer loop
      vertex -42 77 12
      vertex -42 47 12
      vertex -40.7258 46.9374 12
    endloop
  endfacet
  facet normal 0 0 1
    outer loop
      vertex -42 77 12
      vertex -43.2742 46.9374 12
      vertex -42 47 12
    endloop
  endfacet
  facet normal -0 0 1
    outer loop
      vertex -46.2147 76.7929 12
      vertex -43.2742 46.9374 12
      vertex -42 77 12
    endloop
  endfacet
  facet normal 0 0 1
    outer loop
      vertex -43.2742 46.9374 12
      vertex -46.2147 76.7929 12
      vertex -44.5362 46.7502 12
    endloop
  endfacet
  facet normal -0 0 1
    outer loop
      vertex -50.3889 76.1738 12
      vertex -44.5362 46.7502 12
      vertex -46.2147 76.7929 12
    endloop
  endfacet
  facet normal 0 0 1
    outer loop
      vertex -44.5362 46.7502 12
      vertex -50.3889 76.1738 12
      vertex -45.7737 46.4402 12
    endloop
  endfacet
  facet normal -0 0 1
    outer loop
      vertex -54.4822 75.1484 12
      vertex -45.7737 46.4402 12
      vertex -50.3889 76.1738 12
    endloop
  endfacet
  facet normal 0 0 1
    outer loop
      vertex -45.7737 46.4402 12
      vertex -54.4822 75.1484 12
      vertex -46.9749 46.0104 12
    endloop
  endfacet
  facet normal -0 0 1
    outer loop
      vertex -58.4554 73.7268 12
      vertex -46.9749 46.0104 12
      vertex -54.4822 75.1484 12
    endloop
  endfacet
  facet normal 0 0 1
    outer loop
      vertex -46.9749 46.0104 12
      vertex -58.4554 73.7268 12
      vertex -48.1282 45.465 12
    endloop
  endfacet
  facet normal -0 0 1
    outer loop
      vertex -62.2701 71.9226 12
      vertex -48.1282 45.465 12
      vertex -58.4554 73.7268 12
    endloop
  endfacet
  facet normal 0 0 1
    outer loop
      vertex -48.1282 45.465 12
      vertex -62.2701 71.9226 12
      vertex -49.2224 44.8091 12
    endloop
  endfacet
  facet normal -0 0 1
    outer loop
      vertex -65.8895 69.7532 12
      vertex -49.2224 44.8091 12
      vertex -62.2701 71.9226 12
    endloop
  endfacet
  facet normal 0 0 1
    outer loop
      vertex -49.2224 44.8091 12
      vertex -65.8895 69.7532 12
      vertex -50.2471 44.0491 12
    endloop
  endfacet
  facet normal -0 0 1
    outer loop
      vertex -69.2789 67.2394 12
      vertex -50.2471 44.0491 12
      vertex -65.8895 69.7532 12
    endloop
  endfacet
  facet normal 0 0 1
    outer loop
      vertex -50.2471 44.0491 12
      vertex -69.2789 67.2394 12
      vertex -51.1924 43.1924 12
    endloop
  endfacet
  facet normal -0 0 1
    outer loop
      vertex -72.4056 64.4056 12
      vertex -51.1924 43.1924 12
      vertex -69.2789 67.2394 12
    endloop
  endfacet
  facet normal 0 0 1
    outer loop
      vertex -51.1924 43.1924 12
      vertex -72.4056 64.4056 12
      vertex -52.0491 42.2471 12
    endloop
  endfacet
  facet normal -0 0 1
    outer loop
      vertex -75.2394 61.2789 12
      vertex -52.0491 42.2471 12
      vertex -72.4056 64.4056 12
    endloop
  endfacet
  facet normal 0 0 1
    outer loop
      vertex -52.0491 42.2471 12
      vertex -75.2394 61.2789 12
      vertex -52.8091 41.2224 12
    endloop
  endfacet
  facet normal -0 0 1
    outer loop
      vertex -77.7532 57.8895 12
      vertex -52.8091 41.2224 12
      vertex -75.2394 61.2789 12
    endloop
  endfacet
  facet normal 0 0 1
    outer loop
      vertex -6.24681 10.1105 12
      vertex -31.1909 26.7776 12
      vertex -8.76055 6.72109 12
    endloop
  endfacet
  facet normal -0 0 1
    outer loop
      vertex -31.9509 25.7529 12
      vertex -8.76055 6.72109 12
      vertex -31.1909 26.7776 12
    endloop
  endfacet
  facet normal 0 0 1
    outer loop
      vertex -8.76055 6.72109 12
      vertex -31.9509 25.7529 12
      vertex -11.5944 3.59441 12
    endloop
  endfacet
  facet normal -0 0 1
    outer loop
      vertex -32.8076 24.8076 12
      vertex -11.5944 3.59441 12
      vertex -31.9509 25.7529 12
    endloop
  endfacet
  facet normal 0 0 1
    outer loop
      vertex -11.5944 3.59441 12
      vertex -32.8076 24.8076 12
      vertex -14.7211 0.76055 12
    endloop
  endfacet
  facet normal -0 0 1
    outer loop
      vertex -33.7529 23.9509 12
      vertex -14.7211 0.76055 12
      vertex -32.8076 24.8076 12
    endloop
  endfacet
  facet normal 0 0 1
    outer loop
      vertex -14.7211 0.76055 12
      vertex -33.7529 23.9509 12
      vertex -18.1105 -1.75319 12
    endloop
  endfacet
  facet normal -0 0 1
    outer loop
      vertex -34.7776 23.1909 12
      vertex -18.1105 -1.75319 12
      vertex -33.7529 23.9509 12
    endloop
  endfacet
  facet normal 0 0 1
    outer loop
      vertex -18.1105 -1.75319 12
      vertex -34.7776 23.1909 12
      vertex -21.7299 -3.92261 12
    endloop
  endfacet
  facet normal -0 0 1
    outer loop
      vertex -35.8718 22.535 12
      vertex -21.7299 -3.92261 12
      vertex -34.7776 23.1909 12
    endloop
  endfacet
  facet normal 0 0 1
    outer loop
      vertex -21.7299 -3.92261 12
      vertex -35.8718 22.535 12
      vertex -25.5446 -5.72682 12
    endloop
  endfacet
  facet normal -0 0 1
    outer loop
      vertex -37.0251 21.9896 12
      vertex -25.5446 -5.72682 12
      vertex -35.8718 22.535 12
    endloop
  endfacet
  facet normal 0 0 1
    outer loop
      vertex -25.5446 -5.72682 12
      vertex -37.0251 21.9896 12
      vertex -29.5178 -7.14843 12
    endloop
  endfacet
  facet normal -0 0 1
    outer loop
      vertex -38.2263 21.5598 12
      vertex -29.5178 -7.14843 12
      vertex -37.0251 21.9896 12
    endloop
  endfacet
  facet normal 0 0 1
    outer loop
      vertex -29.5178 -7.14843 12
      vertex -38.2263 21.5598 12
      vertex -33.6111 -8.17377 12
    endloop
  endfacet
  facet normal -0 0 1
    outer loop
      vertex -39.4638 21.2498 12
      vertex -33.6111 -8.17377 12
      vertex -38.2263 21.5598 12
    endloop
  endfacet
  facet normal 0 0 1
    outer loop
      vertex -33.6111 -8.17377 12
      vertex -39.4638 21.2498 12
      vertex -37.7853 -8.79294 12
    endloop
  endfacet
  facet normal -0 0 1
    outer loop
      vertex -40.7258 21.0626 12
      vertex -37.7853 -8.79294 12
      vertex -39.4638 21.2498 12
    endloop
  endfacet
  facet normal -0 0 1
    outer loop
      vertex -42 21 12
      vertex -37.7853 -8.79294 12
      vertex -40.7258 21.0626 12
    endloop
  endfacet
  facet normal 0 0 1
    outer loop
      vertex -42 21 12
      vertex -42 -9 12
      vertex -37.7853 -8.79294 12
    endloop
  endfacet
  facet normal 0 0 1
    outer loop
      vertex -43.2742 21.0626 12
      vertex -42 -9 12
      vertex -42 21 12
    endloop
  endfacet
  facet normal 0 0 1
    outer loop
      vertex -46.2147 -8.79294 12
      vertex -43.2742 21.0626 12
      vertex -44.5362 21.2498 12
    endloop
  endfacet
  facet normal 0 0 1
    outer loop
      vertex -50.3889 -8.17377 12
      vertex -44.5362 21.2498 12
      vertex -45.7737 21.5598 12
    endloop
  endfacet
  facet normal 0 0 1
    outer loop
      vertex -43.2742 21.0626 12
      vertex -46.2147 -8.79294 12
      vertex -42 -9 12
    endloop
  endfacet
  facet normal 0 0 1
    outer loop
      vertex -54.4822 -7.14843 12
      vertex -45.7737 21.5598 12
      vertex -46.9749 21.9896 12
    endloop
  endfacet
  facet normal 0 0 1
    outer loop
      vertex -58.4554 -5.72682 12
      vertex -46.9749 21.9896 12
      vertex -48.1282 22.535 12
    endloop
  endfacet
  facet normal 0 0 1
    outer loop
      vertex -62.2701 -3.92261 12
      vertex -48.1282 22.535 12
      vertex -49.2224 23.1909 12
    endloop
  endfacet
  facet normal 0 0 1
    outer loop
      vertex -65.8895 -1.75319 12
      vertex -49.2224 23.1909 12
      vertex -50.2471 23.9509 12
    endloop
  endfacet
  facet normal 0 0 1
    outer loop
      vertex -44.5362 21.2498 12
      vertex -50.3889 -8.17377 12
      vertex -46.2147 -8.79294 12
    endloop
  endfacet
  facet normal 0 0 1
    outer loop
      vertex -69.2789 0.76055 12
      vertex -50.2471 23.9509 12
      vertex -51.1924 24.8076 12
    endloop
  endfacet
  facet normal 0 0 1
    outer loop
      vertex -72.4056 3.59441 12
      vertex -51.1924 24.8076 12
      vertex -52.0491 25.7529 12
    endloop
  endfacet
  facet normal 0 0 1
    outer loop
      vertex -75.2394 6.72109 12
      vertex -52.0491 25.7529 12
      vertex -52.8091 26.7776 12
    endloop
  endfacet
  facet normal 0 0 1
    outer loop
      vertex -77.7532 10.1105 12
      vertex -52.8091 26.7776 12
      vertex -53.465 27.8718 12
    endloop
  endfacet
  facet normal 0 0 1
    outer loop
      vertex -79.9226 13.7299 12
      vertex -53.465 27.8718 12
      vertex -54.0104 29.0251 12
    endloop
  endfacet
  facet normal 0 0 1
    outer loop
      vertex -81.7268 17.5446 12
      vertex -54.0104 29.0251 12
      vertex -54.4402 30.2263 12
    endloop
  endfacet
  facet normal 0 0 1
    outer loop
      vertex -45.7737 21.5598 12
      vertex -54.4822 -7.14843 12
      vertex -50.3889 -8.17377 12
    endloop
  endfacet
  facet normal 0 0 1
    outer loop
      vertex -83.1484 21.5178 12
      vertex -54.4402 30.2263 12
      vertex -54.7502 31.4638 12
    endloop
  endfacet
  facet normal 0 0 1
    outer loop
      vertex -84.1738 25.6111 12
      vertex -54.7502 31.4638 12
      vertex -54.9374 32.7258 12
    endloop
  endfacet
  facet normal 0 0 1
    outer loop
      vertex -84.7929 29.7853 12
      vertex -54.9374 32.7258 12
      vertex -55 34 12
    endloop
  endfacet
  facet normal 0 0 1
    outer loop
      vertex -52.8091 41.2224 12
      vertex -77.7532 57.8895 12
      vertex -53.465 40.1282 12
    endloop
  endfacet
  facet normal 0 0 1
    outer loop
      vertex -46.9749 21.9896 12
      vertex -58.4554 -5.72682 12
      vertex -54.4822 -7.14843 12
    endloop
  endfacet
  facet normal -0 0 1
    outer loop
      vertex -79.9226 54.2701 12
      vertex -53.465 40.1282 12
      vertex -77.7532 57.8895 12
    endloop
  endfacet
  facet normal 0 0 1
    outer loop
      vertex -48.1282 22.535 12
      vertex -62.2701 -3.92261 12
      vertex -58.4554 -5.72682 12
    endloop
  endfacet
  facet normal 0 0 1
    outer loop
      vertex -53.465 40.1282 12
      vertex -79.9226 54.2701 12
      vertex -54.0104 38.9749 12
    endloop
  endfacet
  facet normal 0 0 1
    outer loop
      vertex -49.2224 23.1909 12
      vertex -65.8895 -1.75319 12
      vertex -62.2701 -3.92261 12
    endloop
  endfacet
  facet normal -0 0 1
    outer loop
      vertex -81.7268 50.4554 12
      vertex -54.0104 38.9749 12
      vertex -79.9226 54.2701 12
    endloop
  endfacet
  facet normal 0 0 1
    outer loop
      vertex -50.2471 23.9509 12
      vertex -69.2789 0.76055 12
      vertex -65.8895 -1.75319 12
    endloop
  endfacet
  facet normal 0 0 1
    outer loop
      vertex -54.0104 38.9749 12
      vertex -81.7268 50.4554 12
      vertex -54.4402 37.7737 12
    endloop
  endfacet
  facet normal 0 0 1
    outer loop
      vertex -51.1924 24.8076 12
      vertex -72.4056 3.59441 12
      vertex -69.2789 0.76055 12
    endloop
  endfacet
  facet normal -0 0 1
    outer loop
      vertex -83.1484 46.4822 12
      vertex -54.4402 37.7737 12
      vertex -81.7268 50.4554 12
    endloop
  endfacet
  facet normal 0 0 1
    outer loop
      vertex -52.0491 25.7529 12
      vertex -75.2394 6.72109 12
      vertex -72.4056 3.59441 12
    endloop
  endfacet
  facet normal 0 0 1
    outer loop
      vertex -54.4402 37.7737 12
      vertex -83.1484 46.4822 12
      vertex -54.7502 36.5362 12
    endloop
  endfacet
  facet normal 0 0 1
    outer loop
      vertex -52.8091 26.7776 12
      vertex -77.7532 10.1105 12
      vertex -75.2394 6.72109 12
    endloop
  endfacet
  facet normal -0 0 1
    outer loop
      vertex -84.1738 42.3889 12
      vertex -54.7502 36.5362 12
      vertex -83.1484 46.4822 12
    endloop
  endfacet
  facet normal 0 0 1
    outer loop
      vertex -53.465 27.8718 12
      vertex -79.9226 13.7299 12
      vertex -77.7532 10.1105 12
    endloop
  endfacet
  facet normal 0 0 1
    outer loop
      vertex -54.7502 36.5362 12
      vertex -84.1738 42.3889 12
      vertex -54.9374 35.2742 12
    endloop
  endfacet
  facet normal 0 0 1
    outer loop
      vertex -54.0104 29.0251 12
      vertex -81.7268 17.5446 12
      vertex -79.9226 13.7299 12
    endloop
  endfacet
  facet normal -0 0 1
    outer loop
      vertex -84.7929 38.2147 12
      vertex -54.9374 35.2742 12
      vertex -84.1738 42.3889 12
    endloop
  endfacet
  facet normal 0 0 1
    outer loop
      vertex -54.4402 30.2263 12
      vertex -83.1484 21.5178 12
      vertex -81.7268 17.5446 12
    endloop
  endfacet
  facet normal 0 0 1
    outer loop
      vertex -54.9374 35.2742 12
      vertex -84.7929 38.2147 12
      vertex -55 34 12
    endloop
  endfacet
  facet normal 0 0 1
    outer loop
      vertex -54.7502 31.4638 12
      vertex -84.1738 25.6111 12
      vertex -83.1484 21.5178 12
    endloop
  endfacet
  facet normal 0 0 1
    outer loop
      vertex -85 34 12
      vertex -55 34 12
      vertex -84.7929 38.2147 12
    endloop
  endfacet
  facet normal 0 0 1
    outer loop
      vertex -54.9374 32.7258 12
      vertex -84.7929 29.7853 12
      vertex -84.1738 25.6111 12
    endloop
  endfacet
  facet normal 0 0 1
    outer loop
      vertex -55 34 12
      vertex -85 34 12
      vertex -84.7929 29.7853 12
    endloop
  endfacet
  facet normal 0.706675 0.0347269 0.706686
    outer loop
      vertex -53.9422 32.8238 11
      vertex -54 34 11
      vertex -54.9374 32.7258 12
    endloop
  endfacet
  facet normal 0.70668 0.0347184 0.70668
    outer loop
      vertex -54.9374 32.7258 12
      vertex -54 34 11
      vertex -55 34 12
    endloop
  endfacet
  facet normal 0.998795 0.0490821 0
    outer loop
      vertex -53.9422 32.8238 11
      vertex -54 34 1
      vertex -54 34 11
    endloop
  endfacet
  facet normal 0.998795 0.0490821 0
    outer loop
      vertex -54 34 1
      vertex -53.9422 32.8238 11
      vertex -53.9422 32.8238 1
    endloop
  endfacet
  facet normal 0.706675 0.0347182 -0.706686
    outer loop
      vertex -53.9422 32.8238 1
      vertex -54.9374 32.7258 0
      vertex -55 34 0
    endloop
  endfacet
  facet normal 0.70668 0.0347272 -0.70668
    outer loop
      vertex -54 34 1
      vertex -53.9422 32.8238 1
      vertex -55 34 0
    endloop
  endfacet
  facet normal -0.706674 -0.0347185 -0.706687
    outer loop
      vertex -84.7929 29.7853 0
      vertex -86.7833 29.5892 2
      vertex -87 34 2
    endloop
  endfacet
  facet normal -0.70668 -0.0347245 -0.70668
    outer loop
      vertex -85 34 0
      vertex -84.7929 29.7853 0
      vertex -87 34 2
    endloop
  endfacet
  facet normal -0.998795 0.0490756 0
    outer loop
      vertex 12 34 2
      vertex 12.1806 37.6756 10
      vertex 12.1806 37.6756 2
    endloop
  endfacet
  facet normal -0.998795 0.0490756 0
    outer loop
      vertex 12.1806 37.6756 10
      vertex 12 34 2
      vertex 12 34 10
    endloop
  endfacet
  facet normal -0.706681 0.0347085 0.706681
    outer loop
      vertex 14 34 12
      vertex 14.1709 37.4796 12
      vertex 12 34 10
    endloop
  endfacet
  facet normal -0.706693 0.0347232 0.706668
    outer loop
      vertex 14.1709 37.4796 12
      vertex 12.1806 37.6756 10
      vertex 12 34 10
    endloop
  endfacet
  facet normal 0.70668 -0.0347272 0.70668
    outer loop
      vertex 37.5 34 11
      vertex 37.5578 35.1762 11
      vertex 36.5 34 12
    endloop
  endfacet
  facet normal 0.706675 -0.0347182 0.706686
    outer loop
      vertex 37.5578 35.1762 11
      vertex 36.5626 35.2742 12
      vertex 36.5 34 12
    endloop
  endfacet
  facet normal 0.998795 -0.0490821 0
    outer loop
      vertex 37.5 34 11
      vertex 37.5578 35.1762 1
      vertex 37.5578 35.1762 11
    endloop
  endfacet
  facet normal 0.998795 -0.0490821 0
    outer loop
      vertex 37.5578 35.1762 1
      vertex 37.5 34 11
      vertex 37.5 34 1
    endloop
  endfacet
  facet normal 0.70668 -0.0347184 -0.70668
    outer loop
      vertex 36.5626 35.2742 0
      vertex 37.5 34 1
      vertex 36.5 34 0
    endloop
  endfacet
  facet normal 0.706675 -0.0347269 -0.706686
    outer loop
      vertex 37.5578 35.1762 1
      vertex 37.5 34 1
      vertex 36.5626 35.2742 0
    endloop
  endfacet
  facet normal 0 0 -1
    outer loop
      vertex 62.5 34 0
      vertex 85 34 0
      vertex 84.8291 30.5204 0
    endloop
  endfacet
  facet normal 0 0 -1
    outer loop
      vertex 62.4374 32.7258 0
      vertex 84.8291 30.5204 0
      vertex 84.3179 27.0743 0
    endloop
  endfacet
  facet normal 0 0 -1
    outer loop
      vertex 85 34 0
      vertex 62.5 34 0
      vertex 84.8291 37.4796 0
    endloop
  endfacet
  facet normal 0 0 -1
    outer loop
      vertex 62.2502 31.4638 0
      vertex 84.3179 27.0743 0
      vertex 83.4714 23.6949 0
    endloop
  endfacet
  facet normal 0 0 -1
    outer loop
      vertex 62.4374 35.2742 0
      vertex 84.8291 37.4796 0
      vertex 62.5 34 0
    endloop
  endfacet
  facet normal 0 0 -1
    outer loop
      vertex 61.9402 30.2263 0
      vertex 83.4714 23.6949 0
      vertex 82.2977 20.4147 0
    endloop
  endfacet
  facet normal -0 0 -1
    outer loop
      vertex 84.8291 37.4796 0
      vertex 62.4374 35.2742 0
      vertex 84.3179 40.9257 0
    endloop
  endfacet
  facet normal 0 0 -1
    outer loop
      vertex 61.5104 29.0251 0
      vertex 82.2977 20.4147 0
      vertex 80.8082 17.2654 0
    endloop
  endfacet
  facet normal 0 0 -1
    outer loop
      vertex 62.2502 36.5362 0
      vertex 84.3179 40.9257 0
      vertex 62.4374 35.2742 0
    endloop
  endfacet
  facet normal 0 0 -1
    outer loop
      vertex 60.965 27.8718 0
      vertex 80.8082 17.2654 0
      vertex 79.0172 14.2773 0
    endloop
  endfacet
  facet normal -0 0 -1
    outer loop
      vertex 84.3179 40.9257 0
      vertex 62.2502 36.5362 0
      vertex 83.4714 44.3051 0
    endloop
  endfacet
  facet normal 0 0 -1
    outer loop
      vertex 60.3091 26.7776 0
      vertex 79.0172 14.2773 0
      vertex 76.9419 11.479 0
    endloop
  endfacet
  facet normal 0 0 -1
    outer loop
      vertex 61.9402 37.7737 0
      vertex 83.4714 44.3051 0
      vertex 62.2502 36.5362 0
    endloop
  endfacet
  facet normal 0 0 -1
    outer loop
      vertex 59.5491 25.7529 0
      vertex 76.9419 11.479 0
      vertex 74.6023 8.89771 0
    endloop
  endfacet
  facet normal -0 0 -1
    outer loop
      vertex 83.4714 44.3051 0
      vertex 61.9402 37.7737 0
      vertex 82.2977 47.5853 0
    endloop
  endfacet
  facet normal 0 0 -1
    outer loop
      vertex 58.6924 24.8076 0
      vertex 74.6023 8.89771 0
      vertex 72.021 6.55813 0
    endloop
  endfacet
  facet normal 0 0 -1
    outer loop
      vertex 61.5104 38.9749 0
      vertex 82.2977 47.5853 0
      vertex 61.9402 37.7737 0
    endloop
  endfacet
  facet normal 0 0 -1
    outer loop
      vertex 57.7471 23.9509 0
      vertex 72.021 6.55813 0
      vertex 69.2227 4.48283 0
    endloop
  endfacet
  facet normal -0 0 -1
    outer loop
      vertex 82.2977 47.5853 0
      vertex 61.5104 38.9749 0
      vertex 80.8082 50.7346 0
    endloop
  endfacet
  facet normal 0 0 -1
    outer loop
      vertex 56.7224 23.1909 0
      vertex 69.2227 4.48283 0
      vertex 66.2346 2.69179 0
    endloop
  endfacet
  facet normal 0 0 -1
    outer loop
      vertex 60.965 40.1282 0
      vertex 80.8082 50.7346 0
      vertex 61.5104 38.9749 0
    endloop
  endfacet
  facet normal 0 0 -1
    outer loop
      vertex 55.6282 22.535 0
      vertex 66.2346 2.69179 0
      vertex 63.0853 1.20228 0
    endloop
  endfacet
  facet normal -0 0 -1
    outer loop
      vertex 80.8082 50.7346 0
      vertex 60.965 40.1282 0
      vertex 79.0172 53.7227 0
    endloop
  endfacet
  facet normal 0 0 -1
    outer loop
      vertex 60.3091 41.2224 0
      vertex 79.0172 53.7227 0
      vertex 60.965 40.1282 0
    endloop
  endfacet
  facet normal 0 0 -1
    outer loop
      vertex 84.8291 30.5204 0
      vertex 62.4374 32.7258 0
      vertex 62.5 34 0
    endloop
  endfacet
  facet normal 0 0 -1
    outer loop
      vertex 84.3179 27.0743 0
      vertex 62.2502 31.4638 0
      vertex 62.4374 32.7258 0
    endloop
  endfacet
  facet normal 0 0 -1
    outer loop
      vertex 83.4714 23.6949 0
      vertex 61.9402 30.2263 0
      vertex 62.2502 31.4638 0
    endloop
  endfacet
  facet normal 0 0 -1
    outer loop
      vertex 82.2977 20.4147 0
      vertex 61.5104 29.0251 0
      vertex 61.9402 30.2263 0
    endloop
  endfacet
  facet normal 0 0 -1
    outer loop
      vertex 80.8082 17.2654 0
      vertex 60.965 27.8718 0
      vertex 61.5104 29.0251 0
    endloop
  endfacet
  facet normal 0 0 -1
    outer loop
      vertex 79.0172 14.2773 0
      vertex 60.3091 26.7776 0
      vertex 60.965 27.8718 0
    endloop
  endfacet
  facet normal 0 0 -1
    outer loop
      vertex 54.4749 21.9896 0
      vertex 63.0853 1.20228 0
      vertex 59.8051 0.0286179 0
    endloop
  endfacet
  facet normal 0 0 -1
    outer loop
      vertex 76.9419 11.479 0
      vertex 59.5491 25.7529 0
      vertex 60.3091 26.7776 0
    endloop
  endfacet
  facet normal 0 0 -1
    outer loop
      vertex 74.6023 8.89771 0
      vertex 58.6924 24.8076 0
      vertex 59.5491 25.7529 0
    endloop
  endfacet
  facet normal 0 0 -1
    outer loop
      vertex 72.021 6.55813 0
      vertex 57.7471 23.9509 0
      vertex 58.6924 24.8076 0
    endloop
  endfacet
  facet normal 0 0 -1
    outer loop
      vertex 69.2227 4.48283 0
      vertex 56.7224 23.1909 0
      vertex 57.7471 23.9509 0
    endloop
  endfacet
  facet normal 0 0 -1
    outer loop
      vertex 53.2737 21.5598 0
      vertex 59.8051 0.0286179 0
      vertex 56.4257 -0.817877 0
    endloop
  endfacet
  facet normal 0 0 -1
    outer loop
      vertex 66.2346 2.69179 0
      vertex 55.6282 22.535 0
      vertex 56.7224 23.1909 0
    endloop
  endfacet
  facet normal 0 0 -1
    outer loop
      vertex 63.0853 1.20228 0
      vertex 54.4749 21.9896 0
      vertex 55.6282 22.535 0
    endloop
  endfacet
  facet normal 0 0 -1
    outer loop
      vertex 59.8051 0.0286179 0
      vertex 53.2737 21.5598 0
      vertex 54.4749 21.9896 0
    endloop
  endfacet
  facet normal 0 0 -1
    outer loop
      vertex 52.0362 21.2498 0
      vertex 56.4257 -0.817877 0
      vertex 52.9796 -1.32906 0
    endloop
  endfacet
  facet normal 0 0 -1
    outer loop
      vertex 56.4257 -0.817877 0
      vertex 52.0362 21.2498 0
      vertex 53.2737 21.5598 0
    endloop
  endfacet
  facet normal 0 0 -1
    outer loop
      vertex 52.9796 -1.32906 0
      vertex 50.7742 21.0626 0
      vertex 52.0362 21.2498 0
    endloop
  endfacet
  facet normal 0 0 -1
    outer loop
      vertex 49.5 -1.5 0
      vertex 50.7742 21.0626 0
      vertex 52.9796 -1.32906 0
    endloop
  endfacet
  facet normal 0 0 -1
    outer loop
      vertex 49.5 -1.5 0
      vertex 49.5 21 0
      vertex 50.7742 21.0626 0
    endloop
  endfacet
  facet normal 0 0 -1
    outer loop
      vertex 49.5 -1.5 0
      vertex 48.2258 21.0626 0
      vertex 49.5 21 0
    endloop
  endfacet
  facet normal 0 0 -1
    outer loop
      vertex 46.0204 -1.32906 0
      vertex 48.2258 21.0626 0
      vertex 49.5 -1.5 0
    endloop
  endfacet
  facet normal -0 0 -1
    outer loop
      vertex 48.2258 21.0626 0
      vertex 46.0204 -1.32906 0
      vertex 46.9638 21.2498 0
    endloop
  endfacet
  facet normal 0 0 -1
    outer loop
      vertex 42.5743 -0.817877 0
      vertex 46.9638 21.2498 0
      vertex 46.0204 -1.32906 0
    endloop
  endfacet
  facet normal -0 0 -1
    outer loop
      vertex 46.9638 21.2498 0
      vertex 42.5743 -0.817877 0
      vertex 45.7263 21.5598 0
    endloop
  endfacet
  facet normal 0 0 -1
    outer loop
      vertex 39.1949 0.0286179 0
      vertex 45.7263 21.5598 0
      vertex 42.5743 -0.817877 0
    endloop
  endfacet
  facet normal -0 0 -1
    outer loop
      vertex 45.7263 21.5598 0
      vertex 39.1949 0.0286179 0
      vertex 44.5251 21.9896 0
    endloop
  endfacet
  facet normal 0 0 -1
    outer loop
      vertex 35.9147 1.20228 0
      vertex 44.5251 21.9896 0
      vertex 39.1949 0.0286179 0
    endloop
  endfacet
  facet normal -0 0 -1
    outer loop
      vertex 44.5251 21.9896 0
      vertex 35.9147 1.20228 0
      vertex 43.3718 22.535 0
    endloop
  endfacet
  facet normal 0 0 -1
    outer loop
      vertex 32.7654 2.69179 0
      vertex 43.3718 22.535 0
      vertex 35.9147 1.20228 0
    endloop
  endfacet
  facet normal -0 0 -1
    outer loop
      vertex 43.3718 22.535 0
      vertex 32.7654 2.69179 0
      vertex 42.2776 23.1909 0
    endloop
  endfacet
  facet normal 0 0 -1
    outer loop
      vertex 29.7773 4.48283 0
      vertex 42.2776 23.1909 0
      vertex 32.7654 2.69179 0
    endloop
  endfacet
  facet normal -0 0 -1
    outer loop
      vertex 42.2776 23.1909 0
      vertex 29.7773 4.48283 0
      vertex 41.2529 23.9509 0
    endloop
  endfacet
  facet normal 0 0 -1
    outer loop
      vertex 26.979 6.55813 0
      vertex 41.2529 23.9509 0
      vertex 29.7773 4.48283 0
    endloop
  endfacet
  facet normal -0 0 -1
    outer loop
      vertex 41.2529 23.9509 0
      vertex 26.979 6.55813 0
      vertex 40.3076 24.8076 0
    endloop
  endfacet
  facet normal 0 0 -1
    outer loop
      vertex 24.3977 8.89771 0
      vertex 40.3076 24.8076 0
      vertex 26.979 6.55813 0
    endloop
  endfacet
  facet normal -0 0 -1
    outer loop
      vertex 40.3076 24.8076 0
      vertex 24.3977 8.89771 0
      vertex 39.4509 25.7529 0
    endloop
  endfacet
  facet normal 0 0 -1
    outer loop
      vertex 22.0581 11.479 0
      vertex 39.4509 25.7529 0
      vertex 24.3977 8.89771 0
    endloop
  endfacet
  facet normal 0 0 -1
    outer loop
      vertex 19.9828 14.2773 0
      vertex 38.6909 26.7776 0
      vertex 22.0581 11.479 0
    endloop
  endfacet
  facet normal -0 0 -1
    outer loop
      vertex 39.4509 25.7529 0
      vertex 22.0581 11.479 0
      vertex 38.6909 26.7776 0
    endloop
  endfacet
  facet normal -0 0 -1
    outer loop
      vertex 79.0172 53.7227 0
      vertex 60.3091 41.2224 0
      vertex 76.9419 56.521 0
    endloop
  endfacet
  facet normal 0 0 -1
    outer loop
      vertex 59.5491 42.2471 0
      vertex 76.9419 56.521 0
      vertex 60.3091 41.2224 0
    endloop
  endfacet
  facet normal -0 0 -1
    outer loop
      vertex 76.9419 56.521 0
      vertex 59.5491 42.2471 0
      vertex 74.6023 59.1023 0
    endloop
  endfacet
  facet normal 0 0 -1
    outer loop
      vertex 58.6924 43.1924 0
      vertex 74.6023 59.1023 0
      vertex 59.5491 42.2471 0
    endloop
  endfacet
  facet normal -0 0 -1
    outer loop
      vertex 74.6023 59.1023 0
      vertex 58.6924 43.1924 0
      vertex 72.021 61.4419 0
    endloop
  endfacet
  facet normal 0 0 -1
    outer loop
      vertex 57.7471 44.0491 0
      vertex 72.021 61.4419 0
      vertex 58.6924 43.1924 0
    endloop
  endfacet
  facet normal -0 0 -1
    outer loop
      vertex 72.021 61.4419 0
      vertex 57.7471 44.0491 0
      vertex 69.2227 63.5172 0
    endloop
  endfacet
  facet normal 0 0 -1
    outer loop
      vertex 56.7224 44.8091 0
      vertex 69.2227 63.5172 0
      vertex 57.7471 44.0491 0
    endloop
  endfacet
  facet normal -0 0 -1
    outer loop
      vertex 69.2227 63.5172 0
      vertex 56.7224 44.8091 0
      vertex 66.2346 65.3082 0
    endloop
  endfacet
  facet normal 0 0 -1
    outer loop
      vertex 55.6282 45.465 0
      vertex 66.2346 65.3082 0
      vertex 56.7224 44.8091 0
    endloop
  endfacet
  facet normal -0 0 -1
    outer loop
      vertex 66.2346 65.3082 0
      vertex 55.6282 45.465 0
      vertex 63.0853 66.7977 0
    endloop
  endfacet
  facet normal 0 0 -1
    outer loop
      vertex 54.4749 46.0104 0
      vertex 63.0853 66.7977 0
      vertex 55.6282 45.465 0
    endloop
  endfacet
  facet normal -0 0 -1
    outer loop
      vertex 63.0853 66.7977 0
      vertex 54.4749 46.0104 0
      vertex 59.8051 67.9714 0
    endloop
  endfacet
  facet normal 0 0 -1
    outer loop
      vertex 53.2737 46.4402 0
      vertex 59.8051 67.9714 0
      vertex 54.4749 46.0104 0
    endloop
  endfacet
  facet normal -0 0 -1
    outer loop
      vertex 59.8051 67.9714 0
      vertex 53.2737 46.4402 0
      vertex 56.4257 68.8179 0
    endloop
  endfacet
  facet normal 0 0 -1
    outer loop
      vertex 52.0362 46.7502 0
      vertex 56.4257 68.8179 0
      vertex 53.2737 46.4402 0
    endloop
  endfacet
  facet normal -0 0 -1
    outer loop
      vertex 56.4257 68.8179 0
      vertex 52.0362 46.7502 0
      vertex 52.9796 69.3291 0
    endloop
  endfacet
  facet normal 0 0 -1
    outer loop
      vertex 50.7742 46.9374 0
      vertex 52.9796 69.3291 0
      vertex 52.0362 46.7502 0
    endloop
  endfacet
  facet normal 0 0 -1
    outer loop
      vertex 49.5 47 0
      vertex 52.9796 69.3291 0
      vertex 50.7742 46.9374 0
    endloop
  endfacet
  facet normal 0 0 -1
    outer loop
      vertex 49.5 47 0
      vertex 49.5 69.5 0
      vertex 52.9796 69.3291 0
    endloop
  endfacet
  facet normal 0 0 -1
    outer loop
      vertex 48.2258 46.9374 0
      vertex 49.5 69.5 0
      vertex 49.5 47 0
    endloop
  endfacet
  facet normal 0 0 -1
    outer loop
      vertex 46.0204 69.3291 0
      vertex 48.2258 46.9374 0
      vertex 46.9638 46.7502 0
    endloop
  endfacet
  facet normal 0 0 -1
    outer loop
      vertex 48.2258 46.9374 0
      vertex 46.0204 69.3291 0
      vertex 49.5 69.5 0
    endloop
  endfacet
  facet normal 0 0 -1
    outer loop
      vertex 42.5743 68.8179 0
      vertex 46.9638 46.7502 0
      vertex 45.7263 46.4402 0
    endloop
  endfacet
  facet normal 0 0 -1
    outer loop
      vertex 39.1949 67.9714 0
      vertex 45.7263 46.4402 0
      vertex 44.5251 46.0104 0
    endloop
  endfacet
  facet normal 0 0 -1
    outer loop
      vertex 35.9147 66.7977 0
      vertex 44.5251 46.0104 0
      vertex 43.3718 45.465 0
    endloop
  endfacet
  facet normal 0 0 -1
    outer loop
      vertex 46.9638 46.7502 0
      vertex 42.5743 68.8179 0
      vertex 46.0204 69.3291 0
    endloop
  endfacet
  facet normal 0 0 -1
    outer loop
      vertex 32.7654 65.3082 0
      vertex 43.3718 45.465 0
      vertex 42.2776 44.8091 0
    endloop
  endfacet
  facet normal 0 0 -1
    outer loop
      vertex 29.7773 63.5172 0
      vertex 42.2776 44.8091 0
      vertex 41.2529 44.0491 0
    endloop
  endfacet
  facet normal 0 0 -1
    outer loop
      vertex 26.979 61.4419 0
      vertex 41.2529 44.0491 0
      vertex 40.3076 43.1924 0
    endloop
  endfacet
  facet normal 0 0 -1
    outer loop
      vertex 24.3977 59.1023 0
      vertex 40.3076 43.1924 0
      vertex 39.4509 42.2471 0
    endloop
  endfacet
  facet normal 0 0 -1
    outer loop
      vertex 45.7263 46.4402 0
      vertex 39.1949 67.9714 0
      vertex 42.5743 68.8179 0
    endloop
  endfacet
  facet normal 0 0 -1
    outer loop
      vertex 22.0581 56.521 0
      vertex 39.4509 42.2471 0
      vertex 38.6909 41.2224 0
    endloop
  endfacet
  facet normal 0 0 -1
    outer loop
      vertex 19.9828 53.7227 0
      vertex 38.6909 41.2224 0
      vertex 38.035 40.1282 0
    endloop
  endfacet
  facet normal 0 0 -1
    outer loop
      vertex 18.1918 50.7346 0
      vertex 38.035 40.1282 0
      vertex 37.4896 38.9749 0
    endloop
  endfacet
  facet normal 0 0 -1
    outer loop
      vertex 16.7023 47.5853 0
      vertex 37.4896 38.9749 0
      vertex 37.0598 37.7737 0
    endloop
  endfacet
  facet normal 0 0 -1
    outer loop
      vertex 15.5286 44.3051 0
      vertex 37.0598 37.7737 0
      vertex 36.7498 36.5362 0
    endloop
  endfacet
  facet normal 0 0 -1
    outer loop
      vertex 14.6821 40.9257 0
      vertex 36.7498 36.5362 0
      vertex 36.5626 35.2742 0
    endloop
  endfacet
  facet normal 0 0 -1
    outer loop
      vertex 44.5251 46.0104 0
      vertex 35.9147 66.7977 0
      vertex 39.1949 67.9714 0
    endloop
  endfacet
  facet normal 0 0 -1
    outer loop
      vertex 14.1709 37.4796 0
      vertex 36.5626 35.2742 0
      vertex 36.5 34 0
    endloop
  endfacet
  facet normal -0 0 -1
    outer loop
      vertex 38.6909 26.7776 0
      vertex 19.9828 14.2773 0
      vertex 38.035 27.8718 0
    endloop
  endfacet
  facet normal 0 0 -1
    outer loop
      vertex 18.1918 17.2654 0
      vertex 38.035 27.8718 0
      vertex 19.9828 14.2773 0
    endloop
  endfacet
  facet normal 0 0 -1
    outer loop
      vertex 43.3718 45.465 0
      vertex 32.7654 65.3082 0
      vertex 35.9147 66.7977 0
    endloop
  endfacet
  facet normal -0 0 -1
    outer loop
      vertex 38.035 27.8718 0
      vertex 18.1918 17.2654 0
      vertex 37.4896 29.0251 0
    endloop
  endfacet
  facet normal 0 0 -1
    outer loop
      vertex 42.2776 44.8091 0
      vertex 29.7773 63.5172 0
      vertex 32.7654 65.3082 0
    endloop
  endfacet
  facet normal 0 0 -1
    outer loop
      vertex 16.7023 20.4147 0
      vertex 37.4896 29.0251 0
      vertex 18.1918 17.2654 0
    endloop
  endfacet
  facet normal 0 0 -1
    outer loop
      vertex 41.2529 44.0491 0
      vertex 26.979 61.4419 0
      vertex 29.7773 63.5172 0
    endloop
  endfacet
  facet normal -0 0 -1
    outer loop
      vertex 37.4896 29.0251 0
      vertex 16.7023 20.4147 0
      vertex 37.0598 30.2263 0
    endloop
  endfacet
  facet normal 0 0 -1
    outer loop
      vertex 40.3076 43.1924 0
      vertex 24.3977 59.1023 0
      vertex 26.979 61.4419 0
    endloop
  endfacet
  facet normal 0 0 -1
    outer loop
      vertex 15.5286 23.6949 0
      vertex 37.0598 30.2263 0
      vertex 16.7023 20.4147 0
    endloop
  endfacet
  facet normal 0 0 -1
    outer loop
      vertex 39.4509 42.2471 0
      vertex 22.0581 56.521 0
      vertex 24.3977 59.1023 0
    endloop
  endfacet
  facet normal -0 0 -1
    outer loop
      vertex 37.0598 30.2263 0
      vertex 15.5286 23.6949 0
      vertex 36.7498 31.4638 0
    endloop
  endfacet
  facet normal 0 0 -1
    outer loop
      vertex 38.6909 41.2224 0
      vertex 19.9828 53.7227 0
      vertex 22.0581 56.521 0
    endloop
  endfacet
  facet normal 0 0 -1
    outer loop
      vertex 14.6821 27.0743 0
      vertex 36.7498 31.4638 0
      vertex 15.5286 23.6949 0
    endloop
  endfacet
  facet normal 0 0 -1
    outer loop
      vertex 38.035 40.1282 0
      vertex 18.1918 50.7346 0
      vertex 19.9828 53.7227 0
    endloop
  endfacet
  facet normal -0 0 -1
    outer loop
      vertex 36.7498 31.4638 0
      vertex 14.6821 27.0743 0
      vertex 36.5626 32.7258 0
    endloop
  endfacet
  facet normal 0 0 -1
    outer loop
      vertex 37.4896 38.9749 0
      vertex 16.7023 47.5853 0
      vertex 18.1918 50.7346 0
    endloop
  endfacet
  facet normal 0 0 -1
    outer loop
      vertex 14.1709 30.5204 0
      vertex 36.5626 32.7258 0
      vertex 14.6821 27.0743 0
    endloop
  endfacet
  facet normal 0 0 -1
    outer loop
      vertex 37.0598 37.7737 0
      vertex 15.5286 44.3051 0
      vertex 16.7023 47.5853 0
    endloop
  endfacet
  facet normal -0 0 -1
    outer loop
      vertex 36.5626 32.7258 0
      vertex 14.1709 30.5204 0
      vertex 36.5 34 0
    endloop
  endfacet
  facet normal 0 0 -1
    outer loop
      vertex 36.7498 36.5362 0
      vertex 14.6821 40.9257 0
      vertex 15.5286 44.3051 0
    endloop
  endfacet
  facet normal 0 0 -1
    outer loop
      vertex 14 34 0
      vertex 36.5 34 0
      vertex 14.1709 30.5204 0
    endloop
  endfacet
  facet normal 0 0 -1
    outer loop
      vertex 36.5626 35.2742 0
      vertex 14.1709 37.4796 0
      vertex 14.6821 40.9257 0
    endloop
  endfacet
  facet normal 0 0 -1
    outer loop
      vertex 36.5 34 0
      vertex 14 34 0
      vertex 14.1709 37.4796 0
    endloop
  endfacet
  facet normal -0.70668 0.0347226 -0.70668
    outer loop
      vertex 12.1806 37.6756 2
      vertex 14 34 0
      vertex 12 34 2
    endloop
  endfacet
  facet normal -0.706694 0.0347091 -0.706668
    outer loop
      vertex 14.1709 37.4796 0
      vertex 14 34 0
      vertex 12.1806 37.6756 2
    endloop
  endfacet
  facet normal -0.989176 0.146734 0
    outer loop
      vertex 12.1806 37.6756 2
      vertex 12.7206 41.3159 10
      vertex 12.7206 41.3159 2
    endloop
  endfacet
  facet normal -0.989176 0.146734 0
    outer loop
      vertex 12.7206 41.3159 10
      vertex 12.1806 37.6756 2
      vertex 12.1806 37.6756 10
    endloop
  endfacet
  facet normal -0.699887 0.103822 0.706667
    outer loop
      vertex 14.1709 37.4796 12
      vertex 14.6821 40.9257 12
      vertex 12.1806 37.6756 10
    endloop
  endfacet
  facet normal -0.699886 0.103821 0.706669
    outer loop
      vertex 14.6821 40.9257 12
      vertex 12.7206 41.3159 10
      vertex 12.1806 37.6756 10
    endloop
  endfacet
  facet normal 0.69987 -0.103818 0.706685
    outer loop
      vertex 37.5578 35.1762 11
      vertex 37.7306 36.3411 11
      vertex 36.5626 35.2742 12
    endloop
  endfacet
  facet normal 0.699869 -0.103816 0.706686
    outer loop
      vertex 37.7306 36.3411 11
      vertex 36.7498 36.5362 12
      vertex 36.5626 35.2742 12
    endloop
  endfacet
  facet normal 0.989176 -0.146733 0
    outer loop
      vertex 37.5578 35.1762 11
      vertex 37.7306 36.3411 1
      vertex 37.7306 36.3411 11
    endloop
  endfacet
  facet normal 0.989176 -0.146733 0
    outer loop
      vertex 37.7306 36.3411 1
      vertex 37.5578 35.1762 11
      vertex 37.5578 35.1762 1
    endloop
  endfacet
  facet normal 0.69987 -0.103816 -0.706685
    outer loop
      vertex 36.7498 36.5362 0
      vertex 37.5578 35.1762 1
      vertex 36.5626 35.2742 0
    endloop
  endfacet
  facet normal 0.699869 -0.103818 -0.706686
    outer loop
      vertex 37.7306 36.3411 1
      vertex 37.5578 35.1762 1
      vertex 36.7498 36.5362 0
    endloop
  endfacet
  facet normal -0.699887 0.103821 -0.706667
    outer loop
      vertex 12.7206 41.3159 2
      vertex 14.1709 37.4796 0
      vertex 12.1806 37.6756 2
    endloop
  endfacet
  facet normal -0.699886 0.103822 -0.706669
    outer loop
      vertex 14.6821 40.9257 0
      vertex 14.1709 37.4796 0
      vertex 12.7206 41.3159 2
    endloop
  endfacet
  facet normal -0.970037 0.242958 0
    outer loop
      vertex 12.7206 41.3159 2
      vertex 13.6147 44.8857 10
      vertex 13.6147 44.8857 2
    endloop
  endfacet
  facet normal -0.970037 0.242958 0
    outer loop
      vertex 13.6147 44.8857 10
      vertex 12.7206 41.3159 2
      vertex 12.7206 41.3159 10
    endloop
  endfacet
  facet normal -0.68634 0.17192 0.706669
    outer loop
      vertex 14.6821 40.9257 12
      vertex 15.5286 44.3051 12
      vertex 12.7206 41.3159 10
    endloop
  endfacet
  facet normal -0.686329 0.171899 0.706685
    outer loop
      vertex 15.5286 44.3051 12
      vertex 13.6147 44.8857 10
      vertex 12.7206 41.3159 10
    endloop
  endfacet
  facet normal 0.686327 -0.171897 0.706687
    outer loop
      vertex 37.7306 36.3411 11
      vertex 38.0167 37.4834 11
      vertex 36.7498 36.5362 12
    endloop
  endfacet
  facet normal 0.686338 -0.171931 0.706668
    outer loop
      vertex 38.0167 37.4834 11
      vertex 37.0598 37.7737 12
      vertex 36.7498 36.5362 12
    endloop
  endfacet
  facet normal 0.970038 -0.242955 0
    outer loop
      vertex 37.7306 36.3411 11
      vertex 38.0167 37.4834 1
      vertex 38.0167 37.4834 11
    endloop
  endfacet
  facet normal 0.970038 -0.242955 0
    outer loop
      vertex 38.0167 37.4834 1
      vertex 37.7306 36.3411 11
      vertex 37.7306 36.3411 1
    endloop
  endfacet
  facet normal 0.686321 -0.171927 -0.706686
    outer loop
      vertex 37.0598 37.7737 0
      vertex 37.7306 36.3411 1
      vertex 36.7498 36.5362 0
    endloop
  endfacet
  facet normal 0.686346 -0.171902 -0.706668
    outer loop
      vertex 38.0167 37.4834 1
      vertex 37.7306 36.3411 1
      vertex 37.0598 37.7737 0
    endloop
  endfacet
  facet normal -0.686343 0.171903 -0.70667
    outer loop
      vertex 13.6147 44.8857 2
      vertex 14.6821 40.9257 0
      vertex 12.7206 41.3159 2
    endloop
  endfacet
  facet normal -0.686324 0.171916 -0.706685
    outer loop
      vertex 15.5286 44.3051 0
      vertex 14.6821 40.9257 0
      vertex 13.6147 44.8857 2
    endloop
  endfacet
  facet normal -0.941541 0.336899 0
    outer loop
      vertex 13.6147 44.8857 2
      vertex 14.8545 48.3506 10
      vertex 14.8545 48.3506 2
    endloop
  endfacet
  facet normal -0.941541 0.336899 0
    outer loop
      vertex 14.8545 48.3506 10
      vertex 13.6147 44.8857 2
      vertex 13.6147 44.8857 10
    endloop
  endfacet
  facet normal -0.666167 0.238364 0.706685
    outer loop
      vertex 15.5286 44.3051 12
      vertex 16.7023 47.5853 12
      vertex 13.6147 44.8857 10
    endloop
  endfacet
  facet normal -0.666168 0.238366 0.706684
    outer loop
      vertex 16.7023 47.5853 12
      vertex 14.8545 48.3506 10
      vertex 13.6147 44.8857 10
    endloop
  endfacet
  facet normal 0.66619 -0.238346 0.706669
    outer loop
      vertex 38.0167 37.4834 11
      vertex 38.4134 38.5922 11
      vertex 37.0598 37.7737 12
    endloop
  endfacet
  facet normal 0.666196 -0.238371 0.706656
    outer loop
      vertex 38.4134 38.5922 11
      vertex 37.4896 38.9749 12
      vertex 37.0598 37.7737 12
    endloop
  endfacet
  facet normal 0.941553 -0.336864 0
    outer loop
      vertex 38.0167 37.4834 11
      vertex 38.4134 38.5922 1
      vertex 38.4134 38.5922 11
    endloop
  endfacet
  facet normal 0.941553 -0.336864 0
    outer loop
      vertex 38.4134 38.5922 1
      vertex 38.0167 37.4834 11
      vertex 38.0167 37.4834 1
    endloop
  endfacet
  facet normal 0.666184 -0.238366 -0.706669
    outer loop
      vertex 37.4896 38.9749 0
      vertex 38.0167 37.4834 1
      vertex 37.0598 37.7737 0
    endloop
  endfacet
  facet normal 0.666203 -0.23835 -0.706655
    outer loop
      vertex 38.4134 38.5922 1
      vertex 38.0167 37.4834 1
      vertex 37.4896 38.9749 0
    endloop
  endfacet
  facet normal -0.666166 0.238366 -0.706685
    outer loop
      vertex 14.8545 48.3506 2
      vertex 15.5286 44.3051 0
      vertex 13.6147 44.8857 2
    endloop
  endfacet
  facet normal -0.666169 0.238364 -0.706683
    outer loop
      vertex 16.7023 47.5853 0
      vertex 15.5286 44.3051 0
      vertex 14.8545 48.3506 2
    endloop
  endfacet
  facet normal -0.903985 0.427564 0
    outer loop
      vertex 14.8545 48.3506 2
      vertex 16.428 51.6774 10
      vertex 16.428 51.6774 2
    endloop
  endfacet
  facet normal -0.903985 0.427564 0
    outer loop
      vertex 16.428 51.6774 10
      vertex 14.8545 48.3506 2
      vertex 14.8545 48.3506 10
    endloop
  endfacet
  facet normal -0.639601 0.302507 0.706682
    outer loop
      vertex 16.7023 47.5853 12
      vertex 18.1918 50.7346 12
      vertex 14.8545 48.3506 10
    endloop
  endfacet
  facet normal -0.639605 0.302518 0.706674
    outer loop
      vertex 18.1918 50.7346 12
      vertex 16.428 51.6774 10
      vertex 14.8545 48.3506 10
    endloop
  endfacet
  facet normal 0.639627 -0.30251 0.706658
    outer loop
      vertex 38.4134 38.5922 11
      vertex 38.9169 39.6568 11
      vertex 37.4896 38.9749 12
    endloop
  endfacet
  facet normal 0.639624 -0.30248 0.706673
    outer loop
      vertex 38.9169 39.6568 11
      vertex 38.035 40.1282 12
      vertex 37.4896 38.9749 12
    endloop
  endfacet
  facet normal 0.903995 -0.427542 0
    outer loop
      vertex 38.4134 38.5922 11
      vertex 38.9169 39.6568 1
      vertex 38.9169 39.6568 11
    endloop
  endfacet
  facet normal 0.903995 -0.427542 0
    outer loop
      vertex 38.9169 39.6568 1
      vertex 38.4134 38.5922 11
      vertex 38.4134 38.5922 1
    endloop
  endfacet
  facet normal 0.639637 -0.302487 -0.706658
    outer loop
      vertex 38.035 40.1282 0
      vertex 38.4134 38.5922 1
      vertex 37.4896 38.9749 0
    endloop
  endfacet
  facet normal 0.639612 -0.302503 -0.706674
    outer loop
      vertex 38.9169 39.6568 1
      vertex 38.4134 38.5922 1
      vertex 38.035 40.1282 0
    endloop
  endfacet
  facet normal -0.639598 0.302515 -0.706682
    outer loop
      vertex 16.428 51.6774 2
      vertex 16.7023 47.5853 0
      vertex 14.8545 48.3506 2
    endloop
  endfacet
  facet normal -0.639608 0.302511 -0.706674
    outer loop
      vertex 18.1918 50.7346 0
      vertex 16.7023 47.5853 0
      vertex 16.428 51.6774 2
    endloop
  endfacet
  facet normal -0.857733 0.514096 0
    outer loop
      vertex 16.428 51.6774 2
      vertex 18.3199 54.8339 10
      vertex 18.3199 54.8339 2
    endloop
  endfacet
  facet normal -0.857733 0.514096 0
    outer loop
      vertex 18.3199 54.8339 10
      vertex 16.428 51.6774 2
      vertex 16.428 51.6774 10
    endloop
  endfacet
  facet normal -0.606876 0.363748 0.706675
    outer loop
      vertex 18.1918 50.7346 12
      vertex 19.9828 53.7227 12
      vertex 16.428 51.6774 10
    endloop
  endfacet
  facet normal -0.606875 0.36374 0.70668
    outer loop
      vertex 19.9828 53.7227 12
      vertex 18.3199 54.8339 10
      vertex 16.428 51.6774 10
    endloop
  endfacet
  facet normal 0.606843 -0.363806 0.706673
    outer loop
      vertex 38.9169 39.6568 11
      vertex 39.5224 40.6668 11
      vertex 38.035 40.1282 12
    endloop
  endfacet
  facet normal 0.606843 -0.363762 0.706696
    outer loop
      vertex 39.5224 40.6668 11
      vertex 38.6909 41.2224 12
      vertex 38.035 40.1282 12
    endloop
  endfacet
  facet normal 0.85768 -0.514184 0
    outer loop
      vertex 38.9169 39.6568 11
      vertex 39.5224 40.6668 1
      vertex 39.5224 40.6668 11
    endloop
  endfacet
  facet normal 0.85768 -0.514184 0
    outer loop
      vertex 39.5224 40.6668 1
      vertex 38.9169 39.6568 11
      vertex 38.9169 39.6568 1
    endloop
  endfacet
  facet normal 0.606862 -0.363773 -0.706674
    outer loop
      vertex 38.6909 41.2224 0
      vertex 38.9169 39.6568 1
      vertex 38.035 40.1282 0
    endloop
  endfacet
  facet normal 0.606823 -0.363793 -0.706697
    outer loop
      vertex 39.5224 40.6668 1
      vertex 38.9169 39.6568 1
      vertex 38.6909 41.2224 0
    endloop
  endfacet
  facet normal -0.606879 0.363743 -0.706675
    outer loop
      vertex 18.3199 54.8339 2
      vertex 18.1918 50.7346 0
      vertex 16.428 51.6774 2
    endloop
  endfacet
  facet normal -0.606871 0.363745 -0.70668
    outer loop
      vertex 18.3199 54.8339 2
      vertex 19.9828 53.7227 0
      vertex 18.1918 50.7346 0
    endloop
  endfacet
  facet normal -0.803204 0.595704 0
    outer loop
      vertex 18.3199 54.8339 2
      vertex 20.5121 57.7897 10
      vertex 20.5121 57.7897 2
    endloop
  endfacet
  facet normal -0.803204 0.595704 0
    outer loop
      vertex 20.5121 57.7897 10
      vertex 18.3199 54.8339 2
      vertex 18.3199 54.8339 10
    endloop
  endfacet
  facet normal -0.568301 0.421468 0.706681
    outer loop
      vertex 19.9828 53.7227 12
      vertex 22.0581 56.521 12
      vertex 18.3199 54.8339 10
    endloop
  endfacet
  facet normal -0.568303 0.421488 0.706669
    outer loop
      vertex 22.0581 56.521 12
      vertex 20.5121 57.7897 10
      vertex 18.3199 54.8339 10
    endloop
  endfacet
  facet normal 0.568291 -0.421457 0.706696
    outer loop
      vertex 39.5224 40.6668 11
      vertex 40.2239 41.6127 11
      vertex 38.6909 41.2224 12
    endloop
  endfacet
  facet normal 0.568288 -0.421488 0.706679
    outer loop
      vertex 40.2239 41.6127 11
      vertex 39.4509 42.2471 12
      vertex 38.6909 41.2224 12
    endloop
  endfacet
  facet normal 0.803219 -0.595684 0
    outer loop
      vertex 39.5224 40.6668 11
      vertex 40.2239 41.6127 1
      vertex 40.2239 41.6127 11
    endloop
  endfacet
  facet normal 0.803219 -0.595684 0
    outer loop
      vertex 40.2239 41.6127 1
      vertex 39.5224 40.6668 11
      vertex 39.5224 40.6668 1
    endloop
  endfacet
  facet normal 0.568276 -0.421479 -0.706695
    outer loop
      vertex 39.4509 42.2471 0
      vertex 39.5224 40.6668 1
      vertex 38.6909 41.2224 0
    endloop
  endfacet
  facet normal 0.568305 -0.421467 -0.706679
    outer loop
      vertex 40.2239 41.6127 1
      vertex 39.5224 40.6668 1
      vertex 39.4509 42.2471 0
    endloop
  endfacet
  facet normal -0.568292 0.42148 -0.706681
    outer loop
      vertex 20.5121 57.7897 2
      vertex 19.9828 53.7227 0
      vertex 18.3199 54.8339 2
    endloop
  endfacet
  facet normal -0.568311 0.421476 -0.706668
    outer loop
      vertex 20.5121 57.7897 2
      vertex 22.0581 56.521 0
      vertex 19.9828 53.7227 0
    endloop
  endfacet
  facet normal -0.740955 0.671555 0
    outer loop
      vertex 20.5121 57.7897 2
      vertex 22.9835 60.5165 10
      vertex 22.9835 60.5165 2
    endloop
  endfacet
  facet normal -0.740955 0.671555 0
    outer loop
      vertex 22.9835 60.5165 10
      vertex 20.5121 57.7897 2
      vertex 20.5121 57.7897 10
    endloop
  endfacet
  facet normal -0.524252 0.475164 0.706667
    outer loop
      vertex 22.0581 56.521 12
      vertex 24.3977 59.1023 12
      vertex 20.5121 57.7897 10
    endloop
  endfacet
  facet normal -0.524252 0.475149 0.706677
    outer loop
      vertex 24.3977 59.1023 12
      vertex 22.9835 60.5165 10
      vertex 20.5121 57.7897 10
    endloop
  endfacet
  facet normal 0.524271 -0.475124 0.70668
    outer loop
      vertex 40.2239 41.6127 11
      vertex 41.0147 42.4853 11
      vertex 39.4509 42.2471 12
    endloop
  endfacet
  facet normal 0.52427 -0.475131 0.706676
    outer loop
      vertex 41.0147 42.4853 11
      vertex 40.3076 43.1924 12
      vertex 39.4509 42.2471 12
    endloop
  endfacet
  facet normal 0.740984 -0.671522 0
    outer loop
      vertex 40.2239 41.6127 11
      vertex 41.0147 42.4853 1
      vertex 41.0147 42.4853 11
    endloop
  endfacet
  facet normal 0.740984 -0.671522 0
    outer loop
      vertex 41.0147 42.4853 1
      vertex 40.2239 41.6127 11
      vertex 40.2239 41.6127 1
    endloop
  endfacet
  facet normal 0.524267 -0.475129 -0.70668
    outer loop
      vertex 40.3076 43.1924 0
      vertex 40.2239 41.6127 1
      vertex 39.4509 42.2471 0
    endloop
  endfacet
  facet normal 0.524274 -0.475127 -0.706676
    outer loop
      vertex 40.3076 43.1924 0
      vertex 41.0147 42.4853 1
      vertex 40.2239 41.6127 1
    endloop
  endfacet
  facet normal -0.524259 0.475156 -0.706668
    outer loop
      vertex 22.9835 60.5165 2
      vertex 22.0581 56.521 0
      vertex 20.5121 57.7897 2
    endloop
  endfacet
  facet normal -0.524245 0.475157 -0.706677
    outer loop
      vertex 22.9835 60.5165 2
      vertex 24.3977 59.1023 0
      vertex 22.0581 56.521 0
    endloop
  endfacet
  facet normal -0.671555 0.740955 0
    outer loop
      vertex 25.7103 62.9879 2
      vertex 22.9835 60.5165 10
      vertex 25.7103 62.9879 10
    endloop
  endfacet
  facet normal -0.671555 0.740955 0
    outer loop
      vertex 22.9835 60.5165 10
      vertex 25.7103 62.9879 2
      vertex 22.9835 60.5165 2
    endloop
  endfacet
  facet normal -0.475157 0.524245 0.706677
    outer loop
      vertex 24.3977 59.1023 12
      vertex 26.979 61.4419 12
      vertex 22.9835 60.5165 10
    endloop
  endfacet
  facet normal -0.475156 0.524259 0.706668
    outer loop
      vertex 26.979 61.4419 12
      vertex 25.7103 62.9879 10
      vertex 22.9835 60.5165 10
    endloop
  endfacet
  facet normal 0.475127 -0.524274 0.706676
    outer loop
      vertex 41.0147 42.4853 11
      vertex 41.8873 43.2761 11
      vertex 40.3076 43.1924 12
    endloop
  endfacet
  facet normal 0.475129 -0.524267 0.70668
    outer loop
      vertex 41.8873 43.2761 11
      vertex 41.2529 44.0491 12
      vertex 40.3076 43.1924 12
    endloop
  endfacet
  facet normal 0.671522 -0.740984 0
    outer loop
      vertex 41.0147 42.4853 1
      vertex 41.8873 43.2761 11
      vertex 41.0147 42.4853 11
    endloop
  endfacet
  facet normal 0.671522 -0.740984 0
    outer loop
      vertex 41.8873 43.2761 11
      vertex 41.0147 42.4853 1
      vertex 41.8873 43.2761 1
    endloop
  endfacet
  facet normal 0.475131 -0.52427 -0.706676
    outer loop
      vertex 41.2529 44.0491 0
      vertex 41.0147 42.4853 1
      vertex 40.3076 43.1924 0
    endloop
  endfacet
  facet normal 0.475124 -0.524271 -0.70668
    outer loop
      vertex 41.2529 44.0491 0
      vertex 41.8873 43.2761 1
      vertex 41.0147 42.4853 1
    endloop
  endfacet
  facet normal -0.475149 0.524252 -0.706677
    outer loop
      vertex 25.7103 62.9879 2
      vertex 24.3977 59.1023 0
      vertex 22.9835 60.5165 2
    endloop
  endfacet
  facet normal -0.475164 0.524252 -0.706667
    outer loop
      vertex 25.7103 62.9879 2
      vertex 26.979 61.4419 0
      vertex 24.3977 59.1023 0
    endloop
  endfacet
  facet normal -0.595704 0.803204 0
    outer loop
      vertex 28.6661 65.1801 2
      vertex 25.7103 62.9879 10
      vertex 28.6661 65.1801 10
    endloop
  endfacet
  facet normal -0.595704 0.803204 0
    outer loop
      vertex 25.7103 62.9879 10
      vertex 28.6661 65.1801 2
      vertex 25.7103 62.9879 2
    endloop
  endfacet
  facet normal -0.421476 0.568311 0.706668
    outer loop
      vertex 26.979 61.4419 12
      vertex 29.7773 63.5172 12
      vertex 25.7103 62.9879 10
    endloop
  endfacet
  facet normal -0.42148 0.568292 0.706681
    outer loop
      vertex 29.7773 63.5172 12
      vertex 28.6661 65.1801 10
      vertex 25.7103 62.9879 10
    endloop
  endfacet
  facet normal 0.421467 -0.568305 0.706679
    outer loop
      vertex 41.8873 43.2761 11
      vertex 42.8332 43.9776 11
      vertex 41.2529 44.0491 12
    endloop
  endfacet
  facet normal 0.421479 -0.568276 0.706695
    outer loop
      vertex 42.8332 43.9776 11
      vertex 42.2776 44.8091 12
      vertex 41.2529 44.0491 12
    endloop
  endfacet
  facet normal 0.595684 -0.803219 0
    outer loop
      vertex 41.8873 43.2761 1
      vertex 42.8332 43.9776 11
      vertex 41.8873 43.2761 11
    endloop
  endfacet
  facet normal 0.595684 -0.803219 0
    outer loop
      vertex 42.8332 43.9776 11
      vertex 41.8873 43.2761 1
      vertex 42.8332 43.9776 1
    endloop
  endfacet
  facet normal 0.421488 -0.568288 -0.706679
    outer loop
      vertex 42.2776 44.8091 0
      vertex 41.8873 43.2761 1
      vertex 41.2529 44.0491 0
    endloop
  endfacet
  facet normal 0.421457 -0.568291 -0.706696
    outer loop
      vertex 42.2776 44.8091 0
      vertex 42.8332 43.9776 1
      vertex 41.8873 43.2761 1
    endloop
  endfacet
  facet normal -0.421488 0.568303 -0.706669
    outer loop
      vertex 28.6661 65.1801 2
      vertex 26.979 61.4419 0
      vertex 25.7103 62.9879 2
    endloop
  endfacet
  facet normal -0.421468 0.568301 -0.706681
    outer loop
      vertex 28.6661 65.1801 2
      vertex 29.7773 63.5172 0
      vertex 26.979 61.4419 0
    endloop
  endfacet
  facet normal -0.514096 0.857733 0
    outer loop
      vertex 31.8226 67.072 2
      vertex 28.6661 65.1801 10
      vertex 31.8226 67.072 10
    endloop
  endfacet
  facet normal -0.514096 0.857733 0
    outer loop
      vertex 28.6661 65.1801 10
      vertex 31.8226 67.072 2
      vertex 28.6661 65.1801 2
    endloop
  endfacet
  facet normal -0.363745 0.606871 0.70668
    outer loop
      vertex 29.7773 63.5172 12
      vertex 32.7654 65.3082 12
      vertex 28.6661 65.1801 10
    endloop
  endfacet
  facet normal -0.363743 0.606879 0.706675
    outer loop
      vertex 32.7654 65.3082 12
      vertex 31.8226 67.072 10
      vertex 28.6661 65.1801 10
    endloop
  endfacet
  facet normal 0.363793 -0.606823 0.706697
    outer loop
      vertex 42.8332 43.9776 11
      vertex 43.8432 44.5831 11
      vertex 42.2776 44.8091 12
    endloop
  endfacet
  facet normal 0.363773 -0.606862 0.706674
    outer loop
      vertex 43.8432 44.5831 11
      vertex 43.3718 45.465 12
      vertex 42.2776 44.8091 12
    endloop
  endfacet
  facet normal 0.514184 -0.85768 0
    outer loop
      vertex 42.8332 43.9776 1
      vertex 43.8432 44.5831 11
      vertex 42.8332 43.9776 11
    endloop
  endfacet
  facet normal 0.514184 -0.85768 0
    outer loop
      vertex 43.8432 44.5831 11
      vertex 42.8332 43.9776 1
      vertex 43.8432 44.5831 1
    endloop
  endfacet
  facet normal 0.363762 -0.606843 -0.706696
    outer loop
      vertex 43.3718 45.465 0
      vertex 42.8332 43.9776 1
      vertex 42.2776 44.8091 0
    endloop
  endfacet
  facet normal 0.363806 -0.606843 -0.706673
    outer loop
      vertex 43.3718 45.465 0
      vertex 43.8432 44.5831 1
      vertex 42.8332 43.9776 1
    endloop
  endfacet
  facet normal -0.36374 0.606875 -0.70668
    outer loop
      vertex 31.8226 67.072 2
      vertex 29.7773 63.5172 0
      vertex 28.6661 65.1801 2
    endloop
  endfacet
  facet normal -0.363748 0.606876 -0.706675
    outer loop
      vertex 31.8226 67.072 2
      vertex 32.7654 65.3082 0
      vertex 29.7773 63.5172 0
    endloop
  endfacet
  facet normal -0.427564 0.903985 0
    outer loop
      vertex 35.1494 68.6455 2
      vertex 31.8226 67.072 10
      vertex 35.1494 68.6455 10
    endloop
  endfacet
  facet normal -0.427564 0.903985 0
    outer loop
      vertex 31.8226 67.072 10
      vertex 35.1494 68.6455 2
      vertex 31.8226 67.072 2
    endloop
  endfacet
  facet normal -0.302511 0.639608 0.706674
    outer loop
      vertex 32.7654 65.3082 12
      vertex 35.9147 66.7977 12
      vertex 31.8226 67.072 10
    endloop
  endfacet
  facet normal -0.302515 0.639598 0.706682
    outer loop
      vertex 35.9147 66.7977 12
      vertex 35.1494 68.6455 10
      vertex 31.8226 67.072 10
    endloop
  endfacet
  facet normal 0.302503 -0.639612 0.706674
    outer loop
      vertex 43.8432 44.5831 11
      vertex 44.9078 45.0866 11
      vertex 43.3718 45.465 12
    endloop
  endfacet
  facet normal 0.302487 -0.639637 0.706658
    outer loop
      vertex 44.9078 45.0866 11
      vertex 44.5251 46.0104 12
      vertex 43.3718 45.465 12
    endloop
  endfacet
  facet normal 0.427542 -0.903995 0
    outer loop
      vertex 43.8432 44.5831 1
      vertex 44.9078 45.0866 11
      vertex 43.8432 44.5831 11
    endloop
  endfacet
  facet normal 0.427542 -0.903995 0
    outer loop
      vertex 44.9078 45.0866 11
      vertex 43.8432 44.5831 1
      vertex 44.9078 45.0866 1
    endloop
  endfacet
  facet normal 0.30248 -0.639624 -0.706673
    outer loop
      vertex 44.5251 46.0104 0
      vertex 43.8432 44.5831 1
      vertex 43.3718 45.465 0
    endloop
  endfacet
  facet normal 0.30251 -0.639627 -0.706658
    outer loop
      vertex 44.5251 46.0104 0
      vertex 44.9078 45.0866 1
      vertex 43.8432 44.5831 1
    endloop
  endfacet
  facet normal -0.302518 0.639605 -0.706674
    outer loop
      vertex 35.1494 68.6455 2
      vertex 32.7654 65.3082 0
      vertex 31.8226 67.072 2
    endloop
  endfacet
  facet normal -0.302507 0.639601 -0.706682
    outer loop
      vertex 35.1494 68.6455 2
      vertex 35.9147 66.7977 0
      vertex 32.7654 65.3082 0
    endloop
  endfacet
  facet normal -0.336899 0.941541 0
    outer loop
      vertex 38.6143 69.8853 2
      vertex 35.1494 68.6455 10
      vertex 38.6143 69.8853 10
    endloop
  endfacet
  facet normal -0.336899 0.941541 0
    outer loop
      vertex 35.1494 68.6455 10
      vertex 38.6143 69.8853 2
      vertex 35.1494 68.6455 2
    endloop
  endfacet
  facet normal -0.238364 0.666169 0.706683
    outer loop
      vertex 35.9147 66.7977 12
      vertex 39.1949 67.9714 12
      vertex 35.1494 68.6455 10
    endloop
  endfacet
  facet normal -0.238366 0.666166 0.706685
    outer loop
      vertex 39.1949 67.9714 12
      vertex 38.6143 69.8853 10
      vertex 35.1494 68.6455 10
    endloop
  endfacet
  facet normal 0.23835 -0.666203 0.706655
    outer loop
      vertex 44.9078 45.0866 11
      vertex 46.0166 45.4833 11
      vertex 44.5251 46.0104 12
    endloop
  endfacet
  facet normal 0.238366 -0.666184 0.706669
    outer loop
      vertex 46.0166 45.4833 11
      vertex 45.7263 46.4402 12
      vertex 44.5251 46.0104 12
    endloop
  endfacet
  facet normal 0.336864 -0.941553 0
    outer loop
      vertex 44.9078 45.0866 1
      vertex 46.0166 45.4833 11
      vertex 44.9078 45.0866 11
    endloop
  endfacet
  facet normal 0.336864 -0.941553 0
    outer loop
      vertex 46.0166 45.4833 11
      vertex 44.9078 45.0866 1
      vertex 46.0166 45.4833 1
    endloop
  endfacet
  facet normal 0.238371 -0.666196 -0.706656
    outer loop
      vertex 45.7263 46.4402 0
      vertex 44.9078 45.0866 1
      vertex 44.5251 46.0104 0
    endloop
  endfacet
  facet normal 0.238346 -0.66619 -0.706669
    outer loop
      vertex 45.7263 46.4402 0
      vertex 46.0166 45.4833 1
      vertex 44.9078 45.0866 1
    endloop
  endfacet
  facet normal -0.238366 0.666168 -0.706684
    outer loop
      vertex 38.6143 69.8853 2
      vertex 35.9147 66.7977 0
      vertex 35.1494 68.6455 2
    endloop
  endfacet
  facet normal -0.238364 0.666167 -0.706685
    outer loop
      vertex 38.6143 69.8853 2
      vertex 39.1949 67.9714 0
      vertex 35.9147 66.7977 0
    endloop
  endfacet
  facet normal -0.242958 0.970037 0
    outer loop
      vertex 42.1841 70.7794 2
      vertex 38.6143 69.8853 10
      vertex 42.1841 70.7794 10
    endloop
  endfacet
  facet normal -0.242958 0.970037 0
    outer loop
      vertex 38.6143 69.8853 10
      vertex 42.1841 70.7794 2
      vertex 38.6143 69.8853 2
    endloop
  endfacet
  facet normal -0.171916 0.686324 0.706685
    outer loop
      vertex 39.1949 67.9714 12
      vertex 42.5743 68.8179 12
      vertex 38.6143 69.8853 10
    endloop
  endfacet
  facet normal -0.171903 0.686343 0.70667
    outer loop
      vertex 42.5743 68.8179 12
      vertex 42.1841 70.7794 10
      vertex 38.6143 69.8853 10
    endloop
  endfacet
  facet normal 0.171902 -0.686346 0.706668
    outer loop
      vertex 46.0166 45.4833 11
      vertex 47.1589 45.7694 11
      vertex 45.7263 46.4402 12
    endloop
  endfacet
  facet normal 0.171927 -0.686321 0.706686
    outer loop
      vertex 47.1589 45.7694 11
      vertex 46.9638 46.7502 12
      vertex 45.7263 46.4402 12
    endloop
  endfacet
  facet normal 0.242955 -0.970038 0
    outer loop
      vertex 46.0166 45.4833 1
      vertex 47.1589 45.7694 11
      vertex 46.0166 45.4833 11
    endloop
  endfacet
  facet normal 0.242955 -0.970038 0
    outer loop
      vertex 47.1589 45.7694 11
      vertex 46.0166 45.4833 1
      vertex 47.1589 45.7694 1
    endloop
  endfacet
  facet normal 0.171931 -0.686338 -0.706668
    outer loop
      vertex 46.9638 46.7502 0
      vertex 46.0166 45.4833 1
      vertex 45.7263 46.4402 0
    endloop
  endfacet
  facet normal 0.171897 -0.686327 -0.706687
    outer loop
      vertex 46.9638 46.7502 0
      vertex 47.1589 45.7694 1
      vertex 46.0166 45.4833 1
    endloop
  endfacet
  facet normal -0.171899 0.686329 -0.706685
    outer loop
      vertex 42.1841 70.7794 2
      vertex 39.1949 67.9714 0
      vertex 38.6143 69.8853 2
    endloop
  endfacet
  facet normal -0.17192 0.68634 -0.706669
    outer loop
      vertex 42.1841 70.7794 2
      vertex 42.5743 68.8179 0
      vertex 39.1949 67.9714 0
    endloop
  endfacet
  facet normal -0.146734 0.989176 0
    outer loop
      vertex 45.8244 71.3194 2
      vertex 42.1841 70.7794 10
      vertex 45.8244 71.3194 10
    endloop
  endfacet
  facet normal -0.146734 0.989176 0
    outer loop
      vertex 42.1841 70.7794 10
      vertex 45.8244 71.3194 2
      vertex 42.1841 70.7794 2
    endloop
  endfacet
  facet normal -0.103822 0.699886 0.706669
    outer loop
      vertex 42.5743 68.8179 12
      vertex 46.0204 69.3291 12
      vertex 42.1841 70.7794 10
    endloop
  endfacet
  facet normal -0.103821 0.699887 0.706667
    outer loop
      vertex 46.0204 69.3291 12
      vertex 45.8244 71.3194 10
      vertex 42.1841 70.7794 10
    endloop
  endfacet
  facet normal 0.103818 -0.699869 0.706686
    outer loop
      vertex 47.1589 45.7694 11
      vertex 48.3238 45.9422 11
      vertex 46.9638 46.7502 12
    endloop
  endfacet
  facet normal 0.103816 -0.69987 0.706685
    outer loop
      vertex 48.3238 45.9422 11
      vertex 48.2258 46.9374 12
      vertex 46.9638 46.7502 12
    endloop
  endfacet
  facet normal 0.146733 -0.989176 0
    outer loop
      vertex 47.1589 45.7694 1
      vertex 48.3238 45.9422 11
      vertex 47.1589 45.7694 11
    endloop
  endfacet
  facet normal 0.146733 -0.989176 0
    outer loop
      vertex 48.3238 45.9422 11
      vertex 47.1589 45.7694 1
      vertex 48.3238 45.9422 1
    endloop
  endfacet
  facet normal 0.103816 -0.699869 -0.706686
    outer loop
      vertex 48.2258 46.9374 0
      vertex 47.1589 45.7694 1
      vertex 46.9638 46.7502 0
    endloop
  endfacet
  facet normal 0.103818 -0.69987 -0.706685
    outer loop
      vertex 48.2258 46.9374 0
      vertex 48.3238 45.9422 1
      vertex 47.1589 45.7694 1
    endloop
  endfacet
  facet normal -0.103821 0.699886 -0.706669
    outer loop
      vertex 45.8244 71.3194 2
      vertex 42.5743 68.8179 0
      vertex 42.1841 70.7794 2
    endloop
  endfacet
  facet normal -0.103822 0.699887 -0.706667
    outer loop
      vertex 45.8244 71.3194 2
      vertex 46.0204 69.3291 0
      vertex 42.5743 68.8179 0
    endloop
  endfacet
  facet normal -0.0490756 0.998795 0
    outer loop
      vertex 49.5 71.5 2
      vertex 45.8244 71.3194 10
      vertex 49.5 71.5 10
    endloop
  endfacet
  facet normal -0.0490756 0.998795 0
    outer loop
      vertex 45.8244 71.3194 10
      vertex 49.5 71.5 2
      vertex 45.8244 71.3194 2
    endloop
  endfacet
  facet normal -0.0347091 0.706694 0.706668
    outer loop
      vertex 46.0204 69.3291 12
      vertex 49.5 69.5 12
      vertex 45.8244 71.3194 10
    endloop
  endfacet
  facet normal -0.0347226 0.70668 0.70668
    outer loop
      vertex 49.5 69.5 12
      vertex 49.5 71.5 10
      vertex 45.8244 71.3194 10
    endloop
  endfacet
  facet normal 0.0347269 -0.706675 0.706686
    outer loop
      vertex 48.3238 45.9422 11
      vertex 49.5 46 11
      vertex 48.2258 46.9374 12
    endloop
  endfacet
  facet normal 0.0347184 -0.70668 0.70668
    outer loop
      vertex 49.5 46 11
      vertex 49.5 47 12
      vertex 48.2258 46.9374 12
    endloop
  endfacet
  facet normal 0.0490821 -0.998795 0
    outer loop
      vertex 48.3238 45.9422 1
      vertex 49.5 46 11
      vertex 48.3238 45.9422 11
    endloop
  endfacet
  facet normal 0.0490821 -0.998795 0
    outer loop
      vertex 49.5 46 11
      vertex 48.3238 45.9422 1
      vertex 49.5 46 1
    endloop
  endfacet
  facet normal 0.0347182 -0.706675 -0.706686
    outer loop
      vertex 49.5 47 0
      vertex 48.3238 45.9422 1
      vertex 48.2258 46.9374 0
    endloop
  endfacet
  facet normal 0.0347272 -0.70668 -0.70668
    outer loop
      vertex 49.5 47 0
      vertex 49.5 46 1
      vertex 48.3238 45.9422 1
    endloop
  endfacet
  facet normal -0.0347232 0.706693 -0.706668
    outer loop
      vertex 49.5 71.5 2
      vertex 46.0204 69.3291 0
      vertex 45.8244 71.3194 2
    endloop
  endfacet
  facet normal -0.0347085 0.706681 -0.706681
    outer loop
      vertex 49.5 71.5 2
      vertex 49.5 69.5 0
      vertex 46.0204 69.3291 0
    endloop
  endfacet
  facet normal 0.0490756 0.998795 -0
    outer loop
      vertex 53.1756 71.3194 2
      vertex 49.5 71.5 10
      vertex 53.1756 71.3194 10
    endloop
  endfacet
  facet normal 0.0490756 0.998795 0
    outer loop
      vertex 49.5 71.5 10
      vertex 53.1756 71.3194 2
      vertex 49.5 71.5 2
    endloop
  endfacet
  facet normal 0.0347085 0.706681 0.706681
    outer loop
      vertex 52.9796 69.3291 12
      vertex 49.5 71.5 10
      vertex 49.5 69.5 12
    endloop
  endfacet
  facet normal 0.0347232 0.706693 0.706668
    outer loop
      vertex 52.9796 69.3291 12
      vertex 53.1756 71.3194 10
      vertex 49.5 71.5 10
    endloop
  endfacet
  facet normal -0.0347272 -0.70668 0.70668
    outer loop
      vertex 50.6762 45.9422 11
      vertex 49.5 47 12
      vertex 49.5 46 11
    endloop
  endfacet
  facet normal -0.0347182 -0.706675 0.706686
    outer loop
      vertex 50.6762 45.9422 11
      vertex 50.7742 46.9374 12
      vertex 49.5 47 12
    endloop
  endfacet
  facet normal -0.0490821 -0.998795 0
    outer loop
      vertex 49.5 46 1
      vertex 50.6762 45.9422 11
      vertex 49.5 46 11
    endloop
  endfacet
  facet normal -0.0490821 -0.998795 -0
    outer loop
      vertex 50.6762 45.9422 11
      vertex 49.5 46 1
      vertex 50.6762 45.9422 1
    endloop
  endfacet
  facet normal -0.0347184 -0.70668 -0.70668
    outer loop
      vertex 49.5 47 0
      vertex 50.7742 46.9374 0
      vertex 49.5 46 1
    endloop
  endfacet
  facet normal -0.0347269 -0.706675 -0.706686
    outer loop
      vertex 50.7742 46.9374 0
      vertex 50.6762 45.9422 1
      vertex 49.5 46 1
    endloop
  endfacet
  facet normal 0.0347226 0.70668 -0.70668
    outer loop
      vertex 49.5 71.5 2
      vertex 53.1756 71.3194 2
      vertex 49.5 69.5 0
    endloop
  endfacet
  facet normal 0.0347091 0.706694 -0.706668
    outer loop
      vertex 53.1756 71.3194 2
      vertex 52.9796 69.3291 0
      vertex 49.5 69.5 0
    endloop
  endfacet
  facet normal 0.146734 0.989176 -0
    outer loop
      vertex 56.8159 70.7794 2
      vertex 53.1756 71.3194 10
      vertex 56.8159 70.7794 10
    endloop
  endfacet
  facet normal 0.146734 0.989176 0
    outer loop
      vertex 53.1756 71.3194 10
      vertex 56.8159 70.7794 2
      vertex 53.1756 71.3194 2
    endloop
  endfacet
  facet normal 0.103822 0.699887 0.706667
    outer loop
      vertex 56.4257 68.8179 12
      vertex 53.1756 71.3194 10
      vertex 52.9796 69.3291 12
    endloop
  endfacet
  facet normal 0.103821 0.699886 0.706669
    outer loop
      vertex 56.4257 68.8179 12
      vertex 56.8159 70.7794 10
      vertex 53.1756 71.3194 10
    endloop
  endfacet
  facet normal -0.103818 -0.69987 0.706685
    outer loop
      vertex 51.8411 45.7694 11
      vertex 50.7742 46.9374 12
      vertex 50.6762 45.9422 11
    endloop
  endfacet
  facet normal -0.103816 -0.699869 0.706686
    outer loop
      vertex 51.8411 45.7694 11
      vertex 52.0362 46.7502 12
      vertex 50.7742 46.9374 12
    endloop
  endfacet
  facet normal -0.146733 -0.989176 0
    outer loop
      vertex 50.6762 45.9422 1
      vertex 51.8411 45.7694 11
      vertex 50.6762 45.9422 11
    endloop
  endfacet
  facet normal -0.146733 -0.989176 -0
    outer loop
      vertex 51.8411 45.7694 11
      vertex 50.6762 45.9422 1
      vertex 51.8411 45.7694 1
    endloop
  endfacet
  facet normal -0.103816 -0.69987 -0.706685
    outer loop
      vertex 50.7742 46.9374 0
      vertex 52.0362 46.7502 0
      vertex 50.6762 45.9422 1
    endloop
  endfacet
  facet normal -0.103818 -0.699869 -0.706686
    outer loop
      vertex 52.0362 46.7502 0
      vertex 51.8411 45.7694 1
      vertex 50.6762 45.9422 1
    endloop
  endfacet
  facet normal 0.103821 0.699887 -0.706667
    outer loop
      vertex 53.1756 71.3194 2
      vertex 56.8159 70.7794 2
      vertex 52.9796 69.3291 0
    endloop
  endfacet
  facet normal 0.103822 0.699886 -0.706669
    outer loop
      vertex 56.8159 70.7794 2
      vertex 56.4257 68.8179 0
      vertex 52.9796 69.3291 0
    endloop
  endfacet
  facet normal 0.242958 0.970037 -0
    outer loop
      vertex 60.3857 69.8853 2
      vertex 56.8159 70.7794 10
      vertex 60.3857 69.8853 10
    endloop
  endfacet
  facet normal 0.242958 0.970037 0
    outer loop
      vertex 56.8159 70.7794 10
      vertex 60.3857 69.8853 2
      vertex 56.8159 70.7794 2
    endloop
  endfacet
  facet normal 0.17192 0.68634 0.706669
    outer loop
      vertex 59.8051 67.9714 12
      vertex 56.8159 70.7794 10
      vertex 56.4257 68.8179 12
    endloop
  endfacet
  facet normal 0.171899 0.686329 0.706685
    outer loop
      vertex 59.8051 67.9714 12
      vertex 60.3857 69.8853 10
      vertex 56.8159 70.7794 10
    endloop
  endfacet
  facet normal -0.171897 -0.686327 0.706687
    outer loop
      vertex 52.9834 45.4833 11
      vertex 52.0362 46.7502 12
      vertex 51.8411 45.7694 11
    endloop
  endfacet
  facet normal -0.171931 -0.686338 0.706668
    outer loop
      vertex 52.9834 45.4833 11
      vertex 53.2737 46.4402 12
      vertex 52.0362 46.7502 12
    endloop
  endfacet
  facet normal -0.242955 -0.970038 0
    outer loop
      vertex 51.8411 45.7694 1
      vertex 52.9834 45.4833 11
      vertex 51.8411 45.7694 11
    endloop
  endfacet
  facet normal -0.242955 -0.970038 -0
    outer loop
      vertex 52.9834 45.4833 11
      vertex 51.8411 45.7694 1
      vertex 52.9834 45.4833 1
    endloop
  endfacet
  facet normal -0.171927 -0.686321 -0.706686
    outer loop
      vertex 52.0362 46.7502 0
      vertex 53.2737 46.4402 0
      vertex 51.8411 45.7694 1
    endloop
  endfacet
  facet normal -0.171902 -0.686346 -0.706668
    outer loop
      vertex 53.2737 46.4402 0
      vertex 52.9834 45.4833 1
      vertex 51.8411 45.7694 1
    endloop
  endfacet
  facet normal 0.171903 0.686343 -0.70667
    outer loop
      vertex 56.8159 70.7794 2
      vertex 60.3857 69.8853 2
      vertex 56.4257 68.8179 0
    endloop
  endfacet
  facet normal 0.171916 0.686324 -0.706685
    outer loop
      vertex 60.3857 69.8853 2
      vertex 59.8051 67.9714 0
      vertex 56.4257 68.8179 0
    endloop
  endfacet
  facet normal 0.336899 0.941541 -0
    outer loop
      vertex 63.8506 68.6455 2
      vertex 60.3857 69.8853 10
      vertex 63.8506 68.6455 10
    endloop
  endfacet
  facet normal 0.336899 0.941541 0
    outer loop
      vertex 60.3857 69.8853 10
      vertex 63.8506 68.6455 2
      vertex 60.3857 69.8853 2
    endloop
  endfacet
  facet normal 0.238364 0.666167 0.706685
    outer loop
      vertex 63.0853 66.7977 12
      vertex 60.3857 69.8853 10
      vertex 59.8051 67.9714 12
    endloop
  endfacet
  facet normal 0.238366 0.666168 0.706684
    outer loop
      vertex 63.0853 66.7977 12
      vertex 63.8506 68.6455 10
      vertex 60.3857 69.8853 10
    endloop
  endfacet
  facet normal -0.238346 -0.66619 0.706669
    outer loop
      vertex 54.0922 45.0866 11
      vertex 53.2737 46.4402 12
      vertex 52.9834 45.4833 11
    endloop
  endfacet
  facet normal -0.238371 -0.666196 0.706656
    outer loop
      vertex 54.0922 45.0866 11
      vertex 54.4749 46.0104 12
      vertex 53.2737 46.4402 12
    endloop
  endfacet
  facet normal -0.336864 -0.941553 0
    outer loop
      vertex 52.9834 45.4833 1
      vertex 54.0922 45.0866 11
      vertex 52.9834 45.4833 11
    endloop
  endfacet
  facet normal -0.336864 -0.941553 -0
    outer loop
      vertex 54.0922 45.0866 11
      vertex 52.9834 45.4833 1
      vertex 54.0922 45.0866 1
    endloop
  endfacet
  facet normal -0.238366 -0.666184 -0.706669
    outer loop
      vertex 53.2737 46.4402 0
      vertex 54.4749 46.0104 0
      vertex 52.9834 45.4833 1
    endloop
  endfacet
  facet normal -0.23835 -0.666203 -0.706655
    outer loop
      vertex 54.4749 46.0104 0
      vertex 54.0922 45.0866 1
      vertex 52.9834 45.4833 1
    endloop
  endfacet
  facet normal 0.238366 0.666166 -0.706685
    outer loop
      vertex 60.3857 69.8853 2
      vertex 63.8506 68.6455 2
      vertex 59.8051 67.9714 0
    endloop
  endfacet
  facet normal 0.238364 0.666169 -0.706683
    outer loop
      vertex 63.8506 68.6455 2
      vertex 63.0853 66.7977 0
      vertex 59.8051 67.9714 0
    endloop
  endfacet
  facet normal 0.427564 0.903985 -0
    outer loop
      vertex 67.1774 67.072 2
      vertex 63.8506 68.6455 10
      vertex 67.1774 67.072 10
    endloop
  endfacet
  facet normal 0.427564 0.903985 0
    outer loop
      vertex 63.8506 68.6455 10
      vertex 67.1774 67.072 2
      vertex 63.8506 68.6455 2
    endloop
  endfacet
  facet normal 0.302507 0.639601 0.706682
    outer loop
      vertex 66.2346 65.3082 12
      vertex 63.8506 68.6455 10
      vertex 63.0853 66.7977 12
    endloop
  endfacet
  facet normal 0.302518 0.639605 0.706674
    outer loop
      vertex 66.2346 65.3082 12
      vertex 67.1774 67.072 10
      vertex 63.8506 68.6455 10
    endloop
  endfacet
  facet normal -0.30251 -0.639627 0.706658
    outer loop
      vertex 55.1568 44.5831 11
      vertex 54.4749 46.0104 12
      vertex 54.0922 45.0866 11
    endloop
  endfacet
  facet normal -0.30248 -0.639624 0.706673
    outer loop
      vertex 55.1568 44.5831 11
      vertex 55.6282 45.465 12
      vertex 54.4749 46.0104 12
    endloop
  endfacet
  facet normal -0.427542 -0.903995 0
    outer loop
      vertex 54.0922 45.0866 1
      vertex 55.1568 44.5831 11
      vertex 54.0922 45.0866 11
    endloop
  endfacet
  facet normal -0.427542 -0.903995 -0
    outer loop
      vertex 55.1568 44.5831 11
      vertex 54.0922 45.0866 1
      vertex 55.1568 44.5831 1
    endloop
  endfacet
  facet normal -0.302487 -0.639637 -0.706658
    outer loop
      vertex 54.4749 46.0104 0
      vertex 55.6282 45.465 0
      vertex 54.0922 45.0866 1
    endloop
  endfacet
  facet normal -0.302503 -0.639612 -0.706674
    outer loop
      vertex 55.6282 45.465 0
      vertex 55.1568 44.5831 1
      vertex 54.0922 45.0866 1
    endloop
  endfacet
  facet normal 0.302515 0.639598 -0.706682
    outer loop
      vertex 63.8506 68.6455 2
      vertex 67.1774 67.072 2
      vertex 63.0853 66.7977 0
    endloop
  endfacet
  facet normal 0.302511 0.639608 -0.706674
    outer loop
      vertex 67.1774 67.072 2
      vertex 66.2346 65.3082 0
      vertex 63.0853 66.7977 0
    endloop
  endfacet
  facet normal 0.514096 0.857733 -0
    outer loop
      vertex 70.3339 65.1801 2
      vertex 67.1774 67.072 10
      vertex 70.3339 65.1801 10
    endloop
  endfacet
  facet normal 0.514096 0.857733 0
    outer loop
      vertex 67.1774 67.072 10
      vertex 70.3339 65.1801 2
      vertex 67.1774 67.072 2
    endloop
  endfacet
  facet normal 0.363748 0.606876 0.706675
    outer loop
      vertex 69.2227 63.5172 12
      vertex 67.1774 67.072 10
      vertex 66.2346 65.3082 12
    endloop
  endfacet
  facet normal 0.36374 0.606875 0.70668
    outer loop
      vertex 69.2227 63.5172 12
      vertex 70.3339 65.1801 10
      vertex 67.1774 67.072 10
    endloop
  endfacet
  facet normal -0.363806 -0.606843 0.706673
    outer loop
      vertex 56.1668 43.9776 11
      vertex 55.6282 45.465 12
      vertex 55.1568 44.5831 11
    endloop
  endfacet
  facet normal -0.363762 -0.606843 0.706696
    outer loop
      vertex 56.1668 43.9776 11
      vertex 56.7224 44.8091 12
      vertex 55.6282 45.465 12
    endloop
  endfacet
  facet normal -0.514184 -0.85768 0
    outer loop
      vertex 55.1568 44.5831 1
      vertex 56.1668 43.9776 11
      vertex 55.1568 44.5831 11
    endloop
  endfacet
  facet normal -0.514184 -0.85768 -0
    outer loop
      vertex 56.1668 43.9776 11
      vertex 55.1568 44.5831 1
      vertex 56.1668 43.9776 1
    endloop
  endfacet
  facet normal -0.363773 -0.606862 -0.706674
    outer loop
      vertex 55.6282 45.465 0
      vertex 56.7224 44.8091 0
      vertex 55.1568 44.5831 1
    endloop
  endfacet
  facet normal -0.363793 -0.606823 -0.706697
    outer loop
      vertex 56.7224 44.8091 0
      vertex 56.1668 43.9776 1
      vertex 55.1568 44.5831 1
    endloop
  endfacet
  facet normal 0.363743 0.606879 -0.706675
    outer loop
      vertex 67.1774 67.072 2
      vertex 70.3339 65.1801 2
      vertex 66.2346 65.3082 0
    endloop
  endfacet
  facet normal 0.363745 0.606871 -0.70668
    outer loop
      vertex 70.3339 65.1801 2
      vertex 69.2227 63.5172 0
      vertex 66.2346 65.3082 0
    endloop
  endfacet
  facet normal 0.595704 0.803204 -0
    outer loop
      vertex 73.2897 62.9879 2
      vertex 70.3339 65.1801 10
      vertex 73.2897 62.9879 10
    endloop
  endfacet
  facet normal 0.595704 0.803204 0
    outer loop
      vertex 70.3339 65.1801 10
      vertex 73.2897 62.9879 2
      vertex 70.3339 65.1801 2
    endloop
  endfacet
  facet normal 0.421468 0.568301 0.706681
    outer loop
      vertex 72.021 61.4419 12
      vertex 70.3339 65.1801 10
      vertex 69.2227 63.5172 12
    endloop
  endfacet
  facet normal 0.421488 0.568303 0.706669
    outer loop
      vertex 72.021 61.4419 12
      vertex 73.2897 62.9879 10
      vertex 70.3339 65.1801 10
    endloop
  endfacet
  facet normal -0.421457 -0.568291 0.706696
    outer loop
      vertex 57.1127 43.2761 11
      vertex 56.7224 44.8091 12
      vertex 56.1668 43.9776 11
    endloop
  endfacet
  facet normal -0.421488 -0.568288 0.706679
    outer loop
      vertex 57.1127 43.2761 11
      vertex 57.7471 44.0491 12
      vertex 56.7224 44.8091 12
    endloop
  endfacet
  facet normal -0.595684 -0.803219 0
    outer loop
      vertex 56.1668 43.9776 1
      vertex 57.1127 43.2761 11
      vertex 56.1668 43.9776 11
    endloop
  endfacet
  facet normal -0.595684 -0.803219 -0
    outer loop
      vertex 57.1127 43.2761 11
      vertex 56.1668 43.9776 1
      vertex 57.1127 43.2761 1
    endloop
  endfacet
  facet normal -0.421479 -0.568276 -0.706695
    outer loop
      vertex 56.7224 44.8091 0
      vertex 57.7471 44.0491 0
      vertex 56.1668 43.9776 1
    endloop
  endfacet
  facet normal -0.421467 -0.568305 -0.706679
    outer loop
      vertex 57.7471 44.0491 0
      vertex 57.1127 43.2761 1
      vertex 56.1668 43.9776 1
    endloop
  endfacet
  facet normal 0.42148 0.568292 -0.706681
    outer loop
      vertex 70.3339 65.1801 2
      vertex 73.2897 62.9879 2
      vertex 69.2227 63.5172 0
    endloop
  endfacet
  facet normal 0.421476 0.568311 -0.706668
    outer loop
      vertex 73.2897 62.9879 2
      vertex 72.021 61.4419 0
      vertex 69.2227 63.5172 0
    endloop
  endfacet
  facet normal 0.671555 0.740955 -0
    outer loop
      vertex 76.0165 60.5165 2
      vertex 73.2897 62.9879 10
      vertex 76.0165 60.5165 10
    endloop
  endfacet
  facet normal 0.671555 0.740955 0
    outer loop
      vertex 73.2897 62.9879 10
      vertex 76.0165 60.5165 2
      vertex 73.2897 62.9879 2
    endloop
  endfacet
  facet normal 0.475164 0.524252 0.706667
    outer loop
      vertex 74.6023 59.1023 12
      vertex 73.2897 62.9879 10
      vertex 72.021 61.4419 12
    endloop
  endfacet
  facet normal 0.475149 0.524252 0.706677
    outer loop
      vertex 74.6023 59.1023 12
      vertex 76.0165 60.5165 10
      vertex 73.2897 62.9879 10
    endloop
  endfacet
  facet normal -0.475124 -0.524271 0.70668
    outer loop
      vertex 57.9853 42.4853 11
      vertex 57.7471 44.0491 12
      vertex 57.1127 43.2761 11
    endloop
  endfacet
  facet normal -0.475131 -0.52427 0.706676
    outer loop
      vertex 57.9853 42.4853 11
      vertex 58.6924 43.1924 12
      vertex 57.7471 44.0491 12
    endloop
  endfacet
  facet normal -0.671522 -0.740984 0
    outer loop
      vertex 57.1127 43.2761 1
      vertex 57.9853 42.4853 11
      vertex 57.1127 43.2761 11
    endloop
  endfacet
  facet normal -0.671522 -0.740984 -0
    outer loop
      vertex 57.9853 42.4853 11
      vertex 57.1127 43.2761 1
      vertex 57.9853 42.4853 1
    endloop
  endfacet
  facet normal -0.475129 -0.524267 -0.70668
    outer loop
      vertex 57.7471 44.0491 0
      vertex 58.6924 43.1924 0
      vertex 57.1127 43.2761 1
    endloop
  endfacet
  facet normal -0.475127 -0.524274 -0.706676
    outer loop
      vertex 58.6924 43.1924 0
      vertex 57.9853 42.4853 1
      vertex 57.1127 43.2761 1
    endloop
  endfacet
  facet normal 0.475156 0.524259 -0.706668
    outer loop
      vertex 73.2897 62.9879 2
      vertex 76.0165 60.5165 2
      vertex 72.021 61.4419 0
    endloop
  endfacet
  facet normal 0.475157 0.524245 -0.706677
    outer loop
      vertex 76.0165 60.5165 2
      vertex 74.6023 59.1023 0
      vertex 72.021 61.4419 0
    endloop
  endfacet
  facet normal 0.740955 0.671555 0
    outer loop
      vertex 78.4879 57.7897 10
      vertex 76.0165 60.5165 2
      vertex 76.0165 60.5165 10
    endloop
  endfacet
  facet normal 0.740955 0.671555 0
    outer loop
      vertex 76.0165 60.5165 2
      vertex 78.4879 57.7897 10
      vertex 78.4879 57.7897 2
    endloop
  endfacet
  facet normal 0.524245 0.475157 0.706677
    outer loop
      vertex 76.9419 56.521 12
      vertex 76.0165 60.5165 10
      vertex 74.6023 59.1023 12
    endloop
  endfacet
  facet normal 0.524259 0.475156 0.706668
    outer loop
      vertex 76.9419 56.521 12
      vertex 78.4879 57.7897 10
      vertex 76.0165 60.5165 10
    endloop
  endfacet
  facet normal -0.524274 -0.475127 0.706676
    outer loop
      vertex 58.7761 41.6127 11
      vertex 58.6924 43.1924 12
      vertex 57.9853 42.4853 11
    endloop
  endfacet
  facet normal -0.524267 -0.475129 0.70668
    outer loop
      vertex 58.7761 41.6127 11
      vertex 59.5491 42.2471 12
      vertex 58.6924 43.1924 12
    endloop
  endfacet
  facet normal -0.740984 -0.671522 0
    outer loop
      vertex 58.7761 41.6127 1
      vertex 57.9853 42.4853 11
      vertex 57.9853 42.4853 1
    endloop
  endfacet
  facet normal -0.740984 -0.671522 0
    outer loop
      vertex 57.9853 42.4853 11
      vertex 58.7761 41.6127 1
      vertex 58.7761 41.6127 11
    endloop
  endfacet
  facet normal -0.52427 -0.475131 -0.706676
    outer loop
      vertex 58.6924 43.1924 0
      vertex 59.5491 42.2471 0
      vertex 57.9853 42.4853 1
    endloop
  endfacet
  facet normal -0.524271 -0.475124 -0.70668
    outer loop
      vertex 59.5491 42.2471 0
      vertex 58.7761 41.6127 1
      vertex 57.9853 42.4853 1
    endloop
  endfacet
  facet normal 0.524252 0.475149 -0.706677
    outer loop
      vertex 76.0165 60.5165 2
      vertex 78.4879 57.7897 2
      vertex 74.6023 59.1023 0
    endloop
  endfacet
  facet normal 0.524252 0.475164 -0.706667
    outer loop
      vertex 78.4879 57.7897 2
      vertex 76.9419 56.521 0
      vertex 74.6023 59.1023 0
    endloop
  endfacet
  facet normal 0.803204 0.595704 0
    outer loop
      vertex 80.6801 54.8339 10
      vertex 78.4879 57.7897 2
      vertex 78.4879 57.7897 10
    endloop
  endfacet
  facet normal 0.803204 0.595704 0
    outer loop
      vertex 78.4879 57.7897 2
      vertex 80.6801 54.8339 10
      vertex 80.6801 54.8339 2
    endloop
  endfacet
  facet normal 0.568311 0.421476 0.706668
    outer loop
      vertex 79.0172 53.7227 12
      vertex 78.4879 57.7897 10
      vertex 76.9419 56.521 12
    endloop
  endfacet
  facet normal 0.568292 0.42148 0.706681
    outer loop
      vertex 79.0172 53.7227 12
      vertex 80.6801 54.8339 10
      vertex 78.4879 57.7897 10
    endloop
  endfacet
  facet normal -0.568305 -0.421467 0.706679
    outer loop
      vertex 59.4776 40.6668 11
      vertex 59.5491 42.2471 12
      vertex 58.7761 41.6127 11
    endloop
  endfacet
  facet normal -0.568276 -0.421479 0.706695
    outer loop
      vertex 60.3091 41.2224 12
      vertex 59.5491 42.2471 12
      vertex 59.4776 40.6668 11
    endloop
  endfacet
  facet normal -0.803219 -0.595684 0
    outer loop
      vertex 59.4776 40.6668 1
      vertex 58.7761 41.6127 11
      vertex 58.7761 41.6127 1
    endloop
  endfacet
  facet normal -0.803219 -0.595684 0
    outer loop
      vertex 58.7761 41.6127 11
      vertex 59.4776 40.6668 1
      vertex 59.4776 40.6668 11
    endloop
  endfacet
  facet normal -0.568288 -0.421488 -0.706679
    outer loop
      vertex 59.5491 42.2471 0
      vertex 60.3091 41.2224 0
      vertex 58.7761 41.6127 1
    endloop
  endfacet
  facet normal -0.568291 -0.421457 -0.706696
    outer loop
      vertex 60.3091 41.2224 0
      vertex 59.4776 40.6668 1
      vertex 58.7761 41.6127 1
    endloop
  endfacet
  facet normal 0.568303 0.421488 -0.706669
    outer loop
      vertex 78.4879 57.7897 2
      vertex 80.6801 54.8339 2
      vertex 76.9419 56.521 0
    endloop
  endfacet
  facet normal 0.568301 0.421468 -0.706681
    outer loop
      vertex 80.6801 54.8339 2
      vertex 79.0172 53.7227 0
      vertex 76.9419 56.521 0
    endloop
  endfacet
  facet normal 0.857733 0.514096 0
    outer loop
      vertex 82.572 51.6774 10
      vertex 80.6801 54.8339 2
      vertex 80.6801 54.8339 10
    endloop
  endfacet
  facet normal 0.857733 0.514096 0
    outer loop
      vertex 80.6801 54.8339 2
      vertex 82.572 51.6774 10
      vertex 82.572 51.6774 2
    endloop
  endfacet
  facet normal 0.606871 0.363745 0.70668
    outer loop
      vertex 80.8082 50.7346 12
      vertex 80.6801 54.8339 10
      vertex 79.0172 53.7227 12
    endloop
  endfacet
  facet normal 0.606879 0.363743 0.706675
    outer loop
      vertex 80.8082 50.7346 12
      vertex 82.572 51.6774 10
      vertex 80.6801 54.8339 10
    endloop
  endfacet
  facet normal -0.606823 -0.363793 0.706697
    outer loop
      vertex 60.0831 39.6568 11
      vertex 60.3091 41.2224 12
      vertex 59.4776 40.6668 11
    endloop
  endfacet
  facet normal -0.606862 -0.363773 0.706674
    outer loop
      vertex 60.965 40.1282 12
      vertex 60.3091 41.2224 12
      vertex 60.0831 39.6568 11
    endloop
  endfacet
  facet normal -0.85768 -0.514184 0
    outer loop
      vertex 60.0831 39.6568 1
      vertex 59.4776 40.6668 11
      vertex 59.4776 40.6668 1
    endloop
  endfacet
  facet normal -0.85768 -0.514184 0
    outer loop
      vertex 59.4776 40.6668 11
      vertex 60.0831 39.6568 1
      vertex 60.0831 39.6568 11
    endloop
  endfacet
  facet normal -0.606843 -0.363762 -0.706696
    outer loop
      vertex 60.3091 41.2224 0
      vertex 60.965 40.1282 0
      vertex 59.4776 40.6668 1
    endloop
  endfacet
  facet normal -0.606843 -0.363806 -0.706673
    outer loop
      vertex 60.965 40.1282 0
      vertex 60.0831 39.6568 1
      vertex 59.4776 40.6668 1
    endloop
  endfacet
  facet normal 0.606875 0.36374 -0.70668
    outer loop
      vertex 80.6801 54.8339 2
      vertex 82.572 51.6774 2
      vertex 79.0172 53.7227 0
    endloop
  endfacet
  facet normal 0.606876 0.363748 -0.706675
    outer loop
      vertex 82.572 51.6774 2
      vertex 80.8082 50.7346 0
      vertex 79.0172 53.7227 0
    endloop
  endfacet
  facet normal 0.903985 0.427564 0
    outer loop
      vertex 84.1455 48.3506 10
      vertex 82.572 51.6774 2
      vertex 82.572 51.6774 10
    endloop
  endfacet
  facet normal 0.903985 0.427564 0
    outer loop
      vertex 82.572 51.6774 2
      vertex 84.1455 48.3506 10
      vertex 84.1455 48.3506 2
    endloop
  endfacet
  facet normal 0.639608 0.302511 0.706674
    outer loop
      vertex 82.2977 47.5853 12
      vertex 82.572 51.6774 10
      vertex 80.8082 50.7346 12
    endloop
  endfacet
  facet normal 0.639598 0.302515 0.706682
    outer loop
      vertex 84.1455 48.3506 10
      vertex 82.572 51.6774 10
      vertex 82.2977 47.5853 12
    endloop
  endfacet
  facet normal -0.639612 -0.302503 0.706674
    outer loop
      vertex 60.5866 38.5922 11
      vertex 60.965 40.1282 12
      vertex 60.0831 39.6568 11
    endloop
  endfacet
  facet normal -0.639637 -0.302487 0.706658
    outer loop
      vertex 61.5104 38.9749 12
      vertex 60.965 40.1282 12
      vertex 60.5866 38.5922 11
    endloop
  endfacet
  facet normal -0.903995 -0.427542 0
    outer loop
      vertex 60.5866 38.5922 1
      vertex 60.0831 39.6568 11
      vertex 60.0831 39.6568 1
    endloop
  endfacet
  facet normal -0.903995 -0.427542 0
    outer loop
      vertex 60.0831 39.6568 11
      vertex 60.5866 38.5922 1
      vertex 60.5866 38.5922 11
    endloop
  endfacet
  facet normal -0.639624 -0.30248 -0.706673
    outer loop
      vertex 60.965 40.1282 0
      vertex 61.5104 38.9749 0
      vertex 60.0831 39.6568 1
    endloop
  endfacet
  facet normal -0.639627 -0.30251 -0.706658
    outer loop
      vertex 61.5104 38.9749 0
      vertex 60.5866 38.5922 1
      vertex 60.0831 39.6568 1
    endloop
  endfacet
  facet normal 0.639605 0.302518 -0.706674
    outer loop
      vertex 82.572 51.6774 2
      vertex 84.1455 48.3506 2
      vertex 80.8082 50.7346 0
    endloop
  endfacet
  facet normal 0.639601 0.302507 -0.706682
    outer loop
      vertex 84.1455 48.3506 2
      vertex 82.2977 47.5853 0
      vertex 80.8082 50.7346 0
    endloop
  endfacet
  facet normal 0.941541 0.336899 0
    outer loop
      vertex 85.3853 44.8857 10
      vertex 84.1455 48.3506 2
      vertex 84.1455 48.3506 10
    endloop
  endfacet
  facet normal 0.941541 0.336899 0
    outer loop
      vertex 84.1455 48.3506 2
      vertex 85.3853 44.8857 10
      vertex 85.3853 44.8857 2
    endloop
  endfacet
  facet normal 0.666169 0.238364 0.706683
    outer loop
      vertex 83.4714 44.3051 12
      vertex 84.1455 48.3506 10
      vertex 82.2977 47.5853 12
    endloop
  endfacet
  facet normal 0.666166 0.238366 0.706685
    outer loop
      vertex 85.3853 44.8857 10
      vertex 84.1455 48.3506 10
      vertex 83.4714 44.3051 12
    endloop
  endfacet
  facet normal -0.666203 -0.23835 0.706655
    outer loop
      vertex 60.9833 37.4834 11
      vertex 61.5104 38.9749 12
      vertex 60.5866 38.5922 11
    endloop
  endfacet
  facet normal -0.666184 -0.238366 0.706669
    outer loop
      vertex 61.9402 37.7737 12
      vertex 61.5104 38.9749 12
      vertex 60.9833 37.4834 11
    endloop
  endfacet
  facet normal -0.941553 -0.336864 0
    outer loop
      vertex 60.9833 37.4834 1
      vertex 60.5866 38.5922 11
      vertex 60.5866 38.5922 1
    endloop
  endfacet
  facet normal -0.941553 -0.336864 0
    outer loop
      vertex 60.5866 38.5922 11
      vertex 60.9833 37.4834 1
      vertex 60.9833 37.4834 11
    endloop
  endfacet
  facet normal -0.666196 -0.238371 -0.706656
    outer loop
      vertex 61.5104 38.9749 0
      vertex 61.9402 37.7737 0
      vertex 60.5866 38.5922 1
    endloop
  endfacet
  facet normal -0.66619 -0.238346 -0.706669
    outer loop
      vertex 61.9402 37.7737 0
      vertex 60.9833 37.4834 1
      vertex 60.5866 38.5922 1
    endloop
  endfacet
  facet normal 0.666168 0.238366 -0.706684
    outer loop
      vertex 84.1455 48.3506 2
      vertex 85.3853 44.8857 2
      vertex 82.2977 47.5853 0
    endloop
  endfacet
  facet normal 0.666167 0.238364 -0.706685
    outer loop
      vertex 85.3853 44.8857 2
      vertex 83.4714 44.3051 0
      vertex 82.2977 47.5853 0
    endloop
  endfacet
  facet normal 0.970037 0.242958 0
    outer loop
      vertex 86.2794 41.3159 10
      vertex 85.3853 44.8857 2
      vertex 85.3853 44.8857 10
    endloop
  endfacet
  facet normal 0.970037 0.242958 0
    outer loop
      vertex 85.3853 44.8857 2
      vertex 86.2794 41.3159 10
      vertex 86.2794 41.3159 2
    endloop
  endfacet
  facet normal 0.686324 0.171916 0.706685
    outer loop
      vertex 84.3179 40.9257 12
      vertex 85.3853 44.8857 10
      vertex 83.4714 44.3051 12
    endloop
  endfacet
  facet normal 0.686343 0.171903 0.70667
    outer loop
      vertex 86.2794 41.3159 10
      vertex 85.3853 44.8857 10
      vertex 84.3179 40.9257 12
    endloop
  endfacet
  facet normal -0.686346 -0.171902 0.706668
    outer loop
      vertex 61.2694 36.3411 11
      vertex 61.9402 37.7737 12
      vertex 60.9833 37.4834 11
    endloop
  endfacet
  facet normal -0.686321 -0.171927 0.706686
    outer loop
      vertex 62.2502 36.5362 12
      vertex 61.9402 37.7737 12
      vertex 61.2694 36.3411 11
    endloop
  endfacet
  facet normal -0.970038 -0.242955 0
    outer loop
      vertex 61.2694 36.3411 1
      vertex 60.9833 37.4834 11
      vertex 60.9833 37.4834 1
    endloop
  endfacet
  facet normal -0.970038 -0.242955 0
    outer loop
      vertex 60.9833 37.4834 11
      vertex 61.2694 36.3411 1
      vertex 61.2694 36.3411 11
    endloop
  endfacet
  facet normal -0.686338 -0.171931 -0.706668
    outer loop
      vertex 61.9402 37.7737 0
      vertex 62.2502 36.5362 0
      vertex 60.9833 37.4834 1
    endloop
  endfacet
  facet normal -0.686327 -0.171897 -0.706687
    outer loop
      vertex 62.2502 36.5362 0
      vertex 61.2694 36.3411 1
      vertex 60.9833 37.4834 1
    endloop
  endfacet
  facet normal 0.686329 0.171899 -0.706685
    outer loop
      vertex 85.3853 44.8857 2
      vertex 86.2794 41.3159 2
      vertex 83.4714 44.3051 0
    endloop
  endfacet
  facet normal 0.68634 0.17192 -0.706669
    outer loop
      vertex 86.2794 41.3159 2
      vertex 84.3179 40.9257 0
      vertex 83.4714 44.3051 0
    endloop
  endfacet
  facet normal 0.989176 0.146734 0
    outer loop
      vertex 86.8194 37.6756 10
      vertex 86.2794 41.3159 2
      vertex 86.2794 41.3159 10
    endloop
  endfacet
  facet normal 0.989176 0.146734 0
    outer loop
      vertex 86.2794 41.3159 2
      vertex 86.8194 37.6756 10
      vertex 86.8194 37.6756 2
    endloop
  endfacet
  facet normal 0.699886 0.103822 0.706669
    outer loop
      vertex 84.8291 37.4796 12
      vertex 86.2794 41.3159 10
      vertex 84.3179 40.9257 12
    endloop
  endfacet
  facet normal 0.699887 0.103821 0.706667
    outer loop
      vertex 86.8194 37.6756 10
      vertex 86.2794 41.3159 10
      vertex 84.8291 37.4796 12
    endloop
  endfacet
  facet normal -0.699869 -0.103818 0.706686
    outer loop
      vertex 61.4422 35.1762 11
      vertex 62.2502 36.5362 12
      vertex 61.2694 36.3411 11
    endloop
  endfacet
  facet normal -0.69987 -0.103816 0.706685
    outer loop
      vertex 62.4374 35.2742 12
      vertex 62.2502 36.5362 12
      vertex 61.4422 35.1762 11
    endloop
  endfacet
  facet normal -0.989176 -0.146733 0
    outer loop
      vertex 61.4422 35.1762 1
      vertex 61.2694 36.3411 11
      vertex 61.2694 36.3411 1
    endloop
  endfacet
  facet normal -0.989176 -0.146733 0
    outer loop
      vertex 61.2694 36.3411 11
      vertex 61.4422 35.1762 1
      vertex 61.4422 35.1762 11
    endloop
  endfacet
  facet normal -0.699869 -0.103816 -0.706686
    outer loop
      vertex 62.2502 36.5362 0
      vertex 62.4374 35.2742 0
      vertex 61.2694 36.3411 1
    endloop
  endfacet
  facet normal -0.69987 -0.103818 -0.706685
    outer loop
      vertex 62.4374 35.2742 0
      vertex 61.4422 35.1762 1
      vertex 61.2694 36.3411 1
    endloop
  endfacet
  facet normal 0.699886 0.103821 -0.706669
    outer loop
      vertex 86.2794 41.3159 2
      vertex 86.8194 37.6756 2
      vertex 84.3179 40.9257 0
    endloop
  endfacet
  facet normal 0.699887 0.103822 -0.706667
    outer loop
      vertex 86.8194 37.6756 2
      vertex 84.8291 37.4796 0
      vertex 84.3179 40.9257 0
    endloop
  endfacet
  facet normal 0.998795 0.0490756 0
    outer loop
      vertex 87 34 10
      vertex 86.8194 37.6756 2
      vertex 86.8194 37.6756 10
    endloop
  endfacet
  facet normal 0.998795 0.0490756 0
    outer loop
      vertex 86.8194 37.6756 2
      vertex 87 34 10
      vertex 87 34 2
    endloop
  endfacet
  facet normal 0.706694 0.0347091 0.706668
    outer loop
      vertex 85 34 12
      vertex 86.8194 37.6756 10
      vertex 84.8291 37.4796 12
    endloop
  endfacet
  facet normal 0.70668 0.0347226 0.70668
    outer loop
      vertex 87 34 10
      vertex 86.8194 37.6756 10
      vertex 85 34 12
    endloop
  endfacet
  facet normal -0.706675 -0.0347269 0.706686
    outer loop
      vertex 61.5 34 11
      vertex 62.4374 35.2742 12
      vertex 61.4422 35.1762 11
    endloop
  endfacet
  facet normal -0.70668 -0.0347184 0.70668
    outer loop
      vertex 62.5 34 12
      vertex 62.4374 35.2742 12
      vertex 61.5 34 11
    endloop
  endfacet
  facet normal -0.998795 -0.0490821 0
    outer loop
      vertex 61.5 34 1
      vertex 61.4422 35.1762 11
      vertex 61.4422 35.1762 1
    endloop
  endfacet
  facet normal -0.998795 -0.0490821 0
    outer loop
      vertex 61.4422 35.1762 11
      vertex 61.5 34 1
      vertex 61.5 34 11
    endloop
  endfacet
  facet normal -0.706675 -0.0347182 -0.706686
    outer loop
      vertex 62.4374 35.2742 0
      vertex 62.5 34 0
      vertex 61.4422 35.1762 1
    endloop
  endfacet
  facet normal -0.70668 -0.0347272 -0.70668
    outer loop
      vertex 62.5 34 0
      vertex 61.5 34 1
      vertex 61.4422 35.1762 1
    endloop
  endfacet
  facet normal 0.706693 0.0347232 -0.706668
    outer loop
      vertex 86.8194 37.6756 2
      vertex 87 34 2
      vertex 84.8291 37.4796 0
    endloop
  endfacet
  facet normal 0.706681 0.0347085 -0.706681
    outer loop
      vertex 87 34 2
      vertex 85 34 0
      vertex 84.8291 37.4796 0
    endloop
  endfacet
  facet normal 0.998795 -0.0490756 0
    outer loop
      vertex 86.8194 30.3244 10
      vertex 87 34 2
      vertex 87 34 10
    endloop
  endfacet
  facet normal 0.998795 -0.0490756 0
    outer loop
      vertex 87 34 2
      vertex 86.8194 30.3244 10
      vertex 86.8194 30.3244 2
    endloop
  endfacet
  facet normal 0.706681 -0.0347085 0.706681
    outer loop
      vertex 87 34 10
      vertex 85 34 12
      vertex 84.8291 30.5204 12
    endloop
  endfacet
  facet normal 0.706693 -0.0347232 0.706668
    outer loop
      vertex 86.8194 30.3244 10
      vertex 87 34 10
      vertex 84.8291 30.5204 12
    endloop
  endfacet
  facet normal -0.70668 0.0347272 0.70668
    outer loop
      vertex 62.5 34 12
      vertex 61.5 34 11
      vertex 61.4422 32.8238 11
    endloop
  endfacet
  facet normal -0.706675 0.0347182 0.706686
    outer loop
      vertex 62.4374 32.7258 12
      vertex 62.5 34 12
      vertex 61.4422 32.8238 11
    endloop
  endfacet
  facet normal -0.998795 0.0490821 0
    outer loop
      vertex 61.4422 32.8238 1
      vertex 61.5 34 11
      vertex 61.5 34 1
    endloop
  endfacet
  facet normal -0.998795 0.0490821 0
    outer loop
      vertex 61.5 34 11
      vertex 61.4422 32.8238 1
      vertex 61.4422 32.8238 11
    endloop
  endfacet
  facet normal -0.70668 0.0347184 -0.70668
    outer loop
      vertex 62.5 34 0
      vertex 62.4374 32.7258 0
      vertex 61.5 34 1
    endloop
  endfacet
  facet normal -0.706675 0.0347269 -0.706686
    outer loop
      vertex 61.5 34 1
      vertex 62.4374 32.7258 0
      vertex 61.4422 32.8238 1
    endloop
  endfacet
  facet normal 0.70668 -0.0347226 -0.70668
    outer loop
      vertex 87 34 2
      vertex 86.8194 30.3244 2
      vertex 85 34 0
    endloop
  endfacet
  facet normal 0.706694 -0.0347091 -0.706668
    outer loop
      vertex 85 34 0
      vertex 86.8194 30.3244 2
      vertex 84.8291 30.5204 0
    endloop
  endfacet
  facet normal 0.989176 -0.146734 0
    outer loop
      vertex 86.2794 26.6841 10
      vertex 86.8194 30.3244 2
      vertex 86.8194 30.3244 10
    endloop
  endfacet
  facet normal 0.989176 -0.146734 0
    outer loop
      vertex 86.8194 30.3244 2
      vertex 86.2794 26.6841 10
      vertex 86.2794 26.6841 2
    endloop
  endfacet
  facet normal 0.699887 -0.103822 0.706667
    outer loop
      vertex 86.8194 30.3244 10
      vertex 84.8291 30.5204 12
      vertex 84.3179 27.0743 12
    endloop
  endfacet
  facet normal 0.699886 -0.103821 0.706669
    outer loop
      vertex 86.2794 26.6841 10
      vertex 86.8194 30.3244 10
      vertex 84.3179 27.0743 12
    endloop
  endfacet
  facet normal -0.69987 0.103818 0.706685
    outer loop
      vertex 62.4374 32.7258 12
      vertex 61.4422 32.8238 11
      vertex 61.2694 31.6589 11
    endloop
  endfacet
  facet normal -0.699869 0.103816 0.706686
    outer loop
      vertex 62.2502 31.4638 12
      vertex 62.4374 32.7258 12
      vertex 61.2694 31.6589 11
    endloop
  endfacet
  facet normal -0.989176 0.146733 0
    outer loop
      vertex 61.2694 31.6589 1
      vertex 61.4422 32.8238 11
      vertex 61.4422 32.8238 1
    endloop
  endfacet
  facet normal -0.989176 0.146733 0
    outer loop
      vertex 61.4422 32.8238 11
      vertex 61.2694 31.6589 1
      vertex 61.2694 31.6589 11
    endloop
  endfacet
  facet normal -0.69987 0.103816 -0.706685
    outer loop
      vertex 62.4374 32.7258 0
      vertex 62.2502 31.4638 0
      vertex 61.4422 32.8238 1
    endloop
  endfacet
  facet normal -0.699869 0.103818 -0.706686
    outer loop
      vertex 61.4422 32.8238 1
      vertex 62.2502 31.4638 0
      vertex 61.2694 31.6589 1
    endloop
  endfacet
  facet normal 0.699887 -0.103821 -0.706667
    outer loop
      vertex 86.8194 30.3244 2
      vertex 86.2794 26.6841 2
      vertex 84.8291 30.5204 0
    endloop
  endfacet
  facet normal 0.699886 -0.103822 -0.706669
    outer loop
      vertex 84.8291 30.5204 0
      vertex 86.2794 26.6841 2
      vertex 84.3179 27.0743 0
    endloop
  endfacet
  facet normal 0.970037 -0.242958 0
    outer loop
      vertex 85.3853 23.1143 10
      vertex 86.2794 26.6841 2
      vertex 86.2794 26.6841 10
    endloop
  endfacet
  facet normal 0.970037 -0.242958 0
    outer loop
      vertex 86.2794 26.6841 2
      vertex 85.3853 23.1143 10
      vertex 85.3853 23.1143 2
    endloop
  endfacet
  facet normal 0.68634 -0.17192 0.706669
    outer loop
      vertex 86.2794 26.6841 10
      vertex 84.3179 27.0743 12
      vertex 83.4714 23.6949 12
    endloop
  endfacet
  facet normal 0.686329 -0.171899 0.706685
    outer loop
      vertex 85.3853 23.1143 10
      vertex 86.2794 26.6841 10
      vertex 83.4714 23.6949 12
    endloop
  endfacet
  facet normal -0.686327 0.171897 0.706687
    outer loop
      vertex 62.2502 31.4638 12
      vertex 61.2694 31.6589 11
      vertex 60.9833 30.5166 11
    endloop
  endfacet
  facet normal -0.686338 0.171931 0.706668
    outer loop
      vertex 61.9402 30.2263 12
      vertex 62.2502 31.4638 12
      vertex 60.9833 30.5166 11
    endloop
  endfacet
  facet normal -0.970038 0.242955 0
    outer loop
      vertex 60.9833 30.5166 1
      vertex 61.2694 31.6589 11
      vertex 61.2694 31.6589 1
    endloop
  endfacet
  facet normal -0.970038 0.242955 0
    outer loop
      vertex 61.2694 31.6589 11
      vertex 60.9833 30.5166 1
      vertex 60.9833 30.5166 11
    endloop
  endfacet
  facet normal -0.686321 0.171927 -0.706686
    outer loop
      vertex 62.2502 31.4638 0
      vertex 61.9402 30.2263 0
      vertex 61.2694 31.6589 1
    endloop
  endfacet
  facet normal -0.686346 0.171902 -0.706668
    outer loop
      vertex 61.2694 31.6589 1
      vertex 61.9402 30.2263 0
      vertex 60.9833 30.5166 1
    endloop
  endfacet
  facet normal 0.686343 -0.171903 -0.70667
    outer loop
      vertex 86.2794 26.6841 2
      vertex 85.3853 23.1143 2
      vertex 84.3179 27.0743 0
    endloop
  endfacet
  facet normal 0.686324 -0.171916 -0.706685
    outer loop
      vertex 84.3179 27.0743 0
      vertex 85.3853 23.1143 2
      vertex 83.4714 23.6949 0
    endloop
  endfacet
  facet normal 0.941541 -0.336899 0
    outer loop
      vertex 84.1455 19.6494 10
      vertex 85.3853 23.1143 2
      vertex 85.3853 23.1143 10
    endloop
  endfacet
  facet normal 0.941541 -0.336899 0
    outer loop
      vertex 85.3853 23.1143 2
      vertex 84.1455 19.6494 10
      vertex 84.1455 19.6494 2
    endloop
  endfacet
  facet normal 0.666167 -0.238364 0.706685
    outer loop
      vertex 85.3853 23.1143 10
      vertex 83.4714 23.6949 12
      vertex 82.2977 20.4147 12
    endloop
  endfacet
  facet normal 0.666168 -0.238366 0.706684
    outer loop
      vertex 84.1455 19.6494 10
      vertex 85.3853 23.1143 10
      vertex 82.2977 20.4147 12
    endloop
  endfacet
  facet normal -0.66619 0.238346 0.706669
    outer loop
      vertex 61.9402 30.2263 12
      vertex 60.9833 30.5166 11
      vertex 60.5866 29.4078 11
    endloop
  endfacet
  facet normal -0.666196 0.238371 0.706656
    outer loop
      vertex 61.5104 29.0251 12
      vertex 61.9402 30.2263 12
      vertex 60.5866 29.4078 11
    endloop
  endfacet
  facet normal -0.941553 0.336864 0
    outer loop
      vertex 60.5866 29.4078 1
      vertex 60.9833 30.5166 11
      vertex 60.9833 30.5166 1
    endloop
  endfacet
  facet normal -0.941553 0.336864 0
    outer loop
      vertex 60.9833 30.5166 11
      vertex 60.5866 29.4078 1
      vertex 60.5866 29.4078 11
    endloop
  endfacet
  facet normal -0.666184 0.238366 -0.706669
    outer loop
      vertex 61.9402 30.2263 0
      vertex 61.5104 29.0251 0
      vertex 60.9833 30.5166 1
    endloop
  endfacet
  facet normal -0.666203 0.23835 -0.706655
    outer loop
      vertex 60.9833 30.5166 1
      vertex 61.5104 29.0251 0
      vertex 60.5866 29.4078 1
    endloop
  endfacet
  facet normal 0.666166 -0.238366 -0.706685
    outer loop
      vertex 85.3853 23.1143 2
      vertex 84.1455 19.6494 2
      vertex 83.4714 23.6949 0
    endloop
  endfacet
  facet normal 0.666169 -0.238364 -0.706683
    outer loop
      vertex 83.4714 23.6949 0
      vertex 84.1455 19.6494 2
      vertex 82.2977 20.4147 0
    endloop
  endfacet
  facet normal 0.903985 -0.427564 0
    outer loop
      vertex 82.572 16.3226 10
      vertex 84.1455 19.6494 2
      vertex 84.1455 19.6494 10
    endloop
  endfacet
  facet normal 0.903985 -0.427564 0
    outer loop
      vertex 84.1455 19.6494 2
      vertex 82.572 16.3226 10
      vertex 82.572 16.3226 2
    endloop
  endfacet
  facet normal 0.639601 -0.302507 0.706682
    outer loop
      vertex 84.1455 19.6494 10
      vertex 82.2977 20.4147 12
      vertex 80.8082 17.2654 12
    endloop
  endfacet
  facet normal 0.639605 -0.302518 0.706674
    outer loop
      vertex 82.572 16.3226 10
      vertex 84.1455 19.6494 10
      vertex 80.8082 17.2654 12
    endloop
  endfacet
  facet normal -0.639627 0.30251 0.706658
    outer loop
      vertex 61.5104 29.0251 12
      vertex 60.5866 29.4078 11
      vertex 60.0831 28.3432 11
    endloop
  endfacet
  facet normal -0.639624 0.30248 0.706673
    outer loop
      vertex 60.965 27.8718 12
      vertex 61.5104 29.0251 12
      vertex 60.0831 28.3432 11
    endloop
  endfacet
  facet normal -0.903995 0.427542 0
    outer loop
      vertex 60.0831 28.3432 1
      vertex 60.5866 29.4078 11
      vertex 60.5866 29.4078 1
    endloop
  endfacet
  facet normal -0.903995 0.427542 0
    outer loop
      vertex 60.5866 29.4078 11
      vertex 60.0831 28.3432 1
      vertex 60.0831 28.3432 11
    endloop
  endfacet
  facet normal -0.639637 0.302487 -0.706658
    outer loop
      vertex 61.5104 29.0251 0
      vertex 60.965 27.8718 0
      vertex 60.5866 29.4078 1
    endloop
  endfacet
  facet normal -0.639612 0.302503 -0.706674
    outer loop
      vertex 60.5866 29.4078 1
      vertex 60.965 27.8718 0
      vertex 60.0831 28.3432 1
    endloop
  endfacet
  facet normal 0.639598 -0.302515 -0.706682
    outer loop
      vertex 84.1455 19.6494 2
      vertex 82.572 16.3226 2
      vertex 82.2977 20.4147 0
    endloop
  endfacet
  facet normal 0.639608 -0.302511 -0.706674
    outer loop
      vertex 82.2977 20.4147 0
      vertex 82.572 16.3226 2
      vertex 80.8082 17.2654 0
    endloop
  endfacet
  facet normal 0.857733 -0.514096 0
    outer loop
      vertex 80.6801 13.1661 10
      vertex 82.572 16.3226 2
      vertex 82.572 16.3226 10
    endloop
  endfacet
  facet normal 0.857733 -0.514096 0
    outer loop
      vertex 82.572 16.3226 2
      vertex 80.6801 13.1661 10
      vertex 80.6801 13.1661 2
    endloop
  endfacet
  facet normal 0.606876 -0.363748 0.706675
    outer loop
      vertex 82.572 16.3226 10
      vertex 80.8082 17.2654 12
      vertex 79.0172 14.2773 12
    endloop
  endfacet
  facet normal 0.606875 -0.36374 0.70668
    outer loop
      vertex 80.6801 13.1661 10
      vertex 82.572 16.3226 10
      vertex 79.0172 14.2773 12
    endloop
  endfacet
  facet normal -0.606843 0.363806 0.706673
    outer loop
      vertex 60.965 27.8718 12
      vertex 60.0831 28.3432 11
      vertex 59.4776 27.3332 11
    endloop
  endfacet
  facet normal -0.606843 0.363762 0.706696
    outer loop
      vertex 60.3091 26.7776 12
      vertex 60.965 27.8718 12
      vertex 59.4776 27.3332 11
    endloop
  endfacet
  facet normal -0.85768 0.514184 0
    outer loop
      vertex 59.4776 27.3332 1
      vertex 60.0831 28.3432 11
      vertex 60.0831 28.3432 1
    endloop
  endfacet
  facet normal -0.85768 0.514184 0
    outer loop
      vertex 60.0831 28.3432 11
      vertex 59.4776 27.3332 1
      vertex 59.4776 27.3332 11
    endloop
  endfacet
  facet normal -0.606862 0.363773 -0.706674
    outer loop
      vertex 60.965 27.8718 0
      vertex 60.3091 26.7776 0
      vertex 60.0831 28.3432 1
    endloop
  endfacet
  facet normal -0.606823 0.363793 -0.706697
    outer loop
      vertex 60.0831 28.3432 1
      vertex 60.3091 26.7776 0
      vertex 59.4776 27.3332 1
    endloop
  endfacet
  facet normal 0.606879 -0.363743 -0.706675
    outer loop
      vertex 80.8082 17.2654 0
      vertex 82.572 16.3226 2
      vertex 80.6801 13.1661 2
    endloop
  endfacet
  facet normal 0.606871 -0.363745 -0.70668
    outer loop
      vertex 80.8082 17.2654 0
      vertex 80.6801 13.1661 2
      vertex 79.0172 14.2773 0
    endloop
  endfacet
  facet normal 0.803204 -0.595704 0
    outer loop
      vertex 78.4879 10.2103 10
      vertex 80.6801 13.1661 2
      vertex 80.6801 13.1661 10
    endloop
  endfacet
  facet normal 0.803204 -0.595704 0
    outer loop
      vertex 80.6801 13.1661 2
      vertex 78.4879 10.2103 10
      vertex 78.4879 10.2103 2
    endloop
  endfacet
  facet normal 0.568301 -0.421468 0.706681
    outer loop
      vertex 80.6801 13.1661 10
      vertex 79.0172 14.2773 12
      vertex 76.9419 11.479 12
    endloop
  endfacet
  facet normal 0.568303 -0.421488 0.706669
    outer loop
      vertex 78.4879 10.2103 10
      vertex 80.6801 13.1661 10
      vertex 76.9419 11.479 12
    endloop
  endfacet
  facet normal -0.568291 0.421457 0.706696
    outer loop
      vertex 60.3091 26.7776 12
      vertex 59.4776 27.3332 11
      vertex 58.7761 26.3873 11
    endloop
  endfacet
  facet normal -0.568288 0.421488 0.706679
    outer loop
      vertex 59.5491 25.7529 12
      vertex 60.3091 26.7776 12
      vertex 58.7761 26.3873 11
    endloop
  endfacet
  facet normal -0.803219 0.595684 0
    outer loop
      vertex 58.7761 26.3873 1
      vertex 59.4776 27.3332 11
      vertex 59.4776 27.3332 1
    endloop
  endfacet
  facet normal -0.803219 0.595684 0
    outer loop
      vertex 59.4776 27.3332 11
      vertex 58.7761 26.3873 1
      vertex 58.7761 26.3873 11
    endloop
  endfacet
  facet normal -0.568276 0.421479 -0.706695
    outer loop
      vertex 60.3091 26.7776 0
      vertex 59.5491 25.7529 0
      vertex 59.4776 27.3332 1
    endloop
  endfacet
  facet normal -0.568305 0.421467 -0.706679
    outer loop
      vertex 59.4776 27.3332 1
      vertex 59.5491 25.7529 0
      vertex 58.7761 26.3873 1
    endloop
  endfacet
  facet normal 0.568292 -0.42148 -0.706681
    outer loop
      vertex 79.0172 14.2773 0
      vertex 80.6801 13.1661 2
      vertex 78.4879 10.2103 2
    endloop
  endfacet
  facet normal 0.568311 -0.421476 -0.706668
    outer loop
      vertex 79.0172 14.2773 0
      vertex 78.4879 10.2103 2
      vertex 76.9419 11.479 0
    endloop
  endfacet
  facet normal 0.740956 -0.671554 0
    outer loop
      vertex 76.0165 7.48349 10
      vertex 78.4879 10.2103 2
      vertex 78.4879 10.2103 10
    endloop
  endfacet
  facet normal 0.740956 -0.671554 0
    outer loop
      vertex 78.4879 10.2103 2
      vertex 76.0165 7.48349 10
      vertex 76.0165 7.48349 2
    endloop
  endfacet
  facet normal 0.524251 -0.475165 0.706667
    outer loop
      vertex 78.4879 10.2103 10
      vertex 76.9419 11.479 12
      vertex 74.6023 8.89771 12
    endloop
  endfacet
  facet normal 0.524252 -0.475147 0.706679
    outer loop
      vertex 76.0165 7.48349 10
      vertex 78.4879 10.2103 10
      vertex 74.6023 8.89771 12
    endloop
  endfacet
  facet normal -0.524271 0.475124 0.70668
    outer loop
      vertex 59.5491 25.7529 12
      vertex 58.7761 26.3873 11
      vertex 57.9853 25.5147 11
    endloop
  endfacet
  facet normal -0.52427 0.475131 0.706676
    outer loop
      vertex 58.6924 24.8076 12
      vertex 59.5491 25.7529 12
      vertex 57.9853 25.5147 11
    endloop
  endfacet
  facet normal -0.740984 0.671522 0
    outer loop
      vertex 57.9853 25.5147 1
      vertex 58.7761 26.3873 11
      vertex 58.7761 26.3873 1
    endloop
  endfacet
  facet normal -0.740984 0.671522 0
    outer loop
      vertex 58.7761 26.3873 11
      vertex 57.9853 25.5147 1
      vertex 57.9853 25.5147 11
    endloop
  endfacet
  facet normal -0.524267 0.475129 -0.70668
    outer loop
      vertex 58.7761 26.3873 1
      vertex 59.5491 25.7529 0
      vertex 58.6924 24.8076 0
    endloop
  endfacet
  facet normal -0.524274 0.475127 -0.706676
    outer loop
      vertex 58.7761 26.3873 1
      vertex 58.6924 24.8076 0
      vertex 57.9853 25.5147 1
    endloop
  endfacet
  facet normal 0.52426 -0.475155 -0.706668
    outer loop
      vertex 76.9419 11.479 0
      vertex 78.4879 10.2103 2
      vertex 76.0165 7.48349 2
    endloop
  endfacet
  facet normal 0.524242 -0.475157 -0.70668
    outer loop
      vertex 76.9419 11.479 0
      vertex 76.0165 7.48349 2
      vertex 74.6023 8.89771 0
    endloop
  endfacet
  facet normal 0.671552 -0.740958 0
    outer loop
      vertex 73.2897 5.01211 2
      vertex 76.0165 7.48349 10
      vertex 73.2897 5.01211 10
    endloop
  endfacet
  facet normal 0.671552 -0.740958 0
    outer loop
      vertex 76.0165 7.48349 10
      vertex 73.2897 5.01211 2
      vertex 76.0165 7.48349 2
    endloop
  endfacet
  facet normal 0.475153 -0.524245 0.70668
    outer loop
      vertex 76.0165 7.48349 10
      vertex 74.6023 8.89771 12
      vertex 72.021 6.55813 12
    endloop
  endfacet
  facet normal 0.475152 -0.524259 0.70667
    outer loop
      vertex 73.2897 5.01211 10
      vertex 76.0165 7.48349 10
      vertex 72.021 6.55813 12
    endloop
  endfacet
  facet normal -0.475127 0.524274 0.706676
    outer loop
      vertex 58.6924 24.8076 12
      vertex 57.9853 25.5147 11
      vertex 57.1127 24.7239 11
    endloop
  endfacet
  facet normal -0.475129 0.524267 0.70668
    outer loop
      vertex 57.7471 23.9509 12
      vertex 58.6924 24.8076 12
      vertex 57.1127 24.7239 11
    endloop
  endfacet
  facet normal -0.671522 0.740984 0
    outer loop
      vertex 57.9853 25.5147 1
      vertex 57.1127 24.7239 11
      vertex 57.9853 25.5147 11
    endloop
  endfacet
  facet normal -0.671522 0.740984 0
    outer loop
      vertex 57.1127 24.7239 11
      vertex 57.9853 25.5147 1
      vertex 57.1127 24.7239 1
    endloop
  endfacet
  facet normal -0.475131 0.52427 -0.706676
    outer loop
      vertex 57.9853 25.5147 1
      vertex 58.6924 24.8076 0
      vertex 57.7471 23.9509 0
    endloop
  endfacet
  facet normal -0.475124 0.524271 -0.70668
    outer loop
      vertex 57.9853 25.5147 1
      vertex 57.7471 23.9509 0
      vertex 57.1127 24.7239 1
    endloop
  endfacet
  facet normal 0.475146 -0.524252 -0.70668
    outer loop
      vertex 74.6023 8.89771 0
      vertex 76.0165 7.48349 2
      vertex 73.2897 5.01211 2
    endloop
  endfacet
  facet normal 0.47516 -0.524252 -0.70667
    outer loop
      vertex 74.6023 8.89771 0
      vertex 73.2897 5.01211 2
      vertex 72.021 6.55813 0
    endloop
  endfacet
  facet normal 0.595708 -0.803201 0
    outer loop
      vertex 70.3339 2.81989 2
      vertex 73.2897 5.01211 10
      vertex 70.3339 2.81989 10
    endloop
  endfacet
  facet normal 0.595708 -0.803201 0
    outer loop
      vertex 73.2897 5.01211 10
      vertex 70.3339 2.81989 2
      vertex 73.2897 5.01211 2
    endloop
  endfacet
  facet normal 0.421474 -0.568309 0.706671
    outer loop
      vertex 73.2897 5.01211 10
      vertex 72.021 6.55813 12
      vertex 69.2227 4.48283 12
    endloop
  endfacet
  facet normal 0.421479 -0.568286 0.706687
    outer loop
      vertex 70.3339 2.81989 10
      vertex 73.2897 5.01211 10
      vertex 69.2227 4.48283 12
    endloop
  endfacet
  facet normal -0.421467 0.568305 0.706679
    outer loop
      vertex 57.7471 23.9509 12
      vertex 57.1127 24.7239 11
      vertex 56.1668 24.0224 11
    endloop
  endfacet
  facet normal -0.421479 0.568276 0.706695
    outer loop
      vertex 56.7224 23.1909 12
      vertex 57.7471 23.9509 12
      vertex 56.1668 24.0224 11
    endloop
  endfacet
  facet normal -0.595684 0.803219 0
    outer loop
      vertex 57.1127 24.7239 1
      vertex 56.1668 24.0224 11
      vertex 57.1127 24.7239 11
    endloop
  endfacet
  facet normal -0.595684 0.803219 0
    outer loop
      vertex 56.1668 24.0224 11
      vertex 57.1127 24.7239 1
      vertex 56.1668 24.0224 1
    endloop
  endfacet
  facet normal -0.421488 0.568288 -0.706679
    outer loop
      vertex 57.1127 24.7239 1
      vertex 57.7471 23.9509 0
      vertex 56.7224 23.1909 0
    endloop
  endfacet
  facet normal -0.421457 0.568291 -0.706696
    outer loop
      vertex 57.1127 24.7239 1
      vertex 56.7224 23.1909 0
      vertex 56.1668 24.0224 1
    endloop
  endfacet
  facet normal 0.421488 -0.568298 -0.706671
    outer loop
      vertex 72.021 6.55813 0
      vertex 73.2897 5.01211 2
      vertex 70.3339 2.81989 2
    endloop
  endfacet
  facet normal 0.421465 -0.568296 -0.706687
    outer loop
      vertex 72.021 6.55813 0
      vertex 70.3339 2.81989 2
      vertex 69.2227 4.48283 0
    endloop
  endfacet
  facet normal 0.514104 -0.857728 0
    outer loop
      vertex 67.1774 0.927952 2
      vertex 70.3339 2.81989 10
      vertex 67.1774 0.927952 10
    endloop
  endfacet
  facet normal 0.514104 -0.857728 0
    outer loop
      vertex 70.3339 2.81989 10
      vertex 67.1774 0.927952 2
      vertex 70.3339 2.81989 2
    endloop
  endfacet
  facet normal 0.363748 -0.606862 0.706686
    outer loop
      vertex 70.3339 2.81989 10
      vertex 69.2227 4.48283 12
      vertex 66.2346 2.69179 12
    endloop
  endfacet
  facet normal 0.363745 -0.606871 0.70668
    outer loop
      vertex 67.1774 0.927952 10
      vertex 70.3339 2.81989 10
      vertex 66.2346 2.69179 12
    endloop
  endfacet
  facet normal -0.363793 0.606823 0.706697
    outer loop
      vertex 56.7224 23.1909 12
      vertex 56.1668 24.0224 11
      vertex 55.1568 23.4169 11
    endloop
  endfacet
  facet normal -0.363773 0.606862 0.706674
    outer loop
      vertex 55.6282 22.535 12
      vertex 56.7224 23.1909 12
      vertex 55.1568 23.4169 11
    endloop
  endfacet
  facet normal -0.514184 0.85768 0
    outer loop
      vertex 56.1668 24.0224 1
      vertex 55.1568 23.4169 11
      vertex 56.1668 24.0224 11
    endloop
  endfacet
  facet normal -0.514184 0.85768 0
    outer loop
      vertex 55.1568 23.4169 11
      vertex 56.1668 24.0224 1
      vertex 55.1568 23.4169 1
    endloop
  endfacet
  facet normal -0.363762 0.606843 -0.706696
    outer loop
      vertex 56.1668 24.0224 1
      vertex 56.7224 23.1909 0
      vertex 55.6282 22.535 0
    endloop
  endfacet
  facet normal -0.363806 0.606843 -0.706673
    outer loop
      vertex 56.1668 24.0224 1
      vertex 55.6282 22.535 0
      vertex 55.1568 23.4169 1
    endloop
  endfacet
  facet normal 0.363742 -0.606866 -0.706686
    outer loop
      vertex 69.2227 4.48283 0
      vertex 70.3339 2.81989 2
      vertex 67.1774 0.927952 2
    endloop
  endfacet
  facet normal 0.363751 -0.606868 -0.70668
    outer loop
      vertex 69.2227 4.48283 0
      vertex 67.1774 0.927952 2
      vertex 66.2346 2.69179 0
    endloop
  endfacet
  facet normal 0.427549 -0.903992 0
    outer loop
      vertex 63.8506 -0.645482 2
      vertex 67.1774 0.927952 10
      vertex 63.8506 -0.645482 10
    endloop
  endfacet
  facet normal 0.427549 -0.903992 0
    outer loop
      vertex 67.1774 0.927952 10
      vertex 63.8506 -0.645482 2
      vertex 67.1774 0.927952 2
    endloop
  endfacet
  facet normal 0.30251 -0.639602 0.70668
    outer loop
      vertex 67.1774 0.927952 10
      vertex 66.2346 2.69179 12
      vertex 63.0853 1.20228 12
    endloop
  endfacet
  facet normal 0.302507 -0.639608 0.706676
    outer loop
      vertex 63.8506 -0.645482 10
      vertex 67.1774 0.927952 10
      vertex 63.0853 1.20228 12
    endloop
  endfacet
  facet normal -0.302503 0.639612 0.706674
    outer loop
      vertex 55.6282 22.535 12
      vertex 55.1568 23.4169 11
      vertex 54.0922 22.9134 11
    endloop
  endfacet
  facet normal -0.302487 0.639637 0.706658
    outer loop
      vertex 54.4749 21.9896 12
      vertex 55.6282 22.535 12
      vertex 54.0922 22.9134 11
    endloop
  endfacet
  facet normal -0.427542 0.903995 0
    outer loop
      vertex 55.1568 23.4169 1
      vertex 54.0922 22.9134 11
      vertex 55.1568 23.4169 11
    endloop
  endfacet
  facet normal -0.427542 0.903995 0
    outer loop
      vertex 54.0922 22.9134 11
      vertex 55.1568 23.4169 1
      vertex 54.0922 22.9134 1
    endloop
  endfacet
  facet normal -0.30248 0.639624 -0.706673
    outer loop
      vertex 55.1568 23.4169 1
      vertex 55.6282 22.535 0
      vertex 54.4749 21.9896 0
    endloop
  endfacet
  facet normal -0.30251 0.639627 -0.706658
    outer loop
      vertex 55.1568 23.4169 1
      vertex 54.4749 21.9896 0
      vertex 54.0922 22.9134 1
    endloop
  endfacet
  facet normal 0.302505 -0.639604 -0.70668
    outer loop
      vertex 66.2346 2.69179 0
      vertex 67.1774 0.927952 2
      vertex 63.8506 -0.645482 2
    endloop
  endfacet
  facet normal 0.302512 -0.639606 -0.706676
    outer loop
      vertex 66.2346 2.69179 0
      vertex 63.8506 -0.645482 2
      vertex 63.0853 1.20228 0
    endloop
  endfacet
  facet normal 0.336894 -0.941543 0
    outer loop
      vertex 60.3857 -1.88526 2
      vertex 63.8506 -0.645482 10
      vertex 60.3857 -1.88526 10
    endloop
  endfacet
  facet normal 0.336894 -0.941543 0
    outer loop
      vertex 63.8506 -0.645482 10
      vertex 60.3857 -1.88526 2
      vertex 63.8506 -0.645482 2
    endloop
  endfacet
  facet normal 0.23836 -0.666177 0.706677
    outer loop
      vertex 63.8506 -0.645482 10
      vertex 63.0853 1.20228 12
      vertex 59.8051 0.0286179 12
    endloop
  endfacet
  facet normal 0.238363 -0.666171 0.706682
    outer loop
      vertex 60.3857 -1.88526 10
      vertex 63.8506 -0.645482 10
      vertex 59.8051 0.0286179 12
    endloop
  endfacet
  facet normal -0.23835 0.666203 0.706655
    outer loop
      vertex 54.4749 21.9896 12
      vertex 54.0922 22.9134 11
      vertex 52.9834 22.5167 11
    endloop
  endfacet
  facet normal -0.238366 0.666184 0.706669
    outer loop
      vertex 53.2737 21.5598 12
      vertex 54.4749 21.9896 12
      vertex 52.9834 22.5167 11
    endloop
  endfacet
  facet normal -0.336864 0.941553 0
    outer loop
      vertex 54.0922 22.9134 1
      vertex 52.9834 22.5167 11
      vertex 54.0922 22.9134 11
    endloop
  endfacet
  facet normal -0.336864 0.941553 0
    outer loop
      vertex 52.9834 22.5167 11
      vertex 54.0922 22.9134 1
      vertex 52.9834 22.5167 1
    endloop
  endfacet
  facet normal -0.238371 0.666196 -0.706656
    outer loop
      vertex 54.0922 22.9134 1
      vertex 54.4749 21.9896 0
      vertex 53.2737 21.5598 0
    endloop
  endfacet
  facet normal -0.238346 0.66619 -0.706669
    outer loop
      vertex 54.0922 22.9134 1
      vertex 53.2737 21.5598 0
      vertex 52.9834 22.5167 1
    endloop
  endfacet
  facet normal 0.238365 -0.666175 -0.706677
    outer loop
      vertex 63.0853 1.20228 0
      vertex 63.8506 -0.645482 2
      vertex 60.3857 -1.88526 2
    endloop
  endfacet
  facet normal 0.238358 -0.666173 -0.706682
    outer loop
      vertex 63.0853 1.20228 0
      vertex 60.3857 -1.88526 2
      vertex 59.8051 0.0286179 0
    endloop
  endfacet
  facet normal 0.242981 -0.970031 0
    outer loop
      vertex 56.8159 -2.77945 2
      vertex 60.3857 -1.88526 10
      vertex 56.8159 -2.77945 10
    endloop
  endfacet
  facet normal 0.242981 -0.970031 0
    outer loop
      vertex 60.3857 -1.88526 10
      vertex 56.8159 -2.77945 2
      vertex 60.3857 -1.88526 2
    endloop
  endfacet
  facet normal 0.171916 -0.686328 0.706681
    outer loop
      vertex 60.3857 -1.88526 10
      vertex 59.8051 0.0286179 12
      vertex 56.4257 -0.817877 12
    endloop
  endfacet
  facet normal 0.171916 -0.686328 0.706682
    outer loop
      vertex 56.8159 -2.77945 10
      vertex 60.3857 -1.88526 10
      vertex 56.4257 -0.817877 12
    endloop
  endfacet
  facet normal -0.171902 0.686346 0.706668
    outer loop
      vertex 53.2737 21.5598 12
      vertex 52.9834 22.5167 11
      vertex 51.8411 22.2306 11
    endloop
  endfacet
  facet normal -0.171927 0.686321 0.706686
    outer loop
      vertex 52.0362 21.2498 12
      vertex 53.2737 21.5598 12
      vertex 51.8411 22.2306 11
    endloop
  endfacet
  facet normal -0.242955 0.970038 0
    outer loop
      vertex 52.9834 22.5167 1
      vertex 51.8411 22.2306 11
      vertex 52.9834 22.5167 11
    endloop
  endfacet
  facet normal -0.242955 0.970038 0
    outer loop
      vertex 51.8411 22.2306 11
      vertex 52.9834 22.5167 1
      vertex 51.8411 22.2306 1
    endloop
  endfacet
  facet normal -0.171931 0.686338 -0.706668
    outer loop
      vertex 52.9834 22.5167 1
      vertex 53.2737 21.5598 0
      vertex 52.0362 21.2498 0
    endloop
  endfacet
  facet normal -0.171897 0.686327 -0.706687
    outer loop
      vertex 52.9834 22.5167 1
      vertex 52.0362 21.2498 0
      vertex 51.8411 22.2306 1
    endloop
  endfacet
  facet normal 0.171917 -0.686328 -0.706681
    outer loop
      vertex 59.8051 0.0286179 0
      vertex 60.3857 -1.88526 2
      vertex 56.8159 -2.77945 2
    endloop
  endfacet
  facet normal 0.171916 -0.686328 -0.706682
    outer loop
      vertex 59.8051 0.0286179 0
      vertex 56.8159 -2.77945 2
      vertex 56.4257 -0.817877 0
    endloop
  endfacet
  facet normal 0.146728 -0.989177 0
    outer loop
      vertex 53.1756 -3.31943 2
      vertex 56.8159 -2.77945 10
      vertex 53.1756 -3.31943 10
    endloop
  endfacet
  facet normal 0.146728 -0.989177 0
    outer loop
      vertex 56.8159 -2.77945 10
      vertex 53.1756 -3.31943 2
      vertex 56.8159 -2.77945 2
    endloop
  endfacet
  facet normal 0.103817 -0.699874 0.706681
    outer loop
      vertex 56.8159 -2.77945 10
      vertex 56.4257 -0.817877 12
      vertex 52.9796 -1.32906 12
    endloop
  endfacet
  facet normal 0.103815 -0.699876 0.70668
    outer loop
      vertex 53.1756 -3.31943 10
      vertex 56.8159 -2.77945 10
      vertex 52.9796 -1.32906 12
    endloop
  endfacet
  facet normal -0.103818 0.699869 0.706686
    outer loop
      vertex 52.0362 21.2498 12
      vertex 51.8411 22.2306 11
      vertex 50.6762 22.0578 11
    endloop
  endfacet
  facet normal -0.103816 0.69987 0.706685
    outer loop
      vertex 50.7742 21.0626 12
      vertex 52.0362 21.2498 12
      vertex 50.6762 22.0578 11
    endloop
  endfacet
  facet normal -0.146733 0.989176 0
    outer loop
      vertex 51.8411 22.2306 1
      vertex 50.6762 22.0578 11
      vertex 51.8411 22.2306 11
    endloop
  endfacet
  facet normal -0.146733 0.989176 0
    outer loop
      vertex 50.6762 22.0578 11
      vertex 51.8411 22.2306 1
      vertex 50.6762 22.0578 1
    endloop
  endfacet
  facet normal -0.103816 0.699869 -0.706686
    outer loop
      vertex 51.8411 22.2306 1
      vertex 52.0362 21.2498 0
      vertex 50.7742 21.0626 0
    endloop
  endfacet
  facet normal -0.103818 0.69987 -0.706685
    outer loop
      vertex 51.8411 22.2306 1
      vertex 50.7742 21.0626 0
      vertex 50.6762 22.0578 1
    endloop
  endfacet
  facet normal 0.103815 -0.699874 -0.706681
    outer loop
      vertex 56.4257 -0.817877 0
      vertex 56.8159 -2.77945 2
      vertex 53.1756 -3.31943 2
    endloop
  endfacet
  facet normal 0.103817 -0.699876 -0.70668
    outer loop
      vertex 56.4257 -0.817877 0
      vertex 53.1756 -3.31943 2
      vertex 52.9796 -1.32906 0
    endloop
  endfacet
  facet normal 0.0490675 -0.998795 0
    outer loop
      vertex 49.5 -3.5 2
      vertex 53.1756 -3.31943 10
      vertex 49.5 -3.5 10
    endloop
  endfacet
  facet normal 0.0490675 -0.998795 0
    outer loop
      vertex 53.1756 -3.31943 10
      vertex 49.5 -3.5 2
      vertex 53.1756 -3.31943 2
    endloop
  endfacet
  facet normal 0.0347166 -0.706681 0.70668
    outer loop
      vertex 53.1756 -3.31943 10
      vertex 52.9796 -1.32906 12
      vertex 49.5 -1.5 12
    endloop
  endfacet
  facet normal 0.0347169 -0.706681 0.706681
    outer loop
      vertex 53.1756 -3.31943 10
      vertex 49.5 -1.5 12
      vertex 49.5 -3.5 10
    endloop
  endfacet
  facet normal -0.0347269 0.706675 0.706686
    outer loop
      vertex 50.7742 21.0626 12
      vertex 50.6762 22.0578 11
      vertex 49.5 22 11
    endloop
  endfacet
  facet normal -0.0347184 0.70668 0.70668
    outer loop
      vertex 50.7742 21.0626 12
      vertex 49.5 22 11
      vertex 49.5 21 12
    endloop
  endfacet
  facet normal -0.0490821 0.998795 0
    outer loop
      vertex 50.6762 22.0578 1
      vertex 49.5 22 11
      vertex 50.6762 22.0578 11
    endloop
  endfacet
  facet normal -0.0490821 0.998795 0
    outer loop
      vertex 49.5 22 11
      vertex 50.6762 22.0578 1
      vertex 49.5 22 1
    endloop
  endfacet
  facet normal -0.0347182 0.706675 -0.706686
    outer loop
      vertex 50.6762 22.0578 1
      vertex 50.7742 21.0626 0
      vertex 49.5 21 0
    endloop
  endfacet
  facet normal -0.0347272 0.70668 -0.70668
    outer loop
      vertex 49.5 22 1
      vertex 50.6762 22.0578 1
      vertex 49.5 21 0
    endloop
  endfacet
  facet normal 0.0347169 -0.706681 -0.70668
    outer loop
      vertex 52.9796 -1.32906 0
      vertex 53.1756 -3.31943 2
      vertex 49.5 -3.5 2
    endloop
  endfacet
  facet normal 0.0347166 -0.706681 -0.706681
    outer loop
      vertex 49.5 -1.5 0
      vertex 52.9796 -1.32906 0
      vertex 49.5 -3.5 2
    endloop
  endfacet
  facet normal -0.0490675 -0.998795 0
    outer loop
      vertex 45.8244 -3.31943 2
      vertex 49.5 -3.5 10
      vertex 45.8244 -3.31943 10
    endloop
  endfacet
  facet normal -0.0490675 -0.998795 -0
    outer loop
      vertex 49.5 -3.5 10
      vertex 45.8244 -3.31943 2
      vertex 49.5 -3.5 2
    endloop
  endfacet
  facet normal -0.0347166 -0.706681 0.706681
    outer loop
      vertex 49.5 -3.5 10
      vertex 49.5 -1.5 12
      vertex 46.0204 -1.32906 12
    endloop
  endfacet
  facet normal -0.0347169 -0.706681 0.70668
    outer loop
      vertex 49.5 -3.5 10
      vertex 46.0204 -1.32906 12
      vertex 45.8244 -3.31943 10
    endloop
  endfacet
  facet normal 0.0347272 0.70668 0.70668
    outer loop
      vertex 49.5 21 12
      vertex 49.5 22 11
      vertex 48.3238 22.0578 11
    endloop
  endfacet
  facet normal 0.0347182 0.706675 0.706686
    outer loop
      vertex 49.5 21 12
      vertex 48.3238 22.0578 11
      vertex 48.2258 21.0626 12
    endloop
  endfacet
  facet normal 0.0490821 0.998795 -0
    outer loop
      vertex 49.5 22 1
      vertex 48.3238 22.0578 11
      vertex 49.5 22 11
    endloop
  endfacet
  facet normal 0.0490821 0.998795 0
    outer loop
      vertex 48.3238 22.0578 11
      vertex 49.5 22 1
      vertex 48.3238 22.0578 1
    endloop
  endfacet
  facet normal 0.0347184 0.70668 -0.70668
    outer loop
      vertex 49.5 22 1
      vertex 49.5 21 0
      vertex 48.2258 21.0626 0
    endloop
  endfacet
  facet normal 0.0347269 0.706675 -0.706686
    outer loop
      vertex 48.3238 22.0578 1
      vertex 49.5 22 1
      vertex 48.2258 21.0626 0
    endloop
  endfacet
  facet normal -0.0347169 -0.706681 -0.706681
    outer loop
      vertex 49.5 -1.5 0
      vertex 49.5 -3.5 2
      vertex 45.8244 -3.31943 2
    endloop
  endfacet
  facet normal -0.0347166 -0.706681 -0.70668
    outer loop
      vertex 46.0204 -1.32906 0
      vertex 49.5 -1.5 0
      vertex 45.8244 -3.31943 2
    endloop
  endfacet
  facet normal -0.146728 -0.989177 0
    outer loop
      vertex 42.1841 -2.77945 2
      vertex 45.8244 -3.31943 10
      vertex 42.1841 -2.77945 10
    endloop
  endfacet
  facet normal -0.146728 -0.989177 -0
    outer loop
      vertex 45.8244 -3.31943 10
      vertex 42.1841 -2.77945 2
      vertex 45.8244 -3.31943 2
    endloop
  endfacet
  facet normal -0.103817 -0.699876 0.70668
    outer loop
      vertex 45.8244 -3.31943 10
      vertex 46.0204 -1.32906 12
      vertex 42.5743 -0.817877 12
    endloop
  endfacet
  facet normal -0.103815 -0.699874 0.706681
    outer loop
      vertex 45.8244 -3.31943 10
      vertex 42.5743 -0.817877 12
      vertex 42.1841 -2.77945 10
    endloop
  endfacet
  facet normal 0.103818 0.69987 0.706685
    outer loop
      vertex 48.2258 21.0626 12
      vertex 48.3238 22.0578 11
      vertex 47.1589 22.2306 11
    endloop
  endfacet
  facet normal 0.103816 0.699869 0.706686
    outer loop
      vertex 48.2258 21.0626 12
      vertex 47.1589 22.2306 11
      vertex 46.9638 21.2498 12
    endloop
  endfacet
  facet normal 0.146733 0.989176 -0
    outer loop
      vertex 48.3238 22.0578 1
      vertex 47.1589 22.2306 11
      vertex 48.3238 22.0578 11
    endloop
  endfacet
  facet normal 0.146733 0.989176 0
    outer loop
      vertex 47.1589 22.2306 11
      vertex 48.3238 22.0578 1
      vertex 47.1589 22.2306 1
    endloop
  endfacet
  facet normal 0.103816 0.69987 -0.706685
    outer loop
      vertex 48.3238 22.0578 1
      vertex 48.2258 21.0626 0
      vertex 46.9638 21.2498 0
    endloop
  endfacet
  facet normal 0.103818 0.699869 -0.706686
    outer loop
      vertex 47.1589 22.2306 1
      vertex 48.3238 22.0578 1
      vertex 46.9638 21.2498 0
    endloop
  endfacet
  facet normal -0.103815 -0.699876 -0.70668
    outer loop
      vertex 46.0204 -1.32906 0
      vertex 45.8244 -3.31943 2
      vertex 42.1841 -2.77945 2
    endloop
  endfacet
  facet normal -0.103817 -0.699874 -0.706681
    outer loop
      vertex 42.5743 -0.817877 0
      vertex 46.0204 -1.32906 0
      vertex 42.1841 -2.77945 2
    endloop
  endfacet
  facet normal -0.242981 -0.970031 0
    outer loop
      vertex 38.6143 -1.88526 2
      vertex 42.1841 -2.77945 10
      vertex 38.6143 -1.88526 10
    endloop
  endfacet
  facet normal -0.242981 -0.970031 -0
    outer loop
      vertex 42.1841 -2.77945 10
      vertex 38.6143 -1.88526 2
      vertex 42.1841 -2.77945 2
    endloop
  endfacet
  facet normal -0.171916 -0.686328 0.706682
    outer loop
      vertex 42.1841 -2.77945 10
      vertex 42.5743 -0.817877 12
      vertex 39.1949 0.0286179 12
    endloop
  endfacet
  facet normal -0.171917 -0.686328 0.706681
    outer loop
      vertex 42.1841 -2.77945 10
      vertex 39.1949 0.0286179 12
      vertex 38.6143 -1.88526 10
    endloop
  endfacet
  facet normal 0.171897 0.686327 0.706687
    outer loop
      vertex 46.9638 21.2498 12
      vertex 47.1589 22.2306 11
      vertex 46.0166 22.5167 11
    endloop
  endfacet
  facet normal 0.171931 0.686338 0.706668
    outer loop
      vertex 46.9638 21.2498 12
      vertex 46.0166 22.5167 11
      vertex 45.7263 21.5598 12
    endloop
  endfacet
  facet normal 0.242955 0.970038 -0
    outer loop
      vertex 47.1589 22.2306 1
      vertex 46.0166 22.5167 11
      vertex 47.1589 22.2306 11
    endloop
  endfacet
  facet normal 0.242955 0.970038 0
    outer loop
      vertex 46.0166 22.5167 11
      vertex 47.1589 22.2306 1
      vertex 46.0166 22.5167 1
    endloop
  endfacet
  facet normal 0.171927 0.686321 -0.706686
    outer loop
      vertex 47.1589 22.2306 1
      vertex 46.9638 21.2498 0
      vertex 45.7263 21.5598 0
    endloop
  endfacet
  facet normal 0.171902 0.686346 -0.706668
    outer loop
      vertex 46.0166 22.5167 1
      vertex 47.1589 22.2306 1
      vertex 45.7263 21.5598 0
    endloop
  endfacet
  facet normal -0.171916 -0.686328 -0.706682
    outer loop
      vertex 42.5743 -0.817877 0
      vertex 42.1841 -2.77945 2
      vertex 38.6143 -1.88526 2
    endloop
  endfacet
  facet normal -0.171916 -0.686328 -0.706681
    outer loop
      vertex 39.1949 0.0286179 0
      vertex 42.5743 -0.817877 0
      vertex 38.6143 -1.88526 2
    endloop
  endfacet
  facet normal -0.336894 -0.941543 0
    outer loop
      vertex 35.1494 -0.645482 2
      vertex 38.6143 -1.88526 10
      vertex 35.1494 -0.645482 10
    endloop
  endfacet
  facet normal -0.336894 -0.941543 -0
    outer loop
      vertex 38.6143 -1.88526 10
      vertex 35.1494 -0.645482 2
      vertex 38.6143 -1.88526 2
    endloop
  endfacet
  facet normal -0.238358 -0.666173 0.706682
    outer loop
      vertex 38.6143 -1.88526 10
      vertex 39.1949 0.0286179 12
      vertex 35.9147 1.20228 12
    endloop
  endfacet
  facet normal -0.238365 -0.666175 0.706677
    outer loop
      vertex 38.6143 -1.88526 10
      vertex 35.9147 1.20228 12
      vertex 35.1494 -0.645482 10
    endloop
  endfacet
  facet normal 0.238346 0.66619 0.706669
    outer loop
      vertex 45.7263 21.5598 12
      vertex 46.0166 22.5167 11
      vertex 44.9078 22.9134 11
    endloop
  endfacet
  facet normal 0.238371 0.666196 0.706656
    outer loop
      vertex 45.7263 21.5598 12
      vertex 44.9078 22.9134 11
      vertex 44.5251 21.9896 12
    endloop
  endfacet
  facet normal 0.336864 0.941553 -0
    outer loop
      vertex 46.0166 22.5167 1
      vertex 44.9078 22.9134 11
      vertex 46.0166 22.5167 11
    endloop
  endfacet
  facet normal 0.336864 0.941553 0
    outer loop
      vertex 44.9078 22.9134 11
      vertex 46.0166 22.5167 1
      vertex 44.9078 22.9134 1
    endloop
  endfacet
  facet normal 0.238366 0.666184 -0.706669
    outer loop
      vertex 46.0166 22.5167 1
      vertex 45.7263 21.5598 0
      vertex 44.5251 21.9896 0
    endloop
  endfacet
  facet normal 0.23835 0.666203 -0.706655
    outer loop
      vertex 44.9078 22.9134 1
      vertex 46.0166 22.5167 1
      vertex 44.5251 21.9896 0
    endloop
  endfacet
  facet normal -0.238363 -0.666171 -0.706682
    outer loop
      vertex 39.1949 0.0286179 0
      vertex 38.6143 -1.88526 2
      vertex 35.1494 -0.645482 2
    endloop
  endfacet
  facet normal -0.23836 -0.666177 -0.706677
    outer loop
      vertex 35.9147 1.20228 0
      vertex 39.1949 0.0286179 0
      vertex 35.1494 -0.645482 2
    endloop
  endfacet
  facet normal -0.427549 -0.903992 0
    outer loop
      vertex 31.8226 0.927952 2
      vertex 35.1494 -0.645482 10
      vertex 31.8226 0.927952 10
    endloop
  endfacet
  facet normal -0.427549 -0.903992 -0
    outer loop
      vertex 35.1494 -0.645482 10
      vertex 31.8226 0.927952 2
      vertex 35.1494 -0.645482 2
    endloop
  endfacet
  facet normal -0.302512 -0.639606 0.706676
    outer loop
      vertex 35.1494 -0.645482 10
      vertex 35.9147 1.20228 12
      vertex 32.7654 2.69179 12
    endloop
  endfacet
  facet normal -0.302505 -0.639604 0.70668
    outer loop
      vertex 35.1494 -0.645482 10
      vertex 32.7654 2.69179 12
      vertex 31.8226 0.927952 10
    endloop
  endfacet
  facet normal 0.30251 0.639627 0.706658
    outer loop
      vertex 44.5251 21.9896 12
      vertex 44.9078 22.9134 11
      vertex 43.8432 23.4169 11
    endloop
  endfacet
  facet normal 0.30248 0.639624 0.706673
    outer loop
      vertex 44.5251 21.9896 12
      vertex 43.8432 23.4169 11
      vertex 43.3718 22.535 12
    endloop
  endfacet
  facet normal 0.427542 0.903995 -0
    outer loop
      vertex 44.9078 22.9134 1
      vertex 43.8432 23.4169 11
      vertex 44.9078 22.9134 11
    endloop
  endfacet
  facet normal 0.427542 0.903995 0
    outer loop
      vertex 43.8432 23.4169 11
      vertex 44.9078 22.9134 1
      vertex 43.8432 23.4169 1
    endloop
  endfacet
  facet normal 0.302487 0.639637 -0.706658
    outer loop
      vertex 44.9078 22.9134 1
      vertex 44.5251 21.9896 0
      vertex 43.3718 22.535 0
    endloop
  endfacet
  facet normal 0.302503 0.639612 -0.706674
    outer loop
      vertex 43.8432 23.4169 1
      vertex 44.9078 22.9134 1
      vertex 43.3718 22.535 0
    endloop
  endfacet
  facet normal -0.302507 -0.639608 -0.706676
    outer loop
      vertex 35.9147 1.20228 0
      vertex 35.1494 -0.645482 2
      vertex 31.8226 0.927952 2
    endloop
  endfacet
  facet normal -0.30251 -0.639602 -0.70668
    outer loop
      vertex 32.7654 2.69179 0
      vertex 35.9147 1.20228 0
      vertex 31.8226 0.927952 2
    endloop
  endfacet
  facet normal -0.514104 -0.857728 0
    outer loop
      vertex 28.6661 2.81989 2
      vertex 31.8226 0.927952 10
      vertex 28.6661 2.81989 10
    endloop
  endfacet
  facet normal -0.514104 -0.857728 -0
    outer loop
      vertex 31.8226 0.927952 10
      vertex 28.6661 2.81989 2
      vertex 31.8226 0.927952 2
    endloop
  endfacet
  facet normal -0.363751 -0.606868 0.70668
    outer loop
      vertex 31.8226 0.927952 10
      vertex 32.7654 2.69179 12
      vertex 29.7773 4.48283 12
    endloop
  endfacet
  facet normal -0.363742 -0.606866 0.706686
    outer loop
      vertex 31.8226 0.927952 10
      vertex 29.7773 4.48283 12
      vertex 28.6661 2.81989 10
    endloop
  endfacet
  facet normal 0.363806 0.606843 0.706673
    outer loop
      vertex 43.3718 22.535 12
      vertex 43.8432 23.4169 11
      vertex 42.8332 24.0224 11
    endloop
  endfacet
  facet normal 0.363762 0.606843 0.706696
    outer loop
      vertex 43.3718 22.535 12
      vertex 42.8332 24.0224 11
      vertex 42.2776 23.1909 12
    endloop
  endfacet
  facet normal 0.514184 0.85768 -0
    outer loop
      vertex 43.8432 23.4169 1
      vertex 42.8332 24.0224 11
      vertex 43.8432 23.4169 11
    endloop
  endfacet
  facet normal 0.514184 0.85768 0
    outer loop
      vertex 42.8332 24.0224 11
      vertex 43.8432 23.4169 1
      vertex 42.8332 24.0224 1
    endloop
  endfacet
  facet normal 0.363773 0.606862 -0.706674
    outer loop
      vertex 43.8432 23.4169 1
      vertex 43.3718 22.535 0
      vertex 42.2776 23.1909 0
    endloop
  endfacet
  facet normal 0.363793 0.606823 -0.706697
    outer loop
      vertex 42.8332 24.0224 1
      vertex 43.8432 23.4169 1
      vertex 42.2776 23.1909 0
    endloop
  endfacet
  facet normal -0.363745 -0.606871 -0.70668
    outer loop
      vertex 32.7654 2.69179 0
      vertex 31.8226 0.927952 2
      vertex 28.6661 2.81989 2
    endloop
  endfacet
  facet normal -0.363748 -0.606862 -0.706686
    outer loop
      vertex 29.7773 4.48283 0
      vertex 32.7654 2.69179 0
      vertex 28.6661 2.81989 2
    endloop
  endfacet
  facet normal -0.595708 -0.803201 0
    outer loop
      vertex 25.7103 5.01211 2
      vertex 28.6661 2.81989 10
      vertex 25.7103 5.01211 10
    endloop
  endfacet
  facet normal -0.595708 -0.803201 -0
    outer loop
      vertex 28.6661 2.81989 10
      vertex 25.7103 5.01211 2
      vertex 28.6661 2.81989 2
    endloop
  endfacet
  facet normal -0.421465 -0.568296 0.706687
    outer loop
      vertex 28.6661 2.81989 10
      vertex 29.7773 4.48283 12
      vertex 26.979 6.55813 12
    endloop
  endfacet
  facet normal -0.421488 -0.568298 0.706671
    outer loop
      vertex 28.6661 2.81989 10
      vertex 26.979 6.55813 12
      vertex 25.7103 5.01211 10
    endloop
  endfacet
  facet normal 0.421457 0.568291 0.706696
    outer loop
      vertex 42.2776 23.1909 12
      vertex 42.8332 24.0224 11
      vertex 41.8873 24.7239 11
    endloop
  endfacet
  facet normal 0.421488 0.568288 0.706679
    outer loop
      vertex 42.2776 23.1909 12
      vertex 41.8873 24.7239 11
      vertex 41.2529 23.9509 12
    endloop
  endfacet
  facet normal 0.595684 0.803219 -0
    outer loop
      vertex 42.8332 24.0224 1
      vertex 41.8873 24.7239 11
      vertex 42.8332 24.0224 11
    endloop
  endfacet
  facet normal 0.595684 0.803219 0
    outer loop
      vertex 41.8873 24.7239 11
      vertex 42.8332 24.0224 1
      vertex 41.8873 24.7239 1
    endloop
  endfacet
  facet normal 0.421479 0.568276 -0.706695
    outer loop
      vertex 42.8332 24.0224 1
      vertex 42.2776 23.1909 0
      vertex 41.2529 23.9509 0
    endloop
  endfacet
  facet normal 0.421467 0.568305 -0.706679
    outer loop
      vertex 41.8873 24.7239 1
      vertex 42.8332 24.0224 1
      vertex 41.2529 23.9509 0
    endloop
  endfacet
  facet normal -0.421479 -0.568286 -0.706687
    outer loop
      vertex 29.7773 4.48283 0
      vertex 28.6661 2.81989 2
      vertex 25.7103 5.01211 2
    endloop
  endfacet
  facet normal -0.421474 -0.568309 -0.706671
    outer loop
      vertex 26.979 6.55813 0
      vertex 29.7773 4.48283 0
      vertex 25.7103 5.01211 2
    endloop
  endfacet
  facet normal -0.671552 -0.740958 0
    outer loop
      vertex 22.9835 7.48349 2
      vertex 25.7103 5.01211 10
      vertex 22.9835 7.48349 10
    endloop
  endfacet
  facet normal -0.671552 -0.740958 -0
    outer loop
      vertex 25.7103 5.01211 10
      vertex 22.9835 7.48349 2
      vertex 25.7103 5.01211 2
    endloop
  endfacet
  facet normal -0.47516 -0.524252 0.70667
    outer loop
      vertex 25.7103 5.01211 10
      vertex 26.979 6.55813 12
      vertex 24.3977 8.89771 12
    endloop
  endfacet
  facet normal -0.475146 -0.524252 0.70668
    outer loop
      vertex 25.7103 5.01211 10
      vertex 24.3977 8.89771 12
      vertex 22.9835 7.48349 10
    endloop
  endfacet
  facet normal 0.475124 0.524271 0.70668
    outer loop
      vertex 41.2529 23.9509 12
      vertex 41.8873 24.7239 11
      vertex 41.0147 25.5147 11
    endloop
  endfacet
  facet normal 0.475131 0.52427 0.706676
    outer loop
      vertex 41.2529 23.9509 12
      vertex 41.0147 25.5147 11
      vertex 40.3076 24.8076 12
    endloop
  endfacet
  facet normal 0.671522 0.740984 -0
    outer loop
      vertex 41.8873 24.7239 1
      vertex 41.0147 25.5147 11
      vertex 41.8873 24.7239 11
    endloop
  endfacet
  facet normal 0.671522 0.740984 0
    outer loop
      vertex 41.0147 25.5147 11
      vertex 41.8873 24.7239 1
      vertex 41.0147 25.5147 1
    endloop
  endfacet
  facet normal 0.475129 0.524267 -0.70668
    outer loop
      vertex 41.8873 24.7239 1
      vertex 41.2529 23.9509 0
      vertex 40.3076 24.8076 0
    endloop
  endfacet
  facet normal 0.475127 0.524274 -0.706676
    outer loop
      vertex 41.0147 25.5147 1
      vertex 41.8873 24.7239 1
      vertex 40.3076 24.8076 0
    endloop
  endfacet
  facet normal -0.475152 -0.524259 -0.70667
    outer loop
      vertex 26.979 6.55813 0
      vertex 25.7103 5.01211 2
      vertex 22.9835 7.48349 2
    endloop
  endfacet
  facet normal -0.475153 -0.524245 -0.70668
    outer loop
      vertex 24.3977 8.89771 0
      vertex 26.979 6.55813 0
      vertex 22.9835 7.48349 2
    endloop
  endfacet
  facet normal -0.740956 -0.671554 0
    outer loop
      vertex 22.9835 7.48349 2
      vertex 20.5121 10.2103 10
      vertex 20.5121 10.2103 2
    endloop
  endfacet
  facet normal -0.740956 -0.671554 0
    outer loop
      vertex 20.5121 10.2103 10
      vertex 22.9835 7.48349 2
      vertex 22.9835 7.48349 10
    endloop
  endfacet
  facet normal -0.524242 -0.475157 0.70668
    outer loop
      vertex 22.9835 7.48349 10
      vertex 24.3977 8.89771 12
      vertex 22.0581 11.479 12
    endloop
  endfacet
  facet normal -0.52426 -0.475155 0.706668
    outer loop
      vertex 22.9835 7.48349 10
      vertex 22.0581 11.479 12
      vertex 20.5121 10.2103 10
    endloop
  endfacet
  facet normal 0.524274 0.475127 0.706676
    outer loop
      vertex 40.3076 24.8076 12
      vertex 41.0147 25.5147 11
      vertex 40.2239 26.3873 11
    endloop
  endfacet
  facet normal 0.524267 0.475129 0.70668
    outer loop
      vertex 40.3076 24.8076 12
      vertex 40.2239 26.3873 11
      vertex 39.4509 25.7529 12
    endloop
  endfacet
  facet normal 0.740984 0.671522 0
    outer loop
      vertex 41.0147 25.5147 11
      vertex 40.2239 26.3873 1
      vertex 40.2239 26.3873 11
    endloop
  endfacet
  facet normal 0.740984 0.671522 0
    outer loop
      vertex 40.2239 26.3873 1
      vertex 41.0147 25.5147 11
      vertex 41.0147 25.5147 1
    endloop
  endfacet
  facet normal 0.52427 0.475131 -0.706676
    outer loop
      vertex 41.0147 25.5147 1
      vertex 40.3076 24.8076 0
      vertex 39.4509 25.7529 0
    endloop
  endfacet
  facet normal 0.524271 0.475124 -0.70668
    outer loop
      vertex 40.2239 26.3873 1
      vertex 41.0147 25.5147 1
      vertex 39.4509 25.7529 0
    endloop
  endfacet
  facet normal -0.524252 -0.475147 -0.706679
    outer loop
      vertex 24.3977 8.89771 0
      vertex 22.9835 7.48349 2
      vertex 20.5121 10.2103 2
    endloop
  endfacet
  facet normal -0.524251 -0.475165 -0.706667
    outer loop
      vertex 22.0581 11.479 0
      vertex 24.3977 8.89771 0
      vertex 20.5121 10.2103 2
    endloop
  endfacet
  facet normal -0.803204 -0.595704 0
    outer loop
      vertex 20.5121 10.2103 2
      vertex 18.3199 13.1661 10
      vertex 18.3199 13.1661 2
    endloop
  endfacet
  facet normal -0.803204 -0.595704 0
    outer loop
      vertex 18.3199 13.1661 10
      vertex 20.5121 10.2103 2
      vertex 20.5121 10.2103 10
    endloop
  endfacet
  facet normal -0.568311 -0.421476 0.706668
    outer loop
      vertex 20.5121 10.2103 10
      vertex 22.0581 11.479 12
      vertex 19.9828 14.2773 12
    endloop
  endfacet
  facet normal -0.568292 -0.42148 0.706681
    outer loop
      vertex 20.5121 10.2103 10
      vertex 19.9828 14.2773 12
      vertex 18.3199 13.1661 10
    endloop
  endfacet
  facet normal 0.568305 0.421467 0.706679
    outer loop
      vertex 40.2239 26.3873 11
      vertex 39.5224 27.3332 11
      vertex 39.4509 25.7529 12
    endloop
  endfacet
  facet normal 0.568276 0.421479 0.706695
    outer loop
      vertex 39.4509 25.7529 12
      vertex 39.5224 27.3332 11
      vertex 38.6909 26.7776 12
    endloop
  endfacet
  facet normal 0.803219 0.595684 0
    outer loop
      vertex 40.2239 26.3873 11
      vertex 39.5224 27.3332 1
      vertex 39.5224 27.3332 11
    endloop
  endfacet
  facet normal 0.803219 0.595684 0
    outer loop
      vertex 39.5224 27.3332 1
      vertex 40.2239 26.3873 11
      vertex 40.2239 26.3873 1
    endloop
  endfacet
  facet normal 0.568288 0.421488 -0.706679
    outer loop
      vertex 40.2239 26.3873 1
      vertex 39.4509 25.7529 0
      vertex 38.6909 26.7776 0
    endloop
  endfacet
  facet normal 0.568291 0.421457 -0.706696
    outer loop
      vertex 39.5224 27.3332 1
      vertex 40.2239 26.3873 1
      vertex 38.6909 26.7776 0
    endloop
  endfacet
  facet normal -0.568303 -0.421488 -0.706669
    outer loop
      vertex 22.0581 11.479 0
      vertex 20.5121 10.2103 2
      vertex 18.3199 13.1661 2
    endloop
  endfacet
  facet normal -0.568301 -0.421468 -0.706681
    outer loop
      vertex 19.9828 14.2773 0
      vertex 22.0581 11.479 0
      vertex 18.3199 13.1661 2
    endloop
  endfacet
  facet normal -0.857733 -0.514096 0
    outer loop
      vertex 18.3199 13.1661 2
      vertex 16.428 16.3226 10
      vertex 16.428 16.3226 2
    endloop
  endfacet
  facet normal -0.857733 -0.514096 0
    outer loop
      vertex 16.428 16.3226 10
      vertex 18.3199 13.1661 2
      vertex 18.3199 13.1661 10
    endloop
  endfacet
  facet normal -0.606871 -0.363745 0.70668
    outer loop
      vertex 18.3199 13.1661 10
      vertex 19.9828 14.2773 12
      vertex 18.1918 17.2654 12
    endloop
  endfacet
  facet normal -0.606879 -0.363743 0.706675
    outer loop
      vertex 18.3199 13.1661 10
      vertex 18.1918 17.2654 12
      vertex 16.428 16.3226 10
    endloop
  endfacet
  facet normal 0.606823 0.363793 0.706697
    outer loop
      vertex 39.5224 27.3332 11
      vertex 38.9169 28.3432 11
      vertex 38.6909 26.7776 12
    endloop
  endfacet
  facet normal 0.606862 0.363773 0.706674
    outer loop
      vertex 38.6909 26.7776 12
      vertex 38.9169 28.3432 11
      vertex 38.035 27.8718 12
    endloop
  endfacet
  facet normal 0.85768 0.514184 0
    outer loop
      vertex 39.5224 27.3332 11
      vertex 38.9169 28.3432 1
      vertex 38.9169 28.3432 11
    endloop
  endfacet
  facet normal 0.85768 0.514184 0
    outer loop
      vertex 38.9169 28.3432 1
      vertex 39.5224 27.3332 11
      vertex 39.5224 27.3332 1
    endloop
  endfacet
  facet normal 0.606843 0.363762 -0.706696
    outer loop
      vertex 39.5224 27.3332 1
      vertex 38.6909 26.7776 0
      vertex 38.035 27.8718 0
    endloop
  endfacet
  facet normal 0.606843 0.363806 -0.706673
    outer loop
      vertex 38.9169 28.3432 1
      vertex 39.5224 27.3332 1
      vertex 38.035 27.8718 0
    endloop
  endfacet
  facet normal -0.606875 -0.36374 -0.70668
    outer loop
      vertex 19.9828 14.2773 0
      vertex 18.3199 13.1661 2
      vertex 16.428 16.3226 2
    endloop
  endfacet
  facet normal -0.606876 -0.363748 -0.706675
    outer loop
      vertex 18.1918 17.2654 0
      vertex 19.9828 14.2773 0
      vertex 16.428 16.3226 2
    endloop
  endfacet
  facet normal -0.903985 -0.427564 0
    outer loop
      vertex 16.428 16.3226 2
      vertex 14.8545 19.6494 10
      vertex 14.8545 19.6494 2
    endloop
  endfacet
  facet normal -0.903985 -0.427564 0
    outer loop
      vertex 14.8545 19.6494 10
      vertex 16.428 16.3226 2
      vertex 16.428 16.3226 10
    endloop
  endfacet
  facet normal -0.639608 -0.302511 0.706674
    outer loop
      vertex 18.1918 17.2654 12
      vertex 16.7023 20.4147 12
      vertex 16.428 16.3226 10
    endloop
  endfacet
  facet normal -0.639598 -0.302515 0.706682
    outer loop
      vertex 16.428 16.3226 10
      vertex 16.7023 20.4147 12
      vertex 14.8545 19.6494 10
    endloop
  endfacet
  facet normal 0.639612 0.302503 0.706674
    outer loop
      vertex 38.9169 28.3432 11
      vertex 38.4134 29.4078 11
      vertex 38.035 27.8718 12
    endloop
  endfacet
  facet normal 0.639637 0.302487 0.706658
    outer loop
      vertex 38.035 27.8718 12
      vertex 38.4134 29.4078 11
      vertex 37.4896 29.0251 12
    endloop
  endfacet
  facet normal 0.903995 0.427542 0
    outer loop
      vertex 38.9169 28.3432 11
      vertex 38.4134 29.4078 1
      vertex 38.4134 29.4078 11
    endloop
  endfacet
  facet normal 0.903995 0.427542 0
    outer loop
      vertex 38.4134 29.4078 1
      vertex 38.9169 28.3432 11
      vertex 38.9169 28.3432 1
    endloop
  endfacet
  facet normal 0.639624 0.30248 -0.706673
    outer loop
      vertex 38.9169 28.3432 1
      vertex 38.035 27.8718 0
      vertex 37.4896 29.0251 0
    endloop
  endfacet
  facet normal 0.639627 0.30251 -0.706658
    outer loop
      vertex 38.4134 29.4078 1
      vertex 38.9169 28.3432 1
      vertex 37.4896 29.0251 0
    endloop
  endfacet
  facet normal -0.639605 -0.302518 -0.706674
    outer loop
      vertex 18.1918 17.2654 0
      vertex 16.428 16.3226 2
      vertex 14.8545 19.6494 2
    endloop
  endfacet
  facet normal -0.639601 -0.302507 -0.706682
    outer loop
      vertex 16.7023 20.4147 0
      vertex 18.1918 17.2654 0
      vertex 14.8545 19.6494 2
    endloop
  endfacet
  facet normal -0.941541 -0.336899 0
    outer loop
      vertex 14.8545 19.6494 2
      vertex 13.6147 23.1143 10
      vertex 13.6147 23.1143 2
    endloop
  endfacet
  facet normal -0.941541 -0.336899 0
    outer loop
      vertex 13.6147 23.1143 10
      vertex 14.8545 19.6494 2
      vertex 14.8545 19.6494 10
    endloop
  endfacet
  facet normal -0.666169 -0.238364 0.706683
    outer loop
      vertex 16.7023 20.4147 12
      vertex 15.5286 23.6949 12
      vertex 14.8545 19.6494 10
    endloop
  endfacet
  facet normal -0.666166 -0.238366 0.706685
    outer loop
      vertex 14.8545 19.6494 10
      vertex 15.5286 23.6949 12
      vertex 13.6147 23.1143 10
    endloop
  endfacet
  facet normal 0.666203 0.23835 0.706655
    outer loop
      vertex 38.4134 29.4078 11
      vertex 38.0167 30.5166 11
      vertex 37.4896 29.0251 12
    endloop
  endfacet
  facet normal 0.666184 0.238366 0.706669
    outer loop
      vertex 37.4896 29.0251 12
      vertex 38.0167 30.5166 11
      vertex 37.0598 30.2263 12
    endloop
  endfacet
  facet normal 0.941553 0.336864 0
    outer loop
      vertex 38.4134 29.4078 11
      vertex 38.0167 30.5166 1
      vertex 38.0167 30.5166 11
    endloop
  endfacet
  facet normal 0.941553 0.336864 0
    outer loop
      vertex 38.0167 30.5166 1
      vertex 38.4134 29.4078 11
      vertex 38.4134 29.4078 1
    endloop
  endfacet
  facet normal 0.666196 0.238371 -0.706656
    outer loop
      vertex 38.4134 29.4078 1
      vertex 37.4896 29.0251 0
      vertex 37.0598 30.2263 0
    endloop
  endfacet
  facet normal 0.66619 0.238346 -0.706669
    outer loop
      vertex 38.0167 30.5166 1
      vertex 38.4134 29.4078 1
      vertex 37.0598 30.2263 0
    endloop
  endfacet
  facet normal -0.666168 -0.238366 -0.706684
    outer loop
      vertex 16.7023 20.4147 0
      vertex 14.8545 19.6494 2
      vertex 13.6147 23.1143 2
    endloop
  endfacet
  facet normal -0.666167 -0.238364 -0.706685
    outer loop
      vertex 15.5286 23.6949 0
      vertex 16.7023 20.4147 0
      vertex 13.6147 23.1143 2
    endloop
  endfacet
  facet normal -0.970037 -0.242958 0
    outer loop
      vertex 13.6147 23.1143 2
      vertex 12.7206 26.6841 10
      vertex 12.7206 26.6841 2
    endloop
  endfacet
  facet normal -0.970037 -0.242958 0
    outer loop
      vertex 12.7206 26.6841 10
      vertex 13.6147 23.1143 2
      vertex 13.6147 23.1143 10
    endloop
  endfacet
  facet normal -0.686324 -0.171916 0.706685
    outer loop
      vertex 15.5286 23.6949 12
      vertex 14.6821 27.0743 12
      vertex 13.6147 23.1143 10
    endloop
  endfacet
  facet normal -0.686343 -0.171903 0.70667
    outer loop
      vertex 13.6147 23.1143 10
      vertex 14.6821 27.0743 12
      vertex 12.7206 26.6841 10
    endloop
  endfacet
  facet normal 0.686346 0.171902 0.706668
    outer loop
      vertex 38.0167 30.5166 11
      vertex 37.7306 31.6589 11
      vertex 37.0598 30.2263 12
    endloop
  endfacet
  facet normal 0.686321 0.171927 0.706686
    outer loop
      vertex 37.0598 30.2263 12
      vertex 37.7306 31.6589 11
      vertex 36.7498 31.4638 12
    endloop
  endfacet
  facet normal 0.970038 0.242955 0
    outer loop
      vertex 38.0167 30.5166 11
      vertex 37.7306 31.6589 1
      vertex 37.7306 31.6589 11
    endloop
  endfacet
  facet normal 0.970038 0.242955 0
    outer loop
      vertex 37.7306 31.6589 1
      vertex 38.0167 30.5166 11
      vertex 38.0167 30.5166 1
    endloop
  endfacet
  facet normal 0.686338 0.171931 -0.706668
    outer loop
      vertex 38.0167 30.5166 1
      vertex 37.0598 30.2263 0
      vertex 36.7498 31.4638 0
    endloop
  endfacet
  facet normal 0.686327 0.171897 -0.706687
    outer loop
      vertex 37.7306 31.6589 1
      vertex 38.0167 30.5166 1
      vertex 36.7498 31.4638 0
    endloop
  endfacet
  facet normal -0.686329 -0.171899 -0.706685
    outer loop
      vertex 15.5286 23.6949 0
      vertex 13.6147 23.1143 2
      vertex 12.7206 26.6841 2
    endloop
  endfacet
  facet normal -0.68634 -0.17192 -0.706669
    outer loop
      vertex 14.6821 27.0743 0
      vertex 15.5286 23.6949 0
      vertex 12.7206 26.6841 2
    endloop
  endfacet
  facet normal -0.989176 -0.146734 0
    outer loop
      vertex 12.7206 26.6841 2
      vertex 12.1806 30.3244 10
      vertex 12.1806 30.3244 2
    endloop
  endfacet
  facet normal -0.989176 -0.146734 0
    outer loop
      vertex 12.1806 30.3244 10
      vertex 12.7206 26.6841 2
      vertex 12.7206 26.6841 10
    endloop
  endfacet
  facet normal -0.699886 -0.103822 0.706669
    outer loop
      vertex 14.6821 27.0743 12
      vertex 14.1709 30.5204 12
      vertex 12.7206 26.6841 10
    endloop
  endfacet
  facet normal -0.699887 -0.103821 0.706667
    outer loop
      vertex 12.7206 26.6841 10
      vertex 14.1709 30.5204 12
      vertex 12.1806 30.3244 10
    endloop
  endfacet
  facet normal 0.699869 0.103818 0.706686
    outer loop
      vertex 37.7306 31.6589 11
      vertex 37.5578 32.8238 11
      vertex 36.7498 31.4638 12
    endloop
  endfacet
  facet normal 0.69987 0.103816 0.706685
    outer loop
      vertex 36.7498 31.4638 12
      vertex 37.5578 32.8238 11
      vertex 36.5626 32.7258 12
    endloop
  endfacet
  facet normal 0.989176 0.146733 0
    outer loop
      vertex 37.7306 31.6589 11
      vertex 37.5578 32.8238 1
      vertex 37.5578 32.8238 11
    endloop
  endfacet
  facet normal 0.989176 0.146733 0
    outer loop
      vertex 37.5578 32.8238 1
      vertex 37.7306 31.6589 11
      vertex 37.7306 31.6589 1
    endloop
  endfacet
  facet normal 0.699869 0.103816 -0.706686
    outer loop
      vertex 37.7306 31.6589 1
      vertex 36.7498 31.4638 0
      vertex 36.5626 32.7258 0
    endloop
  endfacet
  facet normal 0.69987 0.103818 -0.706685
    outer loop
      vertex 37.5578 32.8238 1
      vertex 37.7306 31.6589 1
      vertex 36.5626 32.7258 0
    endloop
  endfacet
  facet normal -0.699886 -0.103821 -0.706669
    outer loop
      vertex 14.6821 27.0743 0
      vertex 12.7206 26.6841 2
      vertex 12.1806 30.3244 2
    endloop
  endfacet
  facet normal -0.699887 -0.103822 -0.706667
    outer loop
      vertex 14.1709 30.5204 0
      vertex 14.6821 27.0743 0
      vertex 12.1806 30.3244 2
    endloop
  endfacet
  facet normal -0.998795 -0.0490756 0
    outer loop
      vertex 12.1806 30.3244 2
      vertex 12 34 10
      vertex 12 34 2
    endloop
  endfacet
  facet normal -0.998795 -0.0490756 0
    outer loop
      vertex 12 34 10
      vertex 12.1806 30.3244 2
      vertex 12.1806 30.3244 10
    endloop
  endfacet
  facet normal -0.706694 -0.0347091 0.706668
    outer loop
      vertex 14.1709 30.5204 12
      vertex 14 34 12
      vertex 12.1806 30.3244 10
    endloop
  endfacet
  facet normal -0.70668 -0.0347226 0.70668
    outer loop
      vertex 12.1806 30.3244 10
      vertex 14 34 12
      vertex 12 34 10
    endloop
  endfacet
  facet normal 0 0 1
    outer loop
      vertex 62.5 34 12
      vertex 85 34 12
      vertex 84.8291 37.4796 12
    endloop
  endfacet
  facet normal 0 0 1
    outer loop
      vertex 62.4374 35.2742 12
      vertex 84.8291 37.4796 12
      vertex 84.3179 40.9257 12
    endloop
  endfacet
  facet normal 0 0 1
    outer loop
      vertex 85 34 12
      vertex 62.5 34 12
      vertex 84.8291 30.5204 12
    endloop
  endfacet
  facet normal 0 0 1
    outer loop
      vertex 62.2502 36.5362 12
      vertex 84.3179 40.9257 12
      vertex 83.4714 44.3051 12
    endloop
  endfacet
  facet normal -0 0 1
    outer loop
      vertex 62.4374 32.7258 12
      vertex 84.8291 30.5204 12
      vertex 62.5 34 12
    endloop
  endfacet
  facet normal 0 0 1
    outer loop
      vertex 61.9402 37.7737 12
      vertex 83.4714 44.3051 12
      vertex 82.2977 47.5853 12
    endloop
  endfacet
  facet normal 0 0 1
    outer loop
      vertex 84.8291 30.5204 12
      vertex 62.4374 32.7258 12
      vertex 84.3179 27.0743 12
    endloop
  endfacet
  facet normal 0 0 1
    outer loop
      vertex 61.5104 38.9749 12
      vertex 82.2977 47.5853 12
      vertex 80.8082 50.7346 12
    endloop
  endfacet
  facet normal -0 0 1
    outer loop
      vertex 62.2502 31.4638 12
      vertex 84.3179 27.0743 12
      vertex 62.4374 32.7258 12
    endloop
  endfacet
  facet normal 0 0 1
    outer loop
      vertex 60.965 40.1282 12
      vertex 80.8082 50.7346 12
      vertex 79.0172 53.7227 12
    endloop
  endfacet
  facet normal 0 0 1
    outer loop
      vertex 84.3179 27.0743 12
      vertex 62.2502 31.4638 12
      vertex 83.4714 23.6949 12
    endloop
  endfacet
  facet normal 0 0 1
    outer loop
      vertex 60.3091 41.2224 12
      vertex 79.0172 53.7227 12
      vertex 76.9419 56.521 12
    endloop
  endfacet
  facet normal -0 0 1
    outer loop
      vertex 61.9402 30.2263 12
      vertex 83.4714 23.6949 12
      vertex 62.2502 31.4638 12
    endloop
  endfacet
  facet normal 0 0 1
    outer loop
      vertex 59.5491 42.2471 12
      vertex 76.9419 56.521 12
      vertex 74.6023 59.1023 12
    endloop
  endfacet
  facet normal 0 0 1
    outer loop
      vertex 83.4714 23.6949 12
      vertex 61.9402 30.2263 12
      vertex 82.2977 20.4147 12
    endloop
  endfacet
  facet normal 0 0 1
    outer loop
      vertex 58.6924 43.1924 12
      vertex 74.6023 59.1023 12
      vertex 72.021 61.4419 12
    endloop
  endfacet
  facet normal -0 0 1
    outer loop
      vertex 61.5104 29.0251 12
      vertex 82.2977 20.4147 12
      vertex 61.9402 30.2263 12
    endloop
  endfacet
  facet normal 0 0 1
    outer loop
      vertex 57.7471 44.0491 12
      vertex 72.021 61.4419 12
      vertex 69.2227 63.5172 12
    endloop
  endfacet
  facet normal 0 0 1
    outer loop
      vertex 82.2977 20.4147 12
      vertex 61.5104 29.0251 12
      vertex 80.8082 17.2654 12
    endloop
  endfacet
  facet normal 0 0 1
    outer loop
      vertex 56.7224 44.8091 12
      vertex 69.2227 63.5172 12
      vertex 66.2346 65.3082 12
    endloop
  endfacet
  facet normal -0 0 1
    outer loop
      vertex 60.965 27.8718 12
      vertex 80.8082 17.2654 12
      vertex 61.5104 29.0251 12
    endloop
  endfacet
  facet normal 0 0 1
    outer loop
      vertex 55.6282 45.465 12
      vertex 66.2346 65.3082 12
      vertex 63.0853 66.7977 12
    endloop
  endfacet
  facet normal 0 0 1
    outer loop
      vertex 80.8082 17.2654 12
      vertex 60.965 27.8718 12
      vertex 79.0172 14.2773 12
    endloop
  endfacet
  facet normal -0 0 1
    outer loop
      vertex 60.3091 26.7776 12
      vertex 79.0172 14.2773 12
      vertex 60.965 27.8718 12
    endloop
  endfacet
  facet normal 0 0 1
    outer loop
      vertex 84.8291 37.4796 12
      vertex 62.4374 35.2742 12
      vertex 62.5 34 12
    endloop
  endfacet
  facet normal 0 0 1
    outer loop
      vertex 84.3179 40.9257 12
      vertex 62.2502 36.5362 12
      vertex 62.4374 35.2742 12
    endloop
  endfacet
  facet normal 0 0 1
    outer loop
      vertex 83.4714 44.3051 12
      vertex 61.9402 37.7737 12
      vertex 62.2502 36.5362 12
    endloop
  endfacet
  facet normal 0 0 1
    outer loop
      vertex 82.2977 47.5853 12
      vertex 61.5104 38.9749 12
      vertex 61.9402 37.7737 12
    endloop
  endfacet
  facet normal 0 0 1
    outer loop
      vertex 80.8082 50.7346 12
      vertex 60.965 40.1282 12
      vertex 61.5104 38.9749 12
    endloop
  endfacet
  facet normal 0 0 1
    outer loop
      vertex 79.0172 53.7227 12
      vertex 60.3091 41.2224 12
      vertex 60.965 40.1282 12
    endloop
  endfacet
  facet normal 0 0 1
    outer loop
      vertex 54.4749 46.0104 12
      vertex 63.0853 66.7977 12
      vertex 59.8051 67.9714 12
    endloop
  endfacet
  facet normal 0 0 1
    outer loop
      vertex 76.9419 56.521 12
      vertex 59.5491 42.2471 12
      vertex 60.3091 41.2224 12
    endloop
  endfacet
  facet normal 0 0 1
    outer loop
      vertex 74.6023 59.1023 12
      vertex 58.6924 43.1924 12
      vertex 59.5491 42.2471 12
    endloop
  endfacet
  facet normal 0 0 1
    outer loop
      vertex 72.021 61.4419 12
      vertex 57.7471 44.0491 12
      vertex 58.6924 43.1924 12
    endloop
  endfacet
  facet normal 0 0 1
    outer loop
      vertex 69.2227 63.5172 12
      vertex 56.7224 44.8091 12
      vertex 57.7471 44.0491 12
    endloop
  endfacet
  facet normal 0 0 1
    outer loop
      vertex 53.2737 46.4402 12
      vertex 59.8051 67.9714 12
      vertex 56.4257 68.8179 12
    endloop
  endfacet
  facet normal 0 0 1
    outer loop
      vertex 66.2346 65.3082 12
      vertex 55.6282 45.465 12
      vertex 56.7224 44.8091 12
    endloop
  endfacet
  facet normal 0 0 1
    outer loop
      vertex 63.0853 66.7977 12
      vertex 54.4749 46.0104 12
      vertex 55.6282 45.465 12
    endloop
  endfacet
  facet normal 0 0 1
    outer loop
      vertex 59.8051 67.9714 12
      vertex 53.2737 46.4402 12
      vertex 54.4749 46.0104 12
    endloop
  endfacet
  facet normal 0 0 1
    outer loop
      vertex 52.0362 46.7502 12
      vertex 56.4257 68.8179 12
      vertex 52.9796 69.3291 12
    endloop
  endfacet
  facet normal 0 0 1
    outer loop
      vertex 56.4257 68.8179 12
      vertex 52.0362 46.7502 12
      vertex 53.2737 46.4402 12
    endloop
  endfacet
  facet normal 0 0 1
    outer loop
      vertex 52.9796 69.3291 12
      vertex 50.7742 46.9374 12
      vertex 52.0362 46.7502 12
    endloop
  endfacet
  facet normal 0 0 1
    outer loop
      vertex 49.5 69.5 12
      vertex 50.7742 46.9374 12
      vertex 52.9796 69.3291 12
    endloop
  endfacet
  facet normal 0 0 1
    outer loop
      vertex 49.5 69.5 12
      vertex 49.5 47 12
      vertex 50.7742 46.9374 12
    endloop
  endfacet
  facet normal 0 0 1
    outer loop
      vertex 49.5 69.5 12
      vertex 48.2258 46.9374 12
      vertex 49.5 47 12
    endloop
  endfacet
  facet normal -0 0 1
    outer loop
      vertex 46.0204 69.3291 12
      vertex 48.2258 46.9374 12
      vertex 49.5 69.5 12
    endloop
  endfacet
  facet normal 0 0 1
    outer loop
      vertex 48.2258 46.9374 12
      vertex 46.0204 69.3291 12
      vertex 46.9638 46.7502 12
    endloop
  endfacet
  facet normal -0 0 1
    outer loop
      vertex 42.5743 68.8179 12
      vertex 46.9638 46.7502 12
      vertex 46.0204 69.3291 12
    endloop
  endfacet
  facet normal 0 0 1
    outer loop
      vertex 46.9638 46.7502 12
      vertex 42.5743 68.8179 12
      vertex 45.7263 46.4402 12
    endloop
  endfacet
  facet normal -0 0 1
    outer loop
      vertex 39.1949 67.9714 12
      vertex 45.7263 46.4402 12
      vertex 42.5743 68.8179 12
    endloop
  endfacet
  facet normal 0 0 1
    outer loop
      vertex 45.7263 46.4402 12
      vertex 39.1949 67.9714 12
      vertex 44.5251 46.0104 12
    endloop
  endfacet
  facet normal -0 0 1
    outer loop
      vertex 35.9147 66.7977 12
      vertex 44.5251 46.0104 12
      vertex 39.1949 67.9714 12
    endloop
  endfacet
  facet normal 0 0 1
    outer loop
      vertex 44.5251 46.0104 12
      vertex 35.9147 66.7977 12
      vertex 43.3718 45.465 12
    endloop
  endfacet
  facet normal -0 0 1
    outer loop
      vertex 32.7654 65.3082 12
      vertex 43.3718 45.465 12
      vertex 35.9147 66.7977 12
    endloop
  endfacet
  facet normal 0 0 1
    outer loop
      vertex 43.3718 45.465 12
      vertex 32.7654 65.3082 12
      vertex 42.2776 44.8091 12
    endloop
  endfacet
  facet normal -0 0 1
    outer loop
      vertex 29.7773 63.5172 12
      vertex 42.2776 44.8091 12
      vertex 32.7654 65.3082 12
    endloop
  endfacet
  facet normal 0 0 1
    outer loop
      vertex 42.2776 44.8091 12
      vertex 29.7773 63.5172 12
      vertex 41.2529 44.0491 12
    endloop
  endfacet
  facet normal -0 0 1
    outer loop
      vertex 26.979 61.4419 12
      vertex 41.2529 44.0491 12
      vertex 29.7773 63.5172 12
    endloop
  endfacet
  facet normal 0 0 1
    outer loop
      vertex 41.2529 44.0491 12
      vertex 26.979 61.4419 12
      vertex 40.3076 43.1924 12
    endloop
  endfacet
  facet normal -0 0 1
    outer loop
      vertex 24.3977 59.1023 12
      vertex 40.3076 43.1924 12
      vertex 26.979 61.4419 12
    endloop
  endfacet
  facet normal 0 0 1
    outer loop
      vertex 40.3076 43.1924 12
      vertex 24.3977 59.1023 12
      vertex 39.4509 42.2471 12
    endloop
  endfacet
  facet normal -0 0 1
    outer loop
      vertex 22.0581 56.521 12
      vertex 39.4509 42.2471 12
      vertex 24.3977 59.1023 12
    endloop
  endfacet
  facet normal -0 0 1
    outer loop
      vertex 19.9828 53.7227 12
      vertex 38.6909 41.2224 12
      vertex 22.0581 56.521 12
    endloop
  endfacet
  facet normal 0 0 1
    outer loop
      vertex 39.4509 42.2471 12
      vertex 22.0581 56.521 12
      vertex 38.6909 41.2224 12
    endloop
  endfacet
  facet normal 0 0 1
    outer loop
      vertex 79.0172 14.2773 12
      vertex 60.3091 26.7776 12
      vertex 76.9419 11.479 12
    endloop
  endfacet
  facet normal -0 0 1
    outer loop
      vertex 59.5491 25.7529 12
      vertex 76.9419 11.479 12
      vertex 60.3091 26.7776 12
    endloop
  endfacet
  facet normal 0 0 1
    outer loop
      vertex 76.9419 11.479 12
      vertex 59.5491 25.7529 12
      vertex 74.6023 8.89771 12
    endloop
  endfacet
  facet normal -0 0 1
    outer loop
      vertex 58.6924 24.8076 12
      vertex 74.6023 8.89771 12
      vertex 59.5491 25.7529 12
    endloop
  endfacet
  facet normal 0 0 1
    outer loop
      vertex 74.6023 8.89771 12
      vertex 58.6924 24.8076 12
      vertex 72.021 6.55813 12
    endloop
  endfacet
  facet normal -0 0 1
    outer loop
      vertex 57.7471 23.9509 12
      vertex 72.021 6.55813 12
      vertex 58.6924 24.8076 12
    endloop
  endfacet
  facet normal 0 0 1
    outer loop
      vertex 72.021 6.55813 12
      vertex 57.7471 23.9509 12
      vertex 69.2227 4.48283 12
    endloop
  endfacet
  facet normal -0 0 1
    outer loop
      vertex 56.7224 23.1909 12
      vertex 69.2227 4.48283 12
      vertex 57.7471 23.9509 12
    endloop
  endfacet
  facet normal 0 0 1
    outer loop
      vertex 69.2227 4.48283 12
      vertex 56.7224 23.1909 12
      vertex 66.2346 2.69179 12
    endloop
  endfacet
  facet normal -0 0 1
    outer loop
      vertex 55.6282 22.535 12
      vertex 66.2346 2.69179 12
      vertex 56.7224 23.1909 12
    endloop
  endfacet
  facet normal 0 0 1
    outer loop
      vertex 66.2346 2.69179 12
      vertex 55.6282 22.535 12
      vertex 63.0853 1.20228 12
    endloop
  endfacet
  facet normal -0 0 1
    outer loop
      vertex 54.4749 21.9896 12
      vertex 63.0853 1.20228 12
      vertex 55.6282 22.535 12
    endloop
  endfacet
  facet normal 0 0 1
    outer loop
      vertex 63.0853 1.20228 12
      vertex 54.4749 21.9896 12
      vertex 59.8051 0.0286179 12
    endloop
  endfacet
  facet normal -0 0 1
    outer loop
      vertex 53.2737 21.5598 12
      vertex 59.8051 0.0286179 12
      vertex 54.4749 21.9896 12
    endloop
  endfacet
  facet normal 0 0 1
    outer loop
      vertex 59.8051 0.0286179 12
      vertex 53.2737 21.5598 12
      vertex 56.4257 -0.817877 12
    endloop
  endfacet
  facet normal -0 0 1
    outer loop
      vertex 52.0362 21.2498 12
      vertex 56.4257 -0.817877 12
      vertex 53.2737 21.5598 12
    endloop
  endfacet
  facet normal 0 0 1
    outer loop
      vertex 56.4257 -0.817877 12
      vertex 52.0362 21.2498 12
      vertex 52.9796 -1.32906 12
    endloop
  endfacet
  facet normal -0 0 1
    outer loop
      vertex 50.7742 21.0626 12
      vertex 52.9796 -1.32906 12
      vertex 52.0362 21.2498 12
    endloop
  endfacet
  facet normal -0 0 1
    outer loop
      vertex 49.5 21 12
      vertex 52.9796 -1.32906 12
      vertex 50.7742 21.0626 12
    endloop
  endfacet
  facet normal 0 0 1
    outer loop
      vertex 49.5 21 12
      vertex 49.5 -1.5 12
      vertex 52.9796 -1.32906 12
    endloop
  endfacet
  facet normal 0 0 1
    outer loop
      vertex 48.2258 21.0626 12
      vertex 49.5 -1.5 12
      vertex 49.5 21 12
    endloop
  endfacet
  facet normal 0 0 1
    outer loop
      vertex 46.0204 -1.32906 12
      vertex 48.2258 21.0626 12
      vertex 46.9638 21.2498 12
    endloop
  endfacet
  facet normal 0 0 1
    outer loop
      vertex 48.2258 21.0626 12
      vertex 46.0204 -1.32906 12
      vertex 49.5 -1.5 12
    endloop
  endfacet
  facet normal 0 0 1
    outer loop
      vertex 42.5743 -0.817877 12
      vertex 46.9638 21.2498 12
      vertex 45.7263 21.5598 12
    endloop
  endfacet
  facet normal 0 0 1
    outer loop
      vertex 39.1949 0.0286179 12
      vertex 45.7263 21.5598 12
      vertex 44.5251 21.9896 12
    endloop
  endfacet
  facet normal 0 0 1
    outer loop
      vertex 35.9147 1.20228 12
      vertex 44.5251 21.9896 12
      vertex 43.3718 22.535 12
    endloop
  endfacet
  facet normal 0 0 1
    outer loop
      vertex 46.9638 21.2498 12
      vertex 42.5743 -0.817877 12
      vertex 46.0204 -1.32906 12
    endloop
  endfacet
  facet normal 0 0 1
    outer loop
      vertex 32.7654 2.69179 12
      vertex 43.3718 22.535 12
      vertex 42.2776 23.1909 12
    endloop
  endfacet
  facet normal 0 0 1
    outer loop
      vertex 29.7773 4.48283 12
      vertex 42.2776 23.1909 12
      vertex 41.2529 23.9509 12
    endloop
  endfacet
  facet normal 0 0 1
    outer loop
      vertex 26.979 6.55813 12
      vertex 41.2529 23.9509 12
      vertex 40.3076 24.8076 12
    endloop
  endfacet
  facet normal 0 0 1
    outer loop
      vertex 24.3977 8.89771 12
      vertex 40.3076 24.8076 12
      vertex 39.4509 25.7529 12
    endloop
  endfacet
  facet normal 0 0 1
    outer loop
      vertex 45.7263 21.5598 12
      vertex 39.1949 0.0286179 12
      vertex 42.5743 -0.817877 12
    endloop
  endfacet
  facet normal 0 0 1
    outer loop
      vertex 22.0581 11.479 12
      vertex 39.4509 25.7529 12
      vertex 38.6909 26.7776 12
    endloop
  endfacet
  facet normal 0 0 1
    outer loop
      vertex 19.9828 14.2773 12
      vertex 38.6909 26.7776 12
      vertex 38.035 27.8718 12
    endloop
  endfacet
  facet normal 0 0 1
    outer loop
      vertex 18.1918 17.2654 12
      vertex 38.035 27.8718 12
      vertex 37.4896 29.0251 12
    endloop
  endfacet
  facet normal 0 0 1
    outer loop
      vertex 16.7023 20.4147 12
      vertex 37.4896 29.0251 12
      vertex 37.0598 30.2263 12
    endloop
  endfacet
  facet normal 0 0 1
    outer loop
      vertex 15.5286 23.6949 12
      vertex 37.0598 30.2263 12
      vertex 36.7498 31.4638 12
    endloop
  endfacet
  facet normal 0 0 1
    outer loop
      vertex 14.6821 27.0743 12
      vertex 36.7498 31.4638 12
      vertex 36.5626 32.7258 12
    endloop
  endfacet
  facet normal 0 0 1
    outer loop
      vertex 44.5251 21.9896 12
      vertex 35.9147 1.20228 12
      vertex 39.1949 0.0286179 12
    endloop
  endfacet
  facet normal 0 0 1
    outer loop
      vertex 14.1709 30.5204 12
      vertex 36.5626 32.7258 12
      vertex 36.5 34 12
    endloop
  endfacet
  facet normal 0 0 1
    outer loop
      vertex 38.6909 41.2224 12
      vertex 19.9828 53.7227 12
      vertex 38.035 40.1282 12
    endloop
  endfacet
  facet normal -0 0 1
    outer loop
      vertex 18.1918 50.7346 12
      vertex 38.035 40.1282 12
      vertex 19.9828 53.7227 12
    endloop
  endfacet
  facet normal 0 0 1
    outer loop
      vertex 43.3718 22.535 12
      vertex 32.7654 2.69179 12
      vertex 35.9147 1.20228 12
    endloop
  endfacet
  facet normal 0 0 1
    outer loop
      vertex 38.035 40.1282 12
      vertex 18.1918 50.7346 12
      vertex 37.4896 38.9749 12
    endloop
  endfacet
  facet normal 0 0 1
    outer loop
      vertex 42.2776 23.1909 12
      vertex 29.7773 4.48283 12
      vertex 32.7654 2.69179 12
    endloop
  endfacet
  facet normal -0 0 1
    outer loop
      vertex 16.7023 47.5853 12
      vertex 37.4896 38.9749 12
      vertex 18.1918 50.7346 12
    endloop
  endfacet
  facet normal 0 0 1
    outer loop
      vertex 41.2529 23.9509 12
      vertex 26.979 6.55813 12
      vertex 29.7773 4.48283 12
    endloop
  endfacet
  facet normal 0 0 1
    outer loop
      vertex 37.4896 38.9749 12
      vertex 16.7023 47.5853 12
      vertex 37.0598 37.7737 12
    endloop
  endfacet
  facet normal 0 0 1
    outer loop
      vertex 40.3076 24.8076 12
      vertex 24.3977 8.89771 12
      vertex 26.979 6.55813 12
    endloop
  endfacet
  facet normal -0 0 1
    outer loop
      vertex 15.5286 44.3051 12
      vertex 37.0598 37.7737 12
      vertex 16.7023 47.5853 12
    endloop
  endfacet
  facet normal 0 0 1
    outer loop
      vertex 39.4509 25.7529 12
      vertex 22.0581 11.479 12
      vertex 24.3977 8.89771 12
    endloop
  endfacet
  facet normal 0 0 1
    outer loop
      vertex 37.0598 37.7737 12
      vertex 15.5286 44.3051 12
      vertex 36.7498 36.5362 12
    endloop
  endfacet
  facet normal 0 0 1
    outer loop
      vertex 38.6909 26.7776 12
      vertex 19.9828 14.2773 12
      vertex 22.0581 11.479 12
    endloop
  endfacet
  facet normal -0 0 1
    outer loop
      vertex 14.6821 40.9257 12
      vertex 36.7498 36.5362 12
      vertex 15.5286 44.3051 12
    endloop
  endfacet
  facet normal 0 0 1
    outer loop
      vertex 38.035 27.8718 12
      vertex 18.1918 17.2654 12
      vertex 19.9828 14.2773 12
    endloop
  endfacet
  facet normal 0 0 1
    outer loop
      vertex 36.7498 36.5362 12
      vertex 14.6821 40.9257 12
      vertex 36.5626 35.2742 12
    endloop
  endfacet
  facet normal 0 0 1
    outer loop
      vertex 37.4896 29.0251 12
      vertex 16.7023 20.4147 12
      vertex 18.1918 17.2654 12
    endloop
  endfacet
  facet normal -0 0 1
    outer loop
      vertex 14.1709 37.4796 12
      vertex 36.5626 35.2742 12
      vertex 14.6821 40.9257 12
    endloop
  endfacet
  facet normal 0 0 1
    outer loop
      vertex 37.0598 30.2263 12
      vertex 15.5286 23.6949 12
      vertex 16.7023 20.4147 12
    endloop
  endfacet
  facet normal 0 0 1
    outer loop
      vertex 36.5626 35.2742 12
      vertex 14.1709 37.4796 12
      vertex 36.5 34 12
    endloop
  endfacet
  facet normal 0 0 1
    outer loop
      vertex 36.7498 31.4638 12
      vertex 14.6821 27.0743 12
      vertex 15.5286 23.6949 12
    endloop
  endfacet
  facet normal 0 0 1
    outer loop
      vertex 14 34 12
      vertex 36.5 34 12
      vertex 14.1709 37.4796 12
    endloop
  endfacet
  facet normal 0 0 1
    outer loop
      vertex 36.5626 32.7258 12
      vertex 14.1709 30.5204 12
      vertex 14.6821 27.0743 12
    endloop
  endfacet
  facet normal 0 0 1
    outer loop
      vertex 36.5 34 12
      vertex 14 34 12
      vertex 14.1709 30.5204 12
    endloop
  endfacet
  facet normal 0.706675 0.0347269 0.706686
    outer loop
      vertex 37.5578 32.8238 11
      vertex 37.5 34 11
      vertex 36.5626 32.7258 12
    endloop
  endfacet
  facet normal 0.70668 0.0347184 0.70668
    outer loop
      vertex 36.5626 32.7258 12
      vertex 37.5 34 11
      vertex 36.5 34 12
    endloop
  endfacet
  facet normal 0.998795 0.0490821 0
    outer loop
      vertex 37.5578 32.8238 11
      vertex 37.5 34 1
      vertex 37.5 34 11
    endloop
  endfacet
  facet normal 0.998795 0.0490821 0
    outer loop
      vertex 37.5 34 1
      vertex 37.5578 32.8238 11
      vertex 37.5578 32.8238 1
    endloop
  endfacet
  facet normal 0.706675 0.0347182 -0.706686
    outer loop
      vertex 37.5578 32.8238 1
      vertex 36.5626 32.7258 0
      vertex 36.5 34 0
    endloop
  endfacet
  facet normal 0.70668 0.0347272 -0.70668
    outer loop
      vertex 37.5 34 1
      vertex 37.5578 32.8238 1
      vertex 36.5 34 0
    endloop
  endfacet
  facet normal -0.706693 -0.0347232 -0.706668
    outer loop
      vertex 14.1709 30.5204 0
      vertex 12.1806 30.3244 2
      vertex 12 34 2
    endloop
  endfacet
  facet normal -0.706681 -0.0347085 -0.706681
    outer loop
      vertex 14 34 0
      vertex 14.1709 30.5204 0
      vertex 12 34 2
    endloop
  endfacet
  facet normal -0.998795 0.0490821 0
    outer loop
      vertex -62 -49 2
      vertex -61.8555 -46.0595 10
      vertex -61.8555 -46.0595 2
    endloop
  endfacet
  facet normal -0.998795 0.0490821 0
    outer loop
      vertex -61.8555 -46.0595 10
      vertex -62 -49 2
      vertex -62 -49 10
    endloop
  endfacet
  facet normal -0.706681 0.0347096 0.706681
    outer loop
      vertex -60 -49 12
      vertex -59.8652 -46.2555 12
      vertex -62 -49 10
    endloop
  endfacet
  facet normal -0.706692 0.0347278 0.706668
    outer loop
      vertex -59.8652 -46.2555 12
      vertex -61.8555 -46.0595 10
      vertex -62 -49 10
    endloop
  endfacet
  facet normal 0.70668 -0.0347272 0.70668
    outer loop
      vertex -44 -49 11
      vertex -43.9422 -47.8238 11
      vertex -45 -49 12
    endloop
  endfacet
  facet normal 0.706675 -0.0347182 0.706686
    outer loop
      vertex -43.9422 -47.8238 11
      vertex -44.9374 -47.7258 12
      vertex -45 -49 12
    endloop
  endfacet
  facet normal 0.998795 -0.0490821 0
    outer loop
      vertex -44 -49 11
      vertex -43.9422 -47.8238 1
      vertex -43.9422 -47.8238 11
    endloop
  endfacet
  facet normal 0.998795 -0.0490821 0
    outer loop
      vertex -43.9422 -47.8238 1
      vertex -44 -49 11
      vertex -44 -49 1
    endloop
  endfacet
  facet normal 0.70668 -0.0347184 -0.70668
    outer loop
      vertex -44.9374 -47.7258 0
      vertex -44 -49 1
      vertex -45 -49 0
    endloop
  endfacet
  facet normal 0.706675 -0.0347269 -0.706686
    outer loop
      vertex -43.9422 -47.8238 1
      vertex -44 -49 1
      vertex -44.9374 -47.7258 0
    endloop
  endfacet
  facet normal 0 0 -1
    outer loop
      vertex -19 -49 0
      vertex -4 -49 0
      vertex -4.13483 -51.7445 0
    endloop
  endfacet
  facet normal 0 0 -1
    outer loop
      vertex -19.0626 -50.2742 0
      vertex -4.13483 -51.7445 0
      vertex -4.53801 -54.4625 0
    endloop
  endfacet
  facet normal 0 0 -1
    outer loop
      vertex -4 -49 0
      vertex -19 -49 0
      vertex -4.13483 -46.2555 0
    endloop
  endfacet
  facet normal 0 0 -1
    outer loop
      vertex -19.2498 -51.5362 0
      vertex -4.53801 -54.4625 0
      vertex -5.20567 -57.128 0
    endloop
  endfacet
  facet normal 0 0 -1
    outer loop
      vertex -19.0626 -47.7258 0
      vertex -4.13483 -46.2555 0
      vertex -19 -49 0
    endloop
  endfacet
  facet normal 0 0 -1
    outer loop
      vertex -19.5598 -52.7737 0
      vertex -5.20567 -57.128 0
      vertex -6.13137 -59.7151 0
    endloop
  endfacet
  facet normal -0 0 -1
    outer loop
      vertex -4.13483 -46.2555 0
      vertex -19.0626 -47.7258 0
      vertex -4.53801 -43.5375 0
    endloop
  endfacet
  facet normal 0 0 -1
    outer loop
      vertex -19.9896 -53.9749 0
      vertex -6.13137 -59.7151 0
      vertex -7.3062 -62.1991 0
    endloop
  endfacet
  facet normal 0 0 -1
    outer loop
      vertex -19.2498 -46.4638 0
      vertex -4.53801 -43.5375 0
      vertex -19.0626 -47.7258 0
    endloop
  endfacet
  facet normal 0 0 -1
    outer loop
      vertex -20.535 -55.1282 0
      vertex -7.3062 -62.1991 0
      vertex -8.71885 -64.556 0
    endloop
  endfacet
  facet normal -0 0 -1
    outer loop
      vertex -4.53801 -43.5375 0
      vertex -19.2498 -46.4638 0
      vertex -5.20567 -40.872 0
    endloop
  endfacet
  facet normal 0 0 -1
    outer loop
      vertex -21.1909 -56.2224 0
      vertex -8.71885 -64.556 0
      vertex -10.3557 -66.763 0
    endloop
  endfacet
  facet normal 0 0 -1
    outer loop
      vertex -19.5598 -45.2263 0
      vertex -5.20567 -40.872 0
      vertex -19.2498 -46.4638 0
    endloop
  endfacet
  facet normal 0 0 -1
    outer loop
      vertex -21.9509 -57.2471 0
      vertex -10.3557 -66.763 0
      vertex -12.201 -68.799 0
    endloop
  endfacet
  facet normal -0 0 -1
    outer loop
      vertex -5.20567 -40.872 0
      vertex -19.5598 -45.2263 0
      vertex -6.13137 -38.2849 0
    endloop
  endfacet
  facet normal 0 0 -1
    outer loop
      vertex -22.8076 -58.1924 0
      vertex -12.201 -68.799 0
      vertex -14.237 -70.6443 0
    endloop
  endfacet
  facet normal 0 0 -1
    outer loop
      vertex -19.9896 -44.0251 0
      vertex -6.13137 -38.2849 0
      vertex -19.5598 -45.2263 0
    endloop
  endfacet
  facet normal 0 0 -1
    outer loop
      vertex -23.7529 -59.0491 0
      vertex -14.237 -70.6443 0
      vertex -16.444 -72.2812 0
    endloop
  endfacet
  facet normal -0 0 -1
    outer loop
      vertex -6.13137 -38.2849 0
      vertex -19.9896 -44.0251 0
      vertex -7.3062 -35.8009 0
    endloop
  endfacet
  facet normal 0 0 -1
    outer loop
      vertex -24.7776 -59.8091 0
      vertex -16.444 -72.2812 0
      vertex -18.8009 -73.6938 0
    endloop
  endfacet
  facet normal 0 0 -1
    outer loop
      vertex -20.535 -42.8718 0
      vertex -7.3062 -35.8009 0
      vertex -19.9896 -44.0251 0
    endloop
  endfacet
  facet normal -0 0 -1
    outer loop
      vertex -7.3062 -35.8009 0
      vertex -20.535 -42.8718 0
      vertex -8.71885 -33.444 0
    endloop
  endfacet
  facet normal 0 0 -1
    outer loop
      vertex -4.13483 -51.7445 0
      vertex -19.0626 -50.2742 0
      vertex -19 -49 0
    endloop
  endfacet
  facet normal 0 0 -1
    outer loop
      vertex -4.53801 -54.4625 0
      vertex -19.2498 -51.5362 0
      vertex -19.0626 -50.2742 0
    endloop
  endfacet
  facet normal 0 0 -1
    outer loop
      vertex -5.20567 -57.128 0
      vertex -19.5598 -52.7737 0
      vertex -19.2498 -51.5362 0
    endloop
  endfacet
  facet normal 0 0 -1
    outer loop
      vertex -6.13137 -59.7151 0
      vertex -19.9896 -53.9749 0
      vertex -19.5598 -52.7737 0
    endloop
  endfacet
  facet normal 0 0 -1
    outer loop
      vertex -7.3062 -62.1991 0
      vertex -20.535 -55.1282 0
      vertex -19.9896 -53.9749 0
    endloop
  endfacet
  facet normal 0 0 -1
    outer loop
      vertex -8.71885 -64.556 0
      vertex -21.1909 -56.2224 0
      vertex -20.535 -55.1282 0
    endloop
  endfacet
  facet normal 0 0 -1
    outer loop
      vertex -25.8718 -60.465 0
      vertex -18.8009 -73.6938 0
      vertex -21.2849 -74.8686 0
    endloop
  endfacet
  facet normal 0 0 -1
    outer loop
      vertex -10.3557 -66.763 0
      vertex -21.9509 -57.2471 0
      vertex -21.1909 -56.2224 0
    endloop
  endfacet
  facet normal 0 0 -1
    outer loop
      vertex -12.201 -68.799 0
      vertex -22.8076 -58.1924 0
      vertex -21.9509 -57.2471 0
    endloop
  endfacet
  facet normal 0 0 -1
    outer loop
      vertex -14.237 -70.6443 0
      vertex -23.7529 -59.0491 0
      vertex -22.8076 -58.1924 0
    endloop
  endfacet
  facet normal 0 0 -1
    outer loop
      vertex -27.0251 -61.0104 0
      vertex -21.2849 -74.8686 0
      vertex -23.872 -75.7943 0
    endloop
  endfacet
  facet normal 0 0 -1
    outer loop
      vertex -16.444 -72.2812 0
      vertex -24.7776 -59.8091 0
      vertex -23.7529 -59.0491 0
    endloop
  endfacet
  facet normal 0 0 -1
    outer loop
      vertex -18.8009 -73.6938 0
      vertex -25.8718 -60.465 0
      vertex -24.7776 -59.8091 0
    endloop
  endfacet
  facet normal 0 0 -1
    outer loop
      vertex -28.2263 -61.4402 0
      vertex -23.872 -75.7943 0
      vertex -26.5375 -76.462 0
    endloop
  endfacet
  facet normal 0 0 -1
    outer loop
      vertex -21.2849 -74.8686 0
      vertex -27.0251 -61.0104 0
      vertex -25.8718 -60.465 0
    endloop
  endfacet
  facet normal 0 0 -1
    outer loop
      vertex -23.872 -75.7943 0
      vertex -28.2263 -61.4402 0
      vertex -27.0251 -61.0104 0
    endloop
  endfacet
  facet normal 0 0 -1
    outer loop
      vertex -29.4638 -61.7502 0
      vertex -26.5375 -76.462 0
      vertex -29.2555 -76.8652 0
    endloop
  endfacet
  facet normal 0 0 -1
    outer loop
      vertex -26.5375 -76.462 0
      vertex -29.4638 -61.7502 0
      vertex -28.2263 -61.4402 0
    endloop
  endfacet
  facet normal 0 0 -1
    outer loop
      vertex -29.2555 -76.8652 0
      vertex -30.7258 -61.9374 0
      vertex -29.4638 -61.7502 0
    endloop
  endfacet
  facet normal 0 0 -1
    outer loop
      vertex -32 -77 0
      vertex -30.7258 -61.9374 0
      vertex -29.2555 -76.8652 0
    endloop
  endfacet
  facet normal 0 0 -1
    outer loop
      vertex -32 -77 0
      vertex -32 -62 0
      vertex -30.7258 -61.9374 0
    endloop
  endfacet
  facet normal 0 0 -1
    outer loop
      vertex -32 -77 0
      vertex -33.2742 -61.9374 0
      vertex -32 -62 0
    endloop
  endfacet
  facet normal 0 0 -1
    outer loop
      vertex -34.7445 -76.8652 0
      vertex -33.2742 -61.9374 0
      vertex -32 -77 0
    endloop
  endfacet
  facet normal -0 0 -1
    outer loop
      vertex -33.2742 -61.9374 0
      vertex -34.7445 -76.8652 0
      vertex -34.5362 -61.7502 0
    endloop
  endfacet
  facet normal 0 0 -1
    outer loop
      vertex -37.4625 -76.462 0
      vertex -34.5362 -61.7502 0
      vertex -34.7445 -76.8652 0
    endloop
  endfacet
  facet normal -0 0 -1
    outer loop
      vertex -34.5362 -61.7502 0
      vertex -37.4625 -76.462 0
      vertex -35.7737 -61.4402 0
    endloop
  endfacet
  facet normal 0 0 -1
    outer loop
      vertex -40.128 -75.7943 0
      vertex -35.7737 -61.4402 0
      vertex -37.4625 -76.462 0
    endloop
  endfacet
  facet normal -0 0 -1
    outer loop
      vertex -35.7737 -61.4402 0
      vertex -40.128 -75.7943 0
      vertex -36.9749 -61.0104 0
    endloop
  endfacet
  facet normal 0 0 -1
    outer loop
      vertex -42.7151 -74.8686 0
      vertex -36.9749 -61.0104 0
      vertex -40.128 -75.7943 0
    endloop
  endfacet
  facet normal -0 0 -1
    outer loop
      vertex -36.9749 -61.0104 0
      vertex -42.7151 -74.8686 0
      vertex -38.1282 -60.465 0
    endloop
  endfacet
  facet normal 0 0 -1
    outer loop
      vertex -45.1991 -73.6938 0
      vertex -38.1282 -60.465 0
      vertex -42.7151 -74.8686 0
    endloop
  endfacet
  facet normal -0 0 -1
    outer loop
      vertex -38.1282 -60.465 0
      vertex -45.1991 -73.6938 0
      vertex -39.2224 -59.8091 0
    endloop
  endfacet
  facet normal 0 0 -1
    outer loop
      vertex -47.556 -72.2812 0
      vertex -39.2224 -59.8091 0
      vertex -45.1991 -73.6938 0
    endloop
  endfacet
  facet normal -0 0 -1
    outer loop
      vertex -39.2224 -59.8091 0
      vertex -47.556 -72.2812 0
      vertex -40.2471 -59.0491 0
    endloop
  endfacet
  facet normal 0 0 -1
    outer loop
      vertex -49.763 -70.6443 0
      vertex -40.2471 -59.0491 0
      vertex -47.556 -72.2812 0
    endloop
  endfacet
  facet normal -0 0 -1
    outer loop
      vertex -40.2471 -59.0491 0
      vertex -49.763 -70.6443 0
      vertex -41.1924 -58.1924 0
    endloop
  endfacet
  facet normal 0 0 -1
    outer loop
      vertex -51.799 -68.799 0
      vertex -41.1924 -58.1924 0
      vertex -49.763 -70.6443 0
    endloop
  endfacet
  facet normal -0 0 -1
    outer loop
      vertex -41.1924 -58.1924 0
      vertex -51.799 -68.799 0
      vertex -42.0491 -57.2471 0
    endloop
  endfacet
  facet normal 0 0 -1
    outer loop
      vertex -53.6443 -66.763 0
      vertex -42.0491 -57.2471 0
      vertex -51.799 -68.799 0
    endloop
  endfacet
  facet normal -0 0 -1
    outer loop
      vertex -42.0491 -57.2471 0
      vertex -53.6443 -66.763 0
      vertex -42.8091 -56.2224 0
    endloop
  endfacet
  facet normal -0 0 -1
    outer loop
      vertex -42.8091 -56.2224 0
      vertex -55.2812 -64.556 0
      vertex -43.465 -55.1282 0
    endloop
  endfacet
  facet normal 0 0 -1
    outer loop
      vertex -55.2812 -64.556 0
      vertex -42.8091 -56.2224 0
      vertex -53.6443 -66.763 0
    endloop
  endfacet
  facet normal 0 0 -1
    outer loop
      vertex -21.1909 -41.7776 0
      vertex -8.71885 -33.444 0
      vertex -20.535 -42.8718 0
    endloop
  endfacet
  facet normal -0 0 -1
    outer loop
      vertex -8.71885 -33.444 0
      vertex -21.1909 -41.7776 0
      vertex -10.3557 -31.237 0
    endloop
  endfacet
  facet normal 0 0 -1
    outer loop
      vertex -21.9509 -40.7529 0
      vertex -10.3557 -31.237 0
      vertex -21.1909 -41.7776 0
    endloop
  endfacet
  facet normal -0 0 -1
    outer loop
      vertex -10.3557 -31.237 0
      vertex -21.9509 -40.7529 0
      vertex -12.201 -29.201 0
    endloop
  endfacet
  facet normal 0 0 -1
    outer loop
      vertex -22.8076 -39.8076 0
      vertex -12.201 -29.201 0
      vertex -21.9509 -40.7529 0
    endloop
  endfacet
  facet normal -0 0 -1
    outer loop
      vertex -12.201 -29.201 0
      vertex -22.8076 -39.8076 0
      vertex -14.237 -27.3557 0
    endloop
  endfacet
  facet normal 0 0 -1
    outer loop
      vertex -23.7529 -38.9509 0
      vertex -14.237 -27.3557 0
      vertex -22.8076 -39.8076 0
    endloop
  endfacet
  facet normal -0 0 -1
    outer loop
      vertex -14.237 -27.3557 0
      vertex -23.7529 -38.9509 0
      vertex -16.444 -25.7188 0
    endloop
  endfacet
  facet normal 0 0 -1
    outer loop
      vertex -24.7776 -38.1909 0
      vertex -16.444 -25.7188 0
      vertex -23.7529 -38.9509 0
    endloop
  endfacet
  facet normal -0 0 -1
    outer loop
      vertex -16.444 -25.7188 0
      vertex -24.7776 -38.1909 0
      vertex -18.8009 -24.3062 0
    endloop
  endfacet
  facet normal 0 0 -1
    outer loop
      vertex -25.8718 -37.535 0
      vertex -18.8009 -24.3062 0
      vertex -24.7776 -38.1909 0
    endloop
  endfacet
  facet normal -0 0 -1
    outer loop
      vertex -18.8009 -24.3062 0
      vertex -25.8718 -37.535 0
      vertex -21.2849 -23.1314 0
    endloop
  endfacet
  facet normal 0 0 -1
    outer loop
      vertex -27.0251 -36.9896 0
      vertex -21.2849 -23.1314 0
      vertex -25.8718 -37.535 0
    endloop
  endfacet
  facet normal -0 0 -1
    outer loop
      vertex -21.2849 -23.1314 0
      vertex -27.0251 -36.9896 0
      vertex -23.872 -22.2057 0
    endloop
  endfacet
  facet normal 0 0 -1
    outer loop
      vertex -28.2263 -36.5598 0
      vertex -23.872 -22.2057 0
      vertex -27.0251 -36.9896 0
    endloop
  endfacet
  facet normal -0 0 -1
    outer loop
      vertex -23.872 -22.2057 0
      vertex -28.2263 -36.5598 0
      vertex -26.5375 -21.538 0
    endloop
  endfacet
  facet normal 0 0 -1
    outer loop
      vertex -29.4638 -36.2498 0
      vertex -26.5375 -21.538 0
      vertex -28.2263 -36.5598 0
    endloop
  endfacet
  facet normal -0 0 -1
    outer loop
      vertex -26.5375 -21.538 0
      vertex -29.4638 -36.2498 0
      vertex -29.2555 -21.1348 0
    endloop
  endfacet
  facet normal 0 0 -1
    outer loop
      vertex -30.7258 -36.0626 0
      vertex -29.2555 -21.1348 0
      vertex -29.4638 -36.2498 0
    endloop
  endfacet
  facet normal 0 0 -1
    outer loop
      vertex -32 -36 0
      vertex -29.2555 -21.1348 0
      vertex -30.7258 -36.0626 0
    endloop
  endfacet
  facet normal 0 0 -1
    outer loop
      vertex -32 -36 0
      vertex -32 -21 0
      vertex -29.2555 -21.1348 0
    endloop
  endfacet
  facet normal 0 0 -1
    outer loop
      vertex -33.2742 -36.0626 0
      vertex -32 -21 0
      vertex -32 -36 0
    endloop
  endfacet
  facet normal 0 0 -1
    outer loop
      vertex -34.7445 -21.1348 0
      vertex -33.2742 -36.0626 0
      vertex -34.5362 -36.2498 0
    endloop
  endfacet
  facet normal 0 0 -1
    outer loop
      vertex -33.2742 -36.0626 0
      vertex -34.7445 -21.1348 0
      vertex -32 -21 0
    endloop
  endfacet
  facet normal 0 0 -1
    outer loop
      vertex -37.4625 -21.538 0
      vertex -34.5362 -36.2498 0
      vertex -35.7737 -36.5598 0
    endloop
  endfacet
  facet normal 0 0 -1
    outer loop
      vertex -40.128 -22.2057 0
      vertex -35.7737 -36.5598 0
      vertex -36.9749 -36.9896 0
    endloop
  endfacet
  facet normal 0 0 -1
    outer loop
      vertex -34.5362 -36.2498 0
      vertex -37.4625 -21.538 0
      vertex -34.7445 -21.1348 0
    endloop
  endfacet
  facet normal 0 0 -1
    outer loop
      vertex -42.7151 -23.1314 0
      vertex -36.9749 -36.9896 0
      vertex -38.1282 -37.535 0
    endloop
  endfacet
  facet normal 0 0 -1
    outer loop
      vertex -45.1991 -24.3062 0
      vertex -38.1282 -37.535 0
      vertex -39.2224 -38.1909 0
    endloop
  endfacet
  facet normal 0 0 -1
    outer loop
      vertex -35.7737 -36.5598 0
      vertex -40.128 -22.2057 0
      vertex -37.4625 -21.538 0
    endloop
  endfacet
  facet normal 0 0 -1
    outer loop
      vertex -47.556 -25.7188 0
      vertex -39.2224 -38.1909 0
      vertex -40.2471 -38.9509 0
    endloop
  endfacet
  facet normal 0 0 -1
    outer loop
      vertex -49.763 -27.3557 0
      vertex -40.2471 -38.9509 0
      vertex -41.1924 -39.8076 0
    endloop
  endfacet
  facet normal 0 0 -1
    outer loop
      vertex -51.799 -29.201 0
      vertex -41.1924 -39.8076 0
      vertex -42.0491 -40.7529 0
    endloop
  endfacet
  facet normal 0 0 -1
    outer loop
      vertex -36.9749 -36.9896 0
      vertex -42.7151 -23.1314 0
      vertex -40.128 -22.2057 0
    endloop
  endfacet
  facet normal 0 0 -1
    outer loop
      vertex -53.6443 -31.237 0
      vertex -42.0491 -40.7529 0
      vertex -42.8091 -41.7776 0
    endloop
  endfacet
  facet normal 0 0 -1
    outer loop
      vertex -55.2812 -33.444 0
      vertex -42.8091 -41.7776 0
      vertex -43.465 -42.8718 0
    endloop
  endfacet
  facet normal 0 0 -1
    outer loop
      vertex -56.6938 -35.8009 0
      vertex -43.465 -42.8718 0
      vertex -44.0104 -44.0251 0
    endloop
  endfacet
  facet normal 0 0 -1
    outer loop
      vertex -57.8686 -38.2849 0
      vertex -44.0104 -44.0251 0
      vertex -44.4402 -45.2263 0
    endloop
  endfacet
  facet normal 0 0 -1
    outer loop
      vertex -58.7943 -40.872 0
      vertex -44.4402 -45.2263 0
      vertex -44.7502 -46.4638 0
    endloop
  endfacet
  facet normal 0 0 -1
    outer loop
      vertex -59.462 -43.5375 0
      vertex -44.7502 -46.4638 0
      vertex -44.9374 -47.7258 0
    endloop
  endfacet
  facet normal 0 0 -1
    outer loop
      vertex -38.1282 -37.535 0
      vertex -45.1991 -24.3062 0
      vertex -42.7151 -23.1314 0
    endloop
  endfacet
  facet normal 0 0 -1
    outer loop
      vertex -59.8652 -46.2555 0
      vertex -44.9374 -47.7258 0
      vertex -45 -49 0
    endloop
  endfacet
  facet normal 0 0 -1
    outer loop
      vertex -56.6938 -62.1991 0
      vertex -43.465 -55.1282 0
      vertex -55.2812 -64.556 0
    endloop
  endfacet
  facet normal -0 0 -1
    outer loop
      vertex -43.465 -55.1282 0
      vertex -56.6938 -62.1991 0
      vertex -44.0104 -53.9749 0
    endloop
  endfacet
  facet normal 0 0 -1
    outer loop
      vertex -39.2224 -38.1909 0
      vertex -47.556 -25.7188 0
      vertex -45.1991 -24.3062 0
    endloop
  endfacet
  facet normal 0 0 -1
    outer loop
      vertex -57.8686 -59.7151 0
      vertex -44.0104 -53.9749 0
      vertex -56.6938 -62.1991 0
    endloop
  endfacet
  facet normal 0 0 -1
    outer loop
      vertex -40.2471 -38.9509 0
      vertex -49.763 -27.3557 0
      vertex -47.556 -25.7188 0
    endloop
  endfacet
  facet normal -0 0 -1
    outer loop
      vertex -44.0104 -53.9749 0
      vertex -57.8686 -59.7151 0
      vertex -44.4402 -52.7737 0
    endloop
  endfacet
  facet normal 0 0 -1
    outer loop
      vertex -41.1924 -39.8076 0
      vertex -51.799 -29.201 0
      vertex -49.763 -27.3557 0
    endloop
  endfacet
  facet normal 0 0 -1
    outer loop
      vertex -58.7943 -57.128 0
      vertex -44.4402 -52.7737 0
      vertex -57.8686 -59.7151 0
    endloop
  endfacet
  facet normal 0 0 -1
    outer loop
      vertex -42.0491 -40.7529 0
      vertex -53.6443 -31.237 0
      vertex -51.799 -29.201 0
    endloop
  endfacet
  facet normal -0 0 -1
    outer loop
      vertex -44.4402 -52.7737 0
      vertex -58.7943 -57.128 0
      vertex -44.7502 -51.5362 0
    endloop
  endfacet
  facet normal 0 0 -1
    outer loop
      vertex -42.8091 -41.7776 0
      vertex -55.2812 -33.444 0
      vertex -53.6443 -31.237 0
    endloop
  endfacet
  facet normal 0 0 -1
    outer loop
      vertex -59.462 -54.4625 0
      vertex -44.7502 -51.5362 0
      vertex -58.7943 -57.128 0
    endloop
  endfacet
  facet normal 0 0 -1
    outer loop
      vertex -43.465 -42.8718 0
      vertex -56.6938 -35.8009 0
      vertex -55.2812 -33.444 0
    endloop
  endfacet
  facet normal -0 0 -1
    outer loop
      vertex -44.7502 -51.5362 0
      vertex -59.462 -54.4625 0
      vertex -44.9374 -50.2742 0
    endloop
  endfacet
  facet normal 0 0 -1
    outer loop
      vertex -44.0104 -44.0251 0
      vertex -57.8686 -38.2849 0
      vertex -56.6938 -35.8009 0
    endloop
  endfacet
  facet normal 0 0 -1
    outer loop
      vertex -59.8652 -51.7445 0
      vertex -44.9374 -50.2742 0
      vertex -59.462 -54.4625 0
    endloop
  endfacet
  facet normal 0 0 -1
    outer loop
      vertex -44.4402 -45.2263 0
      vertex -58.7943 -40.872 0
      vertex -57.8686 -38.2849 0
    endloop
  endfacet
  facet normal -0 0 -1
    outer loop
      vertex -44.9374 -50.2742 0
      vertex -59.8652 -51.7445 0
      vertex -45 -49 0
    endloop
  endfacet
  facet normal 0 0 -1
    outer loop
      vertex -44.7502 -46.4638 0
      vertex -59.462 -43.5375 0
      vertex -58.7943 -40.872 0
    endloop
  endfacet
  facet normal 0 0 -1
    outer loop
      vertex -60 -49 0
      vertex -45 -49 0
      vertex -59.8652 -51.7445 0
    endloop
  endfacet
  facet normal 0 0 -1
    outer loop
      vertex -44.9374 -47.7258 0
      vertex -59.8652 -46.2555 0
      vertex -59.462 -43.5375 0
    endloop
  endfacet
  facet normal 0 0 -1
    outer loop
      vertex -45 -49 0
      vertex -60 -49 0
      vertex -59.8652 -46.2555 0
    endloop
  endfacet
  facet normal -0.70668 0.0347272 -0.70668
    outer loop
      vertex -61.8555 -46.0595 2
      vertex -60 -49 0
      vertex -62 -49 2
    endloop
  endfacet
  facet normal -0.706694 0.0347103 -0.706668
    outer loop
      vertex -59.8652 -46.2555 0
      vertex -60 -49 0
      vertex -61.8555 -46.0595 2
    endloop
  endfacet
  facet normal -0.989181 0.146703 0
    outer loop
      vertex -61.8555 -46.0595 2
      vertex -61.4236 -43.1473 10
      vertex -61.4236 -43.1473 2
    endloop
  endfacet
  facet normal -0.989181 0.146703 0
    outer loop
      vertex -61.4236 -43.1473 10
      vertex -61.8555 -46.0595 2
      vertex -61.8555 -46.0595 10
    endloop
  endfacet
  facet normal -0.699887 0.103824 0.706667
    outer loop
      vertex -59.8652 -46.2555 12
      vertex -59.462 -43.5375 12
      vertex -61.8555 -46.0595 10
    endloop
  endfacet
  facet normal -0.699873 0.103796 0.706686
    outer loop
      vertex -59.462 -43.5375 12
      vertex -61.4236 -43.1473 10
      vertex -61.8555 -46.0595 10
    endloop
  endfacet
  facet normal 0.69987 -0.103818 0.706685
    outer loop
      vertex -43.9422 -47.8238 11
      vertex -43.7694 -46.6589 11
      vertex -44.9374 -47.7258 12
    endloop
  endfacet
  facet normal 0.699869 -0.103816 0.706686
    outer loop
      vertex -43.7694 -46.6589 11
      vertex -44.7502 -46.4638 12
      vertex -44.9374 -47.7258 12
    endloop
  endfacet
  facet normal 0.989176 -0.146733 0
    outer loop
      vertex -43.9422 -47.8238 11
      vertex -43.7694 -46.6589 1
      vertex -43.7694 -46.6589 11
    endloop
  endfacet
  facet normal 0.989176 -0.146733 0
    outer loop
      vertex -43.7694 -46.6589 1
      vertex -43.9422 -47.8238 11
      vertex -43.9422 -47.8238 1
    endloop
  endfacet
  facet normal 0.69987 -0.103816 -0.706685
    outer loop
      vertex -44.7502 -46.4638 0
      vertex -43.9422 -47.8238 1
      vertex -44.9374 -47.7258 0
    endloop
  endfacet
  facet normal 0.699869 -0.103818 -0.706686
    outer loop
      vertex -43.7694 -46.6589 1
      vertex -43.9422 -47.8238 1
      vertex -44.7502 -46.4638 0
    endloop
  endfacet
  facet normal -0.69989 0.103799 -0.706668
    outer loop
      vertex -61.4236 -43.1473 2
      vertex -59.8652 -46.2555 0
      vertex -61.8555 -46.0595 2
    endloop
  endfacet
  facet normal -0.699868 0.103822 -0.706686
    outer loop
      vertex -59.462 -43.5375 0
      vertex -59.8652 -46.2555 0
      vertex -61.4236 -43.1473 2
    endloop
  endfacet
  facet normal -0.970027 0.242999 0
    outer loop
      vertex -61.4236 -43.1473 2
      vertex -60.7082 -40.2915 10
      vertex -60.7082 -40.2915 2
    endloop
  endfacet
  facet normal -0.970027 0.242999 0
    outer loop
      vertex -60.7082 -40.2915 10
      vertex -61.4236 -43.1473 2
      vertex -61.4236 -43.1473 10
    endloop
  endfacet
  facet normal -0.686322 0.171922 0.706686
    outer loop
      vertex -59.462 -43.5375 12
      vertex -58.7943 -40.872 12
      vertex -61.4236 -43.1473 10
    endloop
  endfacet
  facet normal -0.686325 0.17193 0.706681
    outer loop
      vertex -58.7943 -40.872 12
      vertex -60.7082 -40.2915 10
      vertex -61.4236 -43.1473 10
    endloop
  endfacet
  facet normal 0.686327 -0.171897 0.706687
    outer loop
      vertex -43.7694 -46.6589 11
      vertex -43.4833 -45.5166 11
      vertex -44.7502 -46.4638 12
    endloop
  endfacet
  facet normal 0.686338 -0.171931 0.706668
    outer loop
      vertex -43.4833 -45.5166 11
      vertex -44.4402 -45.2263 12
      vertex -44.7502 -46.4638 12
    endloop
  endfacet
  facet normal 0.970038 -0.242955 0
    outer loop
      vertex -43.7694 -46.6589 11
      vertex -43.4833 -45.5166 1
      vertex -43.4833 -45.5166 11
    endloop
  endfacet
  facet normal 0.970038 -0.242955 0
    outer loop
      vertex -43.4833 -45.5166 1
      vertex -43.7694 -46.6589 11
      vertex -43.7694 -46.6589 1
    endloop
  endfacet
  facet normal 0.686321 -0.171927 -0.706686
    outer loop
      vertex -44.4402 -45.2263 0
      vertex -43.7694 -46.6589 1
      vertex -44.7502 -46.4638 0
    endloop
  endfacet
  facet normal 0.686346 -0.171902 -0.706668
    outer loop
      vertex -43.4833 -45.5166 1
      vertex -43.7694 -46.6589 1
      vertex -44.4402 -45.2263 0
    endloop
  endfacet
  facet normal -0.68632 0.171929 -0.706686
    outer loop
      vertex -60.7082 -40.2915 2
      vertex -59.462 -43.5375 0
      vertex -61.4236 -43.1473 2
    endloop
  endfacet
  facet normal -0.686327 0.171923 -0.706681
    outer loop
      vertex -58.7943 -40.872 0
      vertex -59.462 -43.5375 0
      vertex -60.7082 -40.2915 2
    endloop
  endfacet
  facet normal -0.941548 0.336879 0
    outer loop
      vertex -60.7082 -40.2915 2
      vertex -59.7164 -37.5195 10
      vertex -59.7164 -37.5195 2
    endloop
  endfacet
  facet normal -0.941548 0.336879 0
    outer loop
      vertex -59.7164 -37.5195 10
      vertex -60.7082 -40.2915 2
      vertex -60.7082 -40.2915 10
    endloop
  endfacet
  facet normal -0.666173 0.238366 0.706679
    outer loop
      vertex -58.7943 -40.872 12
      vertex -57.8686 -38.2849 12
      vertex -60.7082 -40.2915 10
    endloop
  endfacet
  facet normal -0.666168 0.23835 0.706689
    outer loop
      vertex -57.8686 -38.2849 12
      vertex -59.7164 -37.5195 10
      vertex -60.7082 -40.2915 10
    endloop
  endfacet
  facet normal 0.66619 -0.238346 0.706669
    outer loop
      vertex -43.4833 -45.5166 11
      vertex -43.0866 -44.4078 11
      vertex -44.4402 -45.2263 12
    endloop
  endfacet
  facet normal 0.666196 -0.238371 0.706656
    outer loop
      vertex -43.0866 -44.4078 11
      vertex -44.0104 -44.0251 12
      vertex -44.4402 -45.2263 12
    endloop
  endfacet
  facet normal 0.941553 -0.336864 0
    outer loop
      vertex -43.4833 -45.5166 11
      vertex -43.0866 -44.4078 1
      vertex -43.0866 -44.4078 11
    endloop
  endfacet
  facet normal 0.941553 -0.336864 0
    outer loop
      vertex -43.0866 -44.4078 1
      vertex -43.4833 -45.5166 11
      vertex -43.4833 -45.5166 1
    endloop
  endfacet
  facet normal 0.666184 -0.238366 -0.706669
    outer loop
      vertex -44.0104 -44.0251 0
      vertex -43.4833 -45.5166 1
      vertex -44.4402 -45.2263 0
    endloop
  endfacet
  facet normal 0.666203 -0.23835 -0.706655
    outer loop
      vertex -43.0866 -44.4078 1
      vertex -43.4833 -45.5166 1
      vertex -44.0104 -44.0251 0
    endloop
  endfacet
  facet normal -0.666177 0.238353 -0.70668
    outer loop
      vertex -59.7164 -37.5195 2
      vertex -58.7943 -40.872 0
      vertex -60.7082 -40.2915 2
    endloop
  endfacet
  facet normal -0.666163 0.238362 -0.706689
    outer loop
      vertex -57.8686 -38.2849 0
      vertex -58.7943 -40.872 0
      vertex -59.7164 -37.5195 2
    endloop
  endfacet
  facet normal -0.903983 0.427569 0
    outer loop
      vertex -59.7164 -37.5195 2
      vertex -58.4576 -34.8581 10
      vertex -58.4576 -34.8581 2
    endloop
  endfacet
  facet normal -0.903983 0.427569 0
    outer loop
      vertex -58.4576 -34.8581 10
      vertex -59.7164 -37.5195 2
      vertex -59.7164 -37.5195 10
    endloop
  endfacet
  facet normal -0.639598 0.302496 0.70669
    outer loop
      vertex -57.8686 -38.2849 12
      vertex -56.6938 -35.8009 12
      vertex -59.7164 -37.5195 10
    endloop
  endfacet
  facet normal -0.639603 0.302522 0.706674
    outer loop
      vertex -56.6938 -35.8009 12
      vertex -58.4576 -34.8581 10
      vertex -59.7164 -37.5195 10
    endloop
  endfacet
  facet normal 0.639627 -0.30251 0.706658
    outer loop
      vertex -43.0866 -44.4078 11
      vertex -42.5831 -43.3432 11
      vertex -44.0104 -44.0251 12
    endloop
  endfacet
  facet normal 0.639624 -0.30248 0.706673
    outer loop
      vertex -42.5831 -43.3432 11
      vertex -43.465 -42.8718 12
      vertex -44.0104 -44.0251 12
    endloop
  endfacet
  facet normal 0.903995 -0.427542 0
    outer loop
      vertex -43.0866 -44.4078 11
      vertex -42.5831 -43.3432 1
      vertex -42.5831 -43.3432 11
    endloop
  endfacet
  facet normal 0.903995 -0.427542 0
    outer loop
      vertex -42.5831 -43.3432 1
      vertex -43.0866 -44.4078 11
      vertex -43.0866 -44.4078 1
    endloop
  endfacet
  facet normal 0.639637 -0.302487 -0.706658
    outer loop
      vertex -43.465 -42.8718 0
      vertex -43.0866 -44.4078 1
      vertex -44.0104 -44.0251 0
    endloop
  endfacet
  facet normal 0.639612 -0.302503 -0.706674
    outer loop
      vertex -42.5831 -43.3432 1
      vertex -43.0866 -44.4078 1
      vertex -43.465 -42.8718 0
    endloop
  endfacet
  facet normal -0.639589 0.302516 -0.706689
    outer loop
      vertex -58.4576 -34.8581 2
      vertex -57.8686 -38.2849 0
      vertex -59.7164 -37.5195 2
    endloop
  endfacet
  facet normal -0.639612 0.302503 -0.706674
    outer loop
      vertex -56.6938 -35.8009 0
      vertex -57.8686 -38.2849 0
      vertex -58.4576 -34.8581 2
    endloop
  endfacet
  facet normal -0.857736 0.514091 0
    outer loop
      vertex -58.4576 -34.8581 2
      vertex -56.9441 -32.3329 10
      vertex -56.9441 -32.3329 2
    endloop
  endfacet
  facet normal -0.857736 0.514091 0
    outer loop
      vertex -56.9441 -32.3329 10
      vertex -58.4576 -34.8581 2
      vertex -58.4576 -34.8581 10
    endloop
  endfacet
  facet normal -0.606884 0.363734 0.706675
    outer loop
      vertex -56.6938 -35.8009 12
      vertex -55.2812 -33.444 12
      vertex -58.4576 -34.8581 10
    endloop
  endfacet
  facet normal -0.606885 0.363741 0.706671
    outer loop
      vertex -55.2812 -33.444 12
      vertex -56.9441 -32.3329 10
      vertex -58.4576 -34.8581 10
    endloop
  endfacet
  facet normal 0.606843 -0.363806 0.706673
    outer loop
      vertex -42.5831 -43.3432 11
      vertex -41.9776 -42.3332 11
      vertex -43.465 -42.8718 12
    endloop
  endfacet
  facet normal 0.606843 -0.363762 0.706696
    outer loop
      vertex -41.9776 -42.3332 11
      vertex -42.8091 -41.7776 12
      vertex -43.465 -42.8718 12
    endloop
  endfacet
  facet normal 0.85768 -0.514184 0
    outer loop
      vertex -42.5831 -43.3432 11
      vertex -41.9776 -42.3332 1
      vertex -41.9776 -42.3332 11
    endloop
  endfacet
  facet normal 0.85768 -0.514184 0
    outer loop
      vertex -41.9776 -42.3332 1
      vertex -42.5831 -43.3432 11
      vertex -42.5831 -43.3432 1
    endloop
  endfacet
  facet normal 0.606862 -0.363773 -0.706674
    outer loop
      vertex -42.8091 -41.7776 0
      vertex -42.5831 -43.3432 1
      vertex -43.465 -42.8718 0
    endloop
  endfacet
  facet normal 0.606823 -0.363793 -0.706697
    outer loop
      vertex -41.9776 -42.3332 1
      vertex -42.5831 -43.3432 1
      vertex -42.8091 -41.7776 0
    endloop
  endfacet
  facet normal -0.606881 0.363739 -0.706675
    outer loop
      vertex -56.9441 -32.3329 2
      vertex -56.6938 -35.8009 0
      vertex -58.4576 -34.8581 2
    endloop
  endfacet
  facet normal -0.606888 0.363736 -0.70667
    outer loop
      vertex -55.2812 -33.444 0
      vertex -56.6938 -35.8009 0
      vertex -56.9441 -32.3329 2
    endloop
  endfacet
  facet normal -0.803204 0.595703 0
    outer loop
      vertex -56.9441 -32.3329 2
      vertex -55.1903 -29.9682 10
      vertex -55.1903 -29.9682 2
    endloop
  endfacet
  facet normal -0.803204 0.595703 0
    outer loop
      vertex -55.1903 -29.9682 10
      vertex -56.9441 -32.3329 2
      vertex -56.9441 -32.3329 10
    endloop
  endfacet
  facet normal -0.568294 0.421496 0.70667
    outer loop
      vertex -55.2812 -33.444 12
      vertex -53.6443 -31.237 12
      vertex -56.9441 -32.3329 10
    endloop
  endfacet
  facet normal -0.568295 0.421481 0.706679
    outer loop
      vertex -53.6443 -31.237 12
      vertex -55.1903 -29.9682 10
      vertex -56.9441 -32.3329 10
    endloop
  endfacet
  facet normal 0.568291 -0.421457 0.706696
    outer loop
      vertex -41.9776 -42.3332 11
      vertex -41.2761 -41.3873 11
      vertex -42.8091 -41.7776 12
    endloop
  endfacet
  facet normal 0.568288 -0.421488 0.706679
    outer loop
      vertex -41.2761 -41.3873 11
      vertex -42.0491 -40.7529 12
      vertex -42.8091 -41.7776 12
    endloop
  endfacet
  facet normal 0.803219 -0.595684 0
    outer loop
      vertex -41.9776 -42.3332 11
      vertex -41.2761 -41.3873 1
      vertex -41.2761 -41.3873 11
    endloop
  endfacet
  facet normal 0.803219 -0.595684 0
    outer loop
      vertex -41.2761 -41.3873 1
      vertex -41.9776 -42.3332 11
      vertex -41.9776 -42.3332 1
    endloop
  endfacet
  facet normal 0.568276 -0.421479 -0.706695
    outer loop
      vertex -42.0491 -40.7529 0
      vertex -41.9776 -42.3332 1
      vertex -42.8091 -41.7776 0
    endloop
  endfacet
  facet normal 0.568305 -0.421467 -0.706679
    outer loop
      vertex -41.2761 -41.3873 1
      vertex -41.9776 -42.3332 1
      vertex -42.0491 -40.7529 0
    endloop
  endfacet
  facet normal -0.568301 0.421486 -0.706671
    outer loop
      vertex -55.1903 -29.9682 2
      vertex -55.2812 -33.444 0
      vertex -56.9441 -32.3329 2
    endloop
  endfacet
  facet normal -0.568287 0.42149 -0.706679
    outer loop
      vertex -55.1903 -29.9682 2
      vertex -53.6443 -31.237 0
      vertex -55.2812 -33.444 0
    endloop
  endfacet
  facet normal -0.740952 0.671558 0
    outer loop
      vertex -55.1903 -29.9682 2
      vertex -53.2132 -27.7868 10
      vertex -53.2132 -27.7868 2
    endloop
  endfacet
  facet normal -0.740952 0.671558 0
    outer loop
      vertex -53.2132 -27.7868 10
      vertex -55.1903 -29.9682 2
      vertex -55.1903 -29.9682 10
    endloop
  endfacet
  facet normal -0.524251 0.475147 0.706679
    outer loop
      vertex -53.6443 -31.237 12
      vertex -51.799 -29.201 12
      vertex -55.1903 -29.9682 10
    endloop
  endfacet
  facet normal -0.52425 0.475152 0.706677
    outer loop
      vertex -51.799 -29.201 12
      vertex -53.2132 -27.7868 10
      vertex -55.1903 -29.9682 10
    endloop
  endfacet
  facet normal 0.524271 -0.475124 0.70668
    outer loop
      vertex -41.2761 -41.3873 11
      vertex -40.4853 -40.5147 11
      vertex -42.0491 -40.7529 12
    endloop
  endfacet
  facet normal 0.52427 -0.475131 0.706676
    outer loop
      vertex -40.4853 -40.5147 11
      vertex -41.1924 -39.8076 12
      vertex -42.0491 -40.7529 12
    endloop
  endfacet
  facet normal 0.740984 -0.671522 0
    outer loop
      vertex -41.2761 -41.3873 11
      vertex -40.4853 -40.5147 1
      vertex -40.4853 -40.5147 11
    endloop
  endfacet
  facet normal 0.740984 -0.671522 0
    outer loop
      vertex -40.4853 -40.5147 1
      vertex -41.2761 -41.3873 11
      vertex -41.2761 -41.3873 1
    endloop
  endfacet
  facet normal 0.524267 -0.475129 -0.70668
    outer loop
      vertex -41.1924 -39.8076 0
      vertex -41.2761 -41.3873 1
      vertex -42.0491 -40.7529 0
    endloop
  endfacet
  facet normal 0.524274 -0.475127 -0.706676
    outer loop
      vertex -41.1924 -39.8076 0
      vertex -40.4853 -40.5147 1
      vertex -41.2761 -41.3873 1
    endloop
  endfacet
  facet normal -0.524249 0.47515 -0.706679
    outer loop
      vertex -53.2132 -27.7868 2
      vertex -53.6443 -31.237 0
      vertex -55.1903 -29.9682 2
    endloop
  endfacet
  facet normal -0.524253 0.475149 -0.706677
    outer loop
      vertex -53.2132 -27.7868 2
      vertex -51.799 -29.201 0
      vertex -53.6443 -31.237 0
    endloop
  endfacet
  facet normal -0.671558 0.740952 0
    outer loop
      vertex -51.0318 -25.8097 2
      vertex -53.2132 -27.7868 10
      vertex -51.0318 -25.8097 10
    endloop
  endfacet
  facet normal -0.671558 0.740952 0
    outer loop
      vertex -53.2132 -27.7868 10
      vertex -51.0318 -25.8097 2
      vertex -53.2132 -27.7868 2
    endloop
  endfacet
  facet normal -0.475149 0.524253 0.706677
    outer loop
      vertex -51.799 -29.201 12
      vertex -49.763 -27.3557 12
      vertex -53.2132 -27.7868 10
    endloop
  endfacet
  facet normal -0.47515 0.524249 0.706679
    outer loop
      vertex -49.763 -27.3557 12
      vertex -51.0318 -25.8097 10
      vertex -53.2132 -27.7868 10
    endloop
  endfacet
  facet normal 0.475127 -0.524274 0.706676
    outer loop
      vertex -40.4853 -40.5147 11
      vertex -39.6127 -39.7239 11
      vertex -41.1924 -39.8076 12
    endloop
  endfacet
  facet normal 0.475129 -0.524267 0.70668
    outer loop
      vertex -39.6127 -39.7239 11
      vertex -40.2471 -38.9509 12
      vertex -41.1924 -39.8076 12
    endloop
  endfacet
  facet normal 0.671522 -0.740984 0
    outer loop
      vertex -40.4853 -40.5147 1
      vertex -39.6127 -39.7239 11
      vertex -40.4853 -40.5147 11
    endloop
  endfacet
  facet normal 0.671522 -0.740984 0
    outer loop
      vertex -39.6127 -39.7239 11
      vertex -40.4853 -40.5147 1
      vertex -39.6127 -39.7239 1
    endloop
  endfacet
  facet normal 0.475131 -0.52427 -0.706676
    outer loop
      vertex -40.2471 -38.9509 0
      vertex -40.4853 -40.5147 1
      vertex -41.1924 -39.8076 0
    endloop
  endfacet
  facet normal 0.475124 -0.524271 -0.70668
    outer loop
      vertex -40.2471 -38.9509 0
      vertex -39.6127 -39.7239 1
      vertex -40.4853 -40.5147 1
    endloop
  endfacet
  facet normal -0.475152 0.52425 -0.706677
    outer loop
      vertex -51.0318 -25.8097 2
      vertex -51.799 -29.201 0
      vertex -53.2132 -27.7868 2
    endloop
  endfacet
  facet normal -0.475147 0.524251 -0.706679
    outer loop
      vertex -51.0318 -25.8097 2
      vertex -49.763 -27.3557 0
      vertex -51.799 -29.201 0
    endloop
  endfacet
  facet normal -0.595703 0.803204 0
    outer loop
      vertex -48.6671 -24.0559 2
      vertex -51.0318 -25.8097 10
      vertex -48.6671 -24.0559 10
    endloop
  endfacet
  facet normal -0.595703 0.803204 0
    outer loop
      vertex -51.0318 -25.8097 10
      vertex -48.6671 -24.0559 2
      vertex -51.0318 -25.8097 2
    endloop
  endfacet
  facet normal -0.42149 0.568287 0.706679
    outer loop
      vertex -49.763 -27.3557 12
      vertex -47.556 -25.7188 12
      vertex -51.0318 -25.8097 10
    endloop
  endfacet
  facet normal -0.421486 0.568301 0.706671
    outer loop
      vertex -47.556 -25.7188 12
      vertex -48.6671 -24.0559 10
      vertex -51.0318 -25.8097 10
    endloop
  endfacet
  facet normal 0.421467 -0.568305 0.706679
    outer loop
      vertex -39.6127 -39.7239 11
      vertex -38.6668 -39.0224 11
      vertex -40.2471 -38.9509 12
    endloop
  endfacet
  facet normal 0.421479 -0.568276 0.706695
    outer loop
      vertex -38.6668 -39.0224 11
      vertex -39.2224 -38.1909 12
      vertex -40.2471 -38.9509 12
    endloop
  endfacet
  facet normal 0.595684 -0.803219 0
    outer loop
      vertex -39.6127 -39.7239 1
      vertex -38.6668 -39.0224 11
      vertex -39.6127 -39.7239 11
    endloop
  endfacet
  facet normal 0.595684 -0.803219 0
    outer loop
      vertex -38.6668 -39.0224 11
      vertex -39.6127 -39.7239 1
      vertex -38.6668 -39.0224 1
    endloop
  endfacet
  facet normal 0.421488 -0.568288 -0.706679
    outer loop
      vertex -39.2224 -38.1909 0
      vertex -39.6127 -39.7239 1
      vertex -40.2471 -38.9509 0
    endloop
  endfacet
  facet normal 0.421457 -0.568291 -0.706696
    outer loop
      vertex -39.2224 -38.1909 0
      vertex -38.6668 -39.0224 1
      vertex -39.6127 -39.7239 1
    endloop
  endfacet
  facet normal -0.421481 0.568295 -0.706679
    outer loop
      vertex -48.6671 -24.0559 2
      vertex -49.763 -27.3557 0
      vertex -51.0318 -25.8097 2
    endloop
  endfacet
  facet normal -0.421496 0.568294 -0.70667
    outer loop
      vertex -48.6671 -24.0559 2
      vertex -47.556 -25.7188 0
      vertex -49.763 -27.3557 0
    endloop
  endfacet
  facet normal -0.514091 0.857736 0
    outer loop
      vertex -46.1419 -22.5424 2
      vertex -48.6671 -24.0559 10
      vertex -46.1419 -22.5424 10
    endloop
  endfacet
  facet normal -0.514091 0.857736 0
    outer loop
      vertex -48.6671 -24.0559 10
      vertex -46.1419 -22.5424 2
      vertex -48.6671 -24.0559 2
    endloop
  endfacet
  facet normal -0.363736 0.606888 0.70667
    outer loop
      vertex -47.556 -25.7188 12
      vertex -45.1991 -24.3062 12
      vertex -48.6671 -24.0559 10
    endloop
  endfacet
  facet normal -0.363739 0.606881 0.706675
    outer loop
      vertex -45.1991 -24.3062 12
      vertex -46.1419 -22.5424 10
      vertex -48.6671 -24.0559 10
    endloop
  endfacet
  facet normal 0.363793 -0.606823 0.706697
    outer loop
      vertex -38.6668 -39.0224 11
      vertex -37.6568 -38.4169 11
      vertex -39.2224 -38.1909 12
    endloop
  endfacet
  facet normal 0.363773 -0.606862 0.706674
    outer loop
      vertex -37.6568 -38.4169 11
      vertex -38.1282 -37.535 12
      vertex -39.2224 -38.1909 12
    endloop
  endfacet
  facet normal 0.514184 -0.85768 0
    outer loop
      vertex -38.6668 -39.0224 1
      vertex -37.6568 -38.4169 11
      vertex -38.6668 -39.0224 11
    endloop
  endfacet
  facet normal 0.514184 -0.85768 0
    outer loop
      vertex -37.6568 -38.4169 11
      vertex -38.6668 -39.0224 1
      vertex -37.6568 -38.4169 1
    endloop
  endfacet
  facet normal 0.363762 -0.606843 -0.706696
    outer loop
      vertex -38.1282 -37.535 0
      vertex -38.6668 -39.0224 1
      vertex -39.2224 -38.1909 0
    endloop
  endfacet
  facet normal 0.363806 -0.606843 -0.706673
    outer loop
      vertex -38.1282 -37.535 0
      vertex -37.6568 -38.4169 1
      vertex -38.6668 -39.0224 1
    endloop
  endfacet
  facet normal -0.363741 0.606885 -0.706671
    outer loop
      vertex -46.1419 -22.5424 2
      vertex -47.556 -25.7188 0
      vertex -48.6671 -24.0559 2
    endloop
  endfacet
  facet normal -0.363734 0.606884 -0.706675
    outer loop
      vertex -46.1419 -22.5424 2
      vertex -45.1991 -24.3062 0
      vertex -47.556 -25.7188 0
    endloop
  endfacet
  facet normal -0.427569 0.903983 0
    outer loop
      vertex -43.4805 -21.2836 2
      vertex -46.1419 -22.5424 10
      vertex -43.4805 -21.2836 10
    endloop
  endfacet
  facet normal -0.427569 0.903983 0
    outer loop
      vertex -46.1419 -22.5424 10
      vertex -43.4805 -21.2836 2
      vertex -46.1419 -22.5424 2
    endloop
  endfacet
  facet normal -0.302503 0.639612 0.706674
    outer loop
      vertex -45.1991 -24.3062 12
      vertex -42.7151 -23.1314 12
      vertex -46.1419 -22.5424 10
    endloop
  endfacet
  facet normal -0.302516 0.639589 0.706689
    outer loop
      vertex -42.7151 -23.1314 12
      vertex -43.4805 -21.2836 10
      vertex -46.1419 -22.5424 10
    endloop
  endfacet
  facet normal 0.302503 -0.639612 0.706674
    outer loop
      vertex -37.6568 -38.4169 11
      vertex -36.5922 -37.9134 11
      vertex -38.1282 -37.535 12
    endloop
  endfacet
  facet normal 0.302487 -0.639637 0.706658
    outer loop
      vertex -36.5922 -37.9134 11
      vertex -36.9749 -36.9896 12
      vertex -38.1282 -37.535 12
    endloop
  endfacet
  facet normal 0.427542 -0.903995 0
    outer loop
      vertex -37.6568 -38.4169 1
      vertex -36.5922 -37.9134 11
      vertex -37.6568 -38.4169 11
    endloop
  endfacet
  facet normal 0.427542 -0.903995 0
    outer loop
      vertex -36.5922 -37.9134 11
      vertex -37.6568 -38.4169 1
      vertex -36.5922 -37.9134 1
    endloop
  endfacet
  facet normal 0.30248 -0.639624 -0.706673
    outer loop
      vertex -36.9749 -36.9896 0
      vertex -37.6568 -38.4169 1
      vertex -38.1282 -37.535 0
    endloop
  endfacet
  facet normal 0.30251 -0.639627 -0.706658
    outer loop
      vertex -36.9749 -36.9896 0
      vertex -36.5922 -37.9134 1
      vertex -37.6568 -38.4169 1
    endloop
  endfacet
  facet normal -0.302522 0.639603 -0.706674
    outer loop
      vertex -43.4805 -21.2836 2
      vertex -45.1991 -24.3062 0
      vertex -46.1419 -22.5424 2
    endloop
  endfacet
  facet normal -0.302496 0.639598 -0.70669
    outer loop
      vertex -43.4805 -21.2836 2
      vertex -42.7151 -23.1314 0
      vertex -45.1991 -24.3062 0
    endloop
  endfacet
  facet normal -0.336879 0.941548 0
    outer loop
      vertex -40.7085 -20.2918 2
      vertex -43.4805 -21.2836 10
      vertex -40.7085 -20.2918 10
    endloop
  endfacet
  facet normal -0.336879 0.941548 0
    outer loop
      vertex -43.4805 -21.2836 10
      vertex -40.7085 -20.2918 2
      vertex -43.4805 -21.2836 2
    endloop
  endfacet
  facet normal -0.238362 0.666163 0.706689
    outer loop
      vertex -42.7151 -23.1314 12
      vertex -40.128 -22.2057 12
      vertex -43.4805 -21.2836 10
    endloop
  endfacet
  facet normal -0.238353 0.666177 0.70668
    outer loop
      vertex -40.128 -22.2057 12
      vertex -40.7085 -20.2918 10
      vertex -43.4805 -21.2836 10
    endloop
  endfacet
  facet normal 0.23835 -0.666203 0.706655
    outer loop
      vertex -36.5922 -37.9134 11
      vertex -35.4834 -37.5167 11
      vertex -36.9749 -36.9896 12
    endloop
  endfacet
  facet normal 0.238366 -0.666184 0.706669
    outer loop
      vertex -35.4834 -37.5167 11
      vertex -35.7737 -36.5598 12
      vertex -36.9749 -36.9896 12
    endloop
  endfacet
  facet normal 0.336864 -0.941553 0
    outer loop
      vertex -36.5922 -37.9134 1
      vertex -35.4834 -37.5167 11
      vertex -36.5922 -37.9134 11
    endloop
  endfacet
  facet normal 0.336864 -0.941553 0
    outer loop
      vertex -35.4834 -37.5167 11
      vertex -36.5922 -37.9134 1
      vertex -35.4834 -37.5167 1
    endloop
  endfacet
  facet normal 0.238371 -0.666196 -0.706656
    outer loop
      vertex -35.7737 -36.5598 0
      vertex -36.5922 -37.9134 1
      vertex -36.9749 -36.9896 0
    endloop
  endfacet
  facet normal 0.238346 -0.66619 -0.706669
    outer loop
      vertex -35.7737 -36.5598 0
      vertex -35.4834 -37.5167 1
      vertex -36.5922 -37.9134 1
    endloop
  endfacet
  facet normal -0.23835 0.666168 -0.706689
    outer loop
      vertex -40.7085 -20.2918 2
      vertex -42.7151 -23.1314 0
      vertex -43.4805 -21.2836 2
    endloop
  endfacet
  facet normal -0.238366 0.666173 -0.706679
    outer loop
      vertex -40.7085 -20.2918 2
      vertex -40.128 -22.2057 0
      vertex -42.7151 -23.1314 0
    endloop
  endfacet
  facet normal -0.242999 0.970027 0
    outer loop
      vertex -37.8527 -19.5764 2
      vertex -40.7085 -20.2918 10
      vertex -37.8527 -19.5764 10
    endloop
  endfacet
  facet normal -0.242999 0.970027 0
    outer loop
      vertex -40.7085 -20.2918 10
      vertex -37.8527 -19.5764 2
      vertex -40.7085 -20.2918 2
    endloop
  endfacet
  facet normal -0.171923 0.686327 0.706681
    outer loop
      vertex -40.128 -22.2057 12
      vertex -37.4625 -21.538 12
      vertex -40.7085 -20.2918 10
    endloop
  endfacet
  facet normal -0.171929 0.68632 0.706686
    outer loop
      vertex -37.4625 -21.538 12
      vertex -37.8527 -19.5764 10
      vertex -40.7085 -20.2918 10
    endloop
  endfacet
  facet normal 0.171902 -0.686346 0.706668
    outer loop
      vertex -35.4834 -37.5167 11
      vertex -34.3411 -37.2306 11
      vertex -35.7737 -36.5598 12
    endloop
  endfacet
  facet normal 0.171927 -0.686321 0.706686
    outer loop
      vertex -34.3411 -37.2306 11
      vertex -34.5362 -36.2498 12
      vertex -35.7737 -36.5598 12
    endloop
  endfacet
  facet normal 0.242955 -0.970038 0
    outer loop
      vertex -35.4834 -37.5167 1
      vertex -34.3411 -37.2306 11
      vertex -35.4834 -37.5167 11
    endloop
  endfacet
  facet normal 0.242955 -0.970038 0
    outer loop
      vertex -34.3411 -37.2306 11
      vertex -35.4834 -37.5167 1
      vertex -34.3411 -37.2306 1
    endloop
  endfacet
  facet normal 0.171931 -0.686338 -0.706668
    outer loop
      vertex -34.5362 -36.2498 0
      vertex -35.4834 -37.5167 1
      vertex -35.7737 -36.5598 0
    endloop
  endfacet
  facet normal 0.171897 -0.686327 -0.706687
    outer loop
      vertex -34.5362 -36.2498 0
      vertex -34.3411 -37.2306 1
      vertex -35.4834 -37.5167 1
    endloop
  endfacet
  facet normal -0.17193 0.686325 -0.706681
    outer loop
      vertex -37.8527 -19.5764 2
      vertex -40.128 -22.2057 0
      vertex -40.7085 -20.2918 2
    endloop
  endfacet
  facet normal -0.171922 0.686322 -0.706686
    outer loop
      vertex -37.8527 -19.5764 2
      vertex -37.4625 -21.538 0
      vertex -40.128 -22.2057 0
    endloop
  endfacet
  facet normal -0.146703 0.989181 0
    outer loop
      vertex -34.9405 -19.1445 2
      vertex -37.8527 -19.5764 10
      vertex -34.9405 -19.1445 10
    endloop
  endfacet
  facet normal -0.146703 0.989181 0
    outer loop
      vertex -37.8527 -19.5764 10
      vertex -34.9405 -19.1445 2
      vertex -37.8527 -19.5764 2
    endloop
  endfacet
  facet normal -0.103822 0.699868 0.706686
    outer loop
      vertex -37.4625 -21.538 12
      vertex -34.7445 -21.1348 12
      vertex -37.8527 -19.5764 10
    endloop
  endfacet
  facet normal -0.103799 0.69989 0.706668
    outer loop
      vertex -34.7445 -21.1348 12
      vertex -34.9405 -19.1445 10
      vertex -37.8527 -19.5764 10
    endloop
  endfacet
  facet normal 0.103818 -0.699869 0.706686
    outer loop
      vertex -34.3411 -37.2306 11
      vertex -33.1762 -37.0578 11
      vertex -34.5362 -36.2498 12
    endloop
  endfacet
  facet normal 0.103816 -0.69987 0.706685
    outer loop
      vertex -33.1762 -37.0578 11
      vertex -33.2742 -36.0626 12
      vertex -34.5362 -36.2498 12
    endloop
  endfacet
  facet normal 0.146733 -0.989176 0
    outer loop
      vertex -34.3411 -37.2306 1
      vertex -33.1762 -37.0578 11
      vertex -34.3411 -37.2306 11
    endloop
  endfacet
  facet normal 0.146733 -0.989176 0
    outer loop
      vertex -33.1762 -37.0578 11
      vertex -34.3411 -37.2306 1
      vertex -33.1762 -37.0578 1
    endloop
  endfacet
  facet normal 0.103816 -0.699869 -0.706686
    outer loop
      vertex -33.2742 -36.0626 0
      vertex -34.3411 -37.2306 1
      vertex -34.5362 -36.2498 0
    endloop
  endfacet
  facet normal 0.103818 -0.69987 -0.706685
    outer loop
      vertex -33.2742 -36.0626 0
      vertex -33.1762 -37.0578 1
      vertex -34.3411 -37.2306 1
    endloop
  endfacet
  facet normal -0.103796 0.699873 -0.706686
    outer loop
      vertex -34.9405 -19.1445 2
      vertex -37.4625 -21.538 0
      vertex -37.8527 -19.5764 2
    endloop
  endfacet
  facet normal -0.103824 0.699887 -0.706667
    outer loop
      vertex -34.9405 -19.1445 2
      vertex -34.7445 -21.1348 0
      vertex -37.4625 -21.538 0
    endloop
  endfacet
  facet normal -0.0490821 0.998795 0
    outer loop
      vertex -32 -19 2
      vertex -34.9405 -19.1445 10
      vertex -32 -19 10
    endloop
  endfacet
  facet normal -0.0490821 0.998795 0
    outer loop
      vertex -34.9405 -19.1445 10
      vertex -32 -19 2
      vertex -34.9405 -19.1445 2
    endloop
  endfacet
  facet normal -0.0347103 0.706694 0.706668
    outer loop
      vertex -34.7445 -21.1348 12
      vertex -32 -21 12
      vertex -34.9405 -19.1445 10
    endloop
  endfacet
  facet normal -0.0347272 0.70668 0.70668
    outer loop
      vertex -32 -21 12
      vertex -32 -19 10
      vertex -34.9405 -19.1445 10
    endloop
  endfacet
  facet normal 0.0347269 -0.706675 0.706686
    outer loop
      vertex -33.1762 -37.0578 11
      vertex -32 -37 11
      vertex -33.2742 -36.0626 12
    endloop
  endfacet
  facet normal 0.0347184 -0.70668 0.70668
    outer loop
      vertex -32 -37 11
      vertex -32 -36 12
      vertex -33.2742 -36.0626 12
    endloop
  endfacet
  facet normal 0.0490821 -0.998795 0
    outer loop
      vertex -33.1762 -37.0578 1
      vertex -32 -37 11
      vertex -33.1762 -37.0578 11
    endloop
  endfacet
  facet normal 0.0490821 -0.998795 0
    outer loop
      vertex -32 -37 11
      vertex -33.1762 -37.0578 1
      vertex -32 -37 1
    endloop
  endfacet
  facet normal 0.0347182 -0.706675 -0.706686
    outer loop
      vertex -32 -36 0
      vertex -33.1762 -37.0578 1
      vertex -33.2742 -36.0626 0
    endloop
  endfacet
  facet normal 0.0347272 -0.70668 -0.70668
    outer loop
      vertex -32 -36 0
      vertex -32 -37 1
      vertex -33.1762 -37.0578 1
    endloop
  endfacet
  facet normal -0.0347278 0.706692 -0.706668
    outer loop
      vertex -32 -19 2
      vertex -34.7445 -21.1348 0
      vertex -34.9405 -19.1445 2
    endloop
  endfacet
  facet normal -0.0347096 0.706681 -0.706681
    outer loop
      vertex -32 -19 2
      vertex -32 -21 0
      vertex -34.7445 -21.1348 0
    endloop
  endfacet
  facet normal 0.0490821 0.998795 -0
    outer loop
      vertex -29.0595 -19.1445 2
      vertex -32 -19 10
      vertex -29.0595 -19.1445 10
    endloop
  endfacet
  facet normal 0.0490821 0.998795 0
    outer loop
      vertex -32 -19 10
      vertex -29.0595 -19.1445 2
      vertex -32 -19 2
    endloop
  endfacet
  facet normal 0.0347096 0.706681 0.706681
    outer loop
      vertex -29.2555 -21.1348 12
      vertex -32 -19 10
      vertex -32 -21 12
    endloop
  endfacet
  facet normal 0.0347278 0.706692 0.706668
    outer loop
      vertex -29.2555 -21.1348 12
      vertex -29.0595 -19.1445 10
      vertex -32 -19 10
    endloop
  endfacet
  facet normal -0.0347272 -0.70668 0.70668
    outer loop
      vertex -30.8238 -37.0578 11
      vertex -32 -36 12
      vertex -32 -37 11
    endloop
  endfacet
  facet normal -0.0347182 -0.706675 0.706686
    outer loop
      vertex -30.8238 -37.0578 11
      vertex -30.7258 -36.0626 12
      vertex -32 -36 12
    endloop
  endfacet
  facet normal -0.0490821 -0.998795 0
    outer loop
      vertex -32 -37 1
      vertex -30.8238 -37.0578 11
      vertex -32 -37 11
    endloop
  endfacet
  facet normal -0.0490821 -0.998795 -0
    outer loop
      vertex -30.8238 -37.0578 11
      vertex -32 -37 1
      vertex -30.8238 -37.0578 1
    endloop
  endfacet
  facet normal -0.0347184 -0.70668 -0.70668
    outer loop
      vertex -32 -36 0
      vertex -30.7258 -36.0626 0
      vertex -32 -37 1
    endloop
  endfacet
  facet normal -0.0347269 -0.706675 -0.706686
    outer loop
      vertex -30.7258 -36.0626 0
      vertex -30.8238 -37.0578 1
      vertex -32 -37 1
    endloop
  endfacet
  facet normal 0.0347272 0.70668 -0.70668
    outer loop
      vertex -32 -19 2
      vertex -29.0595 -19.1445 2
      vertex -32 -21 0
    endloop
  endfacet
  facet normal 0.0347103 0.706694 -0.706668
    outer loop
      vertex -29.0595 -19.1445 2
      vertex -29.2555 -21.1348 0
      vertex -32 -21 0
    endloop
  endfacet
  facet normal 0.146703 0.989181 -0
    outer loop
      vertex -26.1473 -19.5764 2
      vertex -29.0595 -19.1445 10
      vertex -26.1473 -19.5764 10
    endloop
  endfacet
  facet normal 0.146703 0.989181 0
    outer loop
      vertex -29.0595 -19.1445 10
      vertex -26.1473 -19.5764 2
      vertex -29.0595 -19.1445 2
    endloop
  endfacet
  facet normal 0.103824 0.699887 0.706667
    outer loop
      vertex -26.5375 -21.538 12
      vertex -29.0595 -19.1445 10
      vertex -29.2555 -21.1348 12
    endloop
  endfacet
  facet normal 0.103796 0.699873 0.706686
    outer loop
      vertex -26.5375 -21.538 12
      vertex -26.1473 -19.5764 10
      vertex -29.0595 -19.1445 10
    endloop
  endfacet
  facet normal -0.103818 -0.69987 0.706685
    outer loop
      vertex -29.6589 -37.2306 11
      vertex -30.7258 -36.0626 12
      vertex -30.8238 -37.0578 11
    endloop
  endfacet
  facet normal -0.103816 -0.699869 0.706686
    outer loop
      vertex -29.6589 -37.2306 11
      vertex -29.4638 -36.2498 12
      vertex -30.7258 -36.0626 12
    endloop
  endfacet
  facet normal -0.146733 -0.989176 0
    outer loop
      vertex -30.8238 -37.0578 1
      vertex -29.6589 -37.2306 11
      vertex -30.8238 -37.0578 11
    endloop
  endfacet
  facet normal -0.146733 -0.989176 -0
    outer loop
      vertex -29.6589 -37.2306 11
      vertex -30.8238 -37.0578 1
      vertex -29.6589 -37.2306 1
    endloop
  endfacet
  facet normal -0.103816 -0.69987 -0.706685
    outer loop
      vertex -30.7258 -36.0626 0
      vertex -29.4638 -36.2498 0
      vertex -30.8238 -37.0578 1
    endloop
  endfacet
  facet normal -0.103818 -0.699869 -0.706686
    outer loop
      vertex -29.4638 -36.2498 0
      vertex -29.6589 -37.2306 1
      vertex -30.8238 -37.0578 1
    endloop
  endfacet
  facet normal 0.103799 0.69989 -0.706668
    outer loop
      vertex -29.0595 -19.1445 2
      vertex -26.1473 -19.5764 2
      vertex -29.2555 -21.1348 0
    endloop
  endfacet
  facet normal 0.103822 0.699868 -0.706686
    outer loop
      vertex -26.1473 -19.5764 2
      vertex -26.5375 -21.538 0
      vertex -29.2555 -21.1348 0
    endloop
  endfacet
  facet normal 0.242999 0.970027 -0
    outer loop
      vertex -23.2915 -20.2918 2
      vertex -26.1473 -19.5764 10
      vertex -23.2915 -20.2918 10
    endloop
  endfacet
  facet normal 0.242999 0.970027 0
    outer loop
      vertex -26.1473 -19.5764 10
      vertex -23.2915 -20.2918 2
      vertex -26.1473 -19.5764 2
    endloop
  endfacet
  facet normal 0.171922 0.686322 0.706686
    outer loop
      vertex -23.872 -22.2057 12
      vertex -26.1473 -19.5764 10
      vertex -26.5375 -21.538 12
    endloop
  endfacet
  facet normal 0.17193 0.686325 0.706681
    outer loop
      vertex -23.872 -22.2057 12
      vertex -23.2915 -20.2918 10
      vertex -26.1473 -19.5764 10
    endloop
  endfacet
  facet normal -0.171897 -0.686327 0.706687
    outer loop
      vertex -28.5166 -37.5167 11
      vertex -29.4638 -36.2498 12
      vertex -29.6589 -37.2306 11
    endloop
  endfacet
  facet normal -0.171931 -0.686338 0.706668
    outer loop
      vertex -28.5166 -37.5167 11
      vertex -28.2263 -36.5598 12
      vertex -29.4638 -36.2498 12
    endloop
  endfacet
  facet normal -0.242955 -0.970038 0
    outer loop
      vertex -29.6589 -37.2306 1
      vertex -28.5166 -37.5167 11
      vertex -29.6589 -37.2306 11
    endloop
  endfacet
  facet normal -0.242955 -0.970038 -0
    outer loop
      vertex -28.5166 -37.5167 11
      vertex -29.6589 -37.2306 1
      vertex -28.5166 -37.5167 1
    endloop
  endfacet
  facet normal -0.171927 -0.686321 -0.706686
    outer loop
      vertex -29.4638 -36.2498 0
      vertex -28.2263 -36.5598 0
      vertex -29.6589 -37.2306 1
    endloop
  endfacet
  facet normal -0.171902 -0.686346 -0.706668
    outer loop
      vertex -28.2263 -36.5598 0
      vertex -28.5166 -37.5167 1
      vertex -29.6589 -37.2306 1
    endloop
  endfacet
  facet normal 0.171929 0.68632 -0.706686
    outer loop
      vertex -26.1473 -19.5764 2
      vertex -23.2915 -20.2918 2
      vertex -26.5375 -21.538 0
    endloop
  endfacet
  facet normal 0.171923 0.686327 -0.706681
    outer loop
      vertex -23.2915 -20.2918 2
      vertex -23.872 -22.2057 0
      vertex -26.5375 -21.538 0
    endloop
  endfacet
  facet normal 0.336879 0.941548 -0
    outer loop
      vertex -20.5195 -21.2836 2
      vertex -23.2915 -20.2918 10
      vertex -20.5195 -21.2836 10
    endloop
  endfacet
  facet normal 0.336879 0.941548 0
    outer loop
      vertex -23.2915 -20.2918 10
      vertex -20.5195 -21.2836 2
      vertex -23.2915 -20.2918 2
    endloop
  endfacet
  facet normal 0.238366 0.666173 0.706679
    outer loop
      vertex -21.2849 -23.1314 12
      vertex -23.2915 -20.2918 10
      vertex -23.872 -22.2057 12
    endloop
  endfacet
  facet normal 0.23835 0.666168 0.706689
    outer loop
      vertex -21.2849 -23.1314 12
      vertex -20.5195 -21.2836 10
      vertex -23.2915 -20.2918 10
    endloop
  endfacet
  facet normal -0.238346 -0.66619 0.706669
    outer loop
      vertex -27.4078 -37.9134 11
      vertex -28.2263 -36.5598 12
      vertex -28.5166 -37.5167 11
    endloop
  endfacet
  facet normal -0.238371 -0.666196 0.706656
    outer loop
      vertex -27.4078 -37.9134 11
      vertex -27.0251 -36.9896 12
      vertex -28.2263 -36.5598 12
    endloop
  endfacet
  facet normal -0.336864 -0.941553 0
    outer loop
      vertex -28.5166 -37.5167 1
      vertex -27.4078 -37.9134 11
      vertex -28.5166 -37.5167 11
    endloop
  endfacet
  facet normal -0.336864 -0.941553 -0
    outer loop
      vertex -27.4078 -37.9134 11
      vertex -28.5166 -37.5167 1
      vertex -27.4078 -37.9134 1
    endloop
  endfacet
  facet normal -0.238366 -0.666184 -0.706669
    outer loop
      vertex -28.2263 -36.5598 0
      vertex -27.0251 -36.9896 0
      vertex -28.5166 -37.5167 1
    endloop
  endfacet
  facet normal -0.23835 -0.666203 -0.706655
    outer loop
      vertex -27.0251 -36.9896 0
      vertex -27.4078 -37.9134 1
      vertex -28.5166 -37.5167 1
    endloop
  endfacet
  facet normal 0.238353 0.666177 -0.70668
    outer loop
      vertex -23.2915 -20.2918 2
      vertex -20.5195 -21.2836 2
      vertex -23.872 -22.2057 0
    endloop
  endfacet
  facet normal 0.238362 0.666163 -0.706689
    outer loop
      vertex -20.5195 -21.2836 2
      vertex -21.2849 -23.1314 0
      vertex -23.872 -22.2057 0
    endloop
  endfacet
  facet normal 0.427569 0.903983 -0
    outer loop
      vertex -17.8581 -22.5424 2
      vertex -20.5195 -21.2836 10
      vertex -17.8581 -22.5424 10
    endloop
  endfacet
  facet normal 0.427569 0.903983 0
    outer loop
      vertex -20.5195 -21.2836 10
      vertex -17.8581 -22.5424 2
      vertex -20.5195 -21.2836 2
    endloop
  endfacet
  facet normal 0.302496 0.639598 0.70669
    outer loop
      vertex -18.8009 -24.3062 12
      vertex -20.5195 -21.2836 10
      vertex -21.2849 -23.1314 12
    endloop
  endfacet
  facet normal 0.302522 0.639603 0.706674
    outer loop
      vertex -18.8009 -24.3062 12
      vertex -17.8581 -22.5424 10
      vertex -20.5195 -21.2836 10
    endloop
  endfacet
  facet normal -0.30251 -0.639627 0.706658
    outer loop
      vertex -26.3432 -38.4169 11
      vertex -27.0251 -36.9896 12
      vertex -27.4078 -37.9134 11
    endloop
  endfacet
  facet normal -0.30248 -0.639624 0.706673
    outer loop
      vertex -26.3432 -38.4169 11
      vertex -25.8718 -37.535 12
      vertex -27.0251 -36.9896 12
    endloop
  endfacet
  facet normal -0.427542 -0.903995 0
    outer loop
      vertex -27.4078 -37.9134 1
      vertex -26.3432 -38.4169 11
      vertex -27.4078 -37.9134 11
    endloop
  endfacet
  facet normal -0.427542 -0.903995 -0
    outer loop
      vertex -26.3432 -38.4169 11
      vertex -27.4078 -37.9134 1
      vertex -26.3432 -38.4169 1
    endloop
  endfacet
  facet normal -0.302487 -0.639637 -0.706658
    outer loop
      vertex -27.0251 -36.9896 0
      vertex -25.8718 -37.535 0
      vertex -27.4078 -37.9134 1
    endloop
  endfacet
  facet normal -0.302503 -0.639612 -0.706674
    outer loop
      vertex -25.8718 -37.535 0
      vertex -26.3432 -38.4169 1
      vertex -27.4078 -37.9134 1
    endloop
  endfacet
  facet normal 0.302516 0.639589 -0.706689
    outer loop
      vertex -20.5195 -21.2836 2
      vertex -17.8581 -22.5424 2
      vertex -21.2849 -23.1314 0
    endloop
  endfacet
  facet normal 0.302503 0.639612 -0.706674
    outer loop
      vertex -17.8581 -22.5424 2
      vertex -18.8009 -24.3062 0
      vertex -21.2849 -23.1314 0
    endloop
  endfacet
  facet normal 0.514091 0.857736 -0
    outer loop
      vertex -15.3329 -24.0559 2
      vertex -17.8581 -22.5424 10
      vertex -15.3329 -24.0559 10
    endloop
  endfacet
  facet normal 0.514091 0.857736 0
    outer loop
      vertex -17.8581 -22.5424 10
      vertex -15.3329 -24.0559 2
      vertex -17.8581 -22.5424 2
    endloop
  endfacet
  facet normal 0.363734 0.606884 0.706675
    outer loop
      vertex -16.444 -25.7188 12
      vertex -17.8581 -22.5424 10
      vertex -18.8009 -24.3062 12
    endloop
  endfacet
  facet normal 0.363741 0.606885 0.706671
    outer loop
      vertex -16.444 -25.7188 12
      vertex -15.3329 -24.0559 10
      vertex -17.8581 -22.5424 10
    endloop
  endfacet
  facet normal -0.363806 -0.606843 0.706673
    outer loop
      vertex -25.3332 -39.0224 11
      vertex -25.8718 -37.535 12
      vertex -26.3432 -38.4169 11
    endloop
  endfacet
  facet normal -0.363762 -0.606843 0.706696
    outer loop
      vertex -25.3332 -39.0224 11
      vertex -24.7776 -38.1909 12
      vertex -25.8718 -37.535 12
    endloop
  endfacet
  facet normal -0.514184 -0.85768 0
    outer loop
      vertex -26.3432 -38.4169 1
      vertex -25.3332 -39.0224 11
      vertex -26.3432 -38.4169 11
    endloop
  endfacet
  facet normal -0.514184 -0.85768 -0
    outer loop
      vertex -25.3332 -39.0224 11
      vertex -26.3432 -38.4169 1
      vertex -25.3332 -39.0224 1
    endloop
  endfacet
  facet normal -0.363773 -0.606862 -0.706674
    outer loop
      vertex -25.8718 -37.535 0
      vertex -24.7776 -38.1909 0
      vertex -26.3432 -38.4169 1
    endloop
  endfacet
  facet normal -0.363793 -0.606823 -0.706697
    outer loop
      vertex -24.7776 -38.1909 0
      vertex -25.3332 -39.0224 1
      vertex -26.3432 -38.4169 1
    endloop
  endfacet
  facet normal 0.363739 0.606881 -0.706675
    outer loop
      vertex -17.8581 -22.5424 2
      vertex -15.3329 -24.0559 2
      vertex -18.8009 -24.3062 0
    endloop
  endfacet
  facet normal 0.363736 0.606888 -0.70667
    outer loop
      vertex -15.3329 -24.0559 2
      vertex -16.444 -25.7188 0
      vertex -18.8009 -24.3062 0
    endloop
  endfacet
  facet normal 0.595703 0.803204 -0
    outer loop
      vertex -12.9682 -25.8097 2
      vertex -15.3329 -24.0559 10
      vertex -12.9682 -25.8097 10
    endloop
  endfacet
  facet normal 0.595703 0.803204 0
    outer loop
      vertex -15.3329 -24.0559 10
      vertex -12.9682 -25.8097 2
      vertex -15.3329 -24.0559 2
    endloop
  endfacet
  facet normal 0.421496 0.568294 0.70667
    outer loop
      vertex -14.237 -27.3557 12
      vertex -15.3329 -24.0559 10
      vertex -16.444 -25.7188 12
    endloop
  endfacet
  facet normal 0.421481 0.568295 0.706679
    outer loop
      vertex -14.237 -27.3557 12
      vertex -12.9682 -25.8097 10
      vertex -15.3329 -24.0559 10
    endloop
  endfacet
  facet normal -0.421457 -0.568291 0.706696
    outer loop
      vertex -24.3873 -39.7239 11
      vertex -24.7776 -38.1909 12
      vertex -25.3332 -39.0224 11
    endloop
  endfacet
  facet normal -0.421488 -0.568288 0.706679
    outer loop
      vertex -24.3873 -39.7239 11
      vertex -23.7529 -38.9509 12
      vertex -24.7776 -38.1909 12
    endloop
  endfacet
  facet normal -0.595684 -0.803219 0
    outer loop
      vertex -25.3332 -39.0224 1
      vertex -24.3873 -39.7239 11
      vertex -25.3332 -39.0224 11
    endloop
  endfacet
  facet normal -0.595684 -0.803219 -0
    outer loop
      vertex -24.3873 -39.7239 11
      vertex -25.3332 -39.0224 1
      vertex -24.3873 -39.7239 1
    endloop
  endfacet
  facet normal -0.421479 -0.568276 -0.706695
    outer loop
      vertex -24.7776 -38.1909 0
      vertex -23.7529 -38.9509 0
      vertex -25.3332 -39.0224 1
    endloop
  endfacet
  facet normal -0.421467 -0.568305 -0.706679
    outer loop
      vertex -23.7529 -38.9509 0
      vertex -24.3873 -39.7239 1
      vertex -25.3332 -39.0224 1
    endloop
  endfacet
  facet normal 0.421486 0.568301 -0.706671
    outer loop
      vertex -15.3329 -24.0559 2
      vertex -12.9682 -25.8097 2
      vertex -16.444 -25.7188 0
    endloop
  endfacet
  facet normal 0.42149 0.568287 -0.706679
    outer loop
      vertex -12.9682 -25.8097 2
      vertex -14.237 -27.3557 0
      vertex -16.444 -25.7188 0
    endloop
  endfacet
  facet normal 0.671558 0.740952 -0
    outer loop
      vertex -10.7868 -27.7868 2
      vertex -12.9682 -25.8097 10
      vertex -10.7868 -27.7868 10
    endloop
  endfacet
  facet normal 0.671558 0.740952 0
    outer loop
      vertex -12.9682 -25.8097 10
      vertex -10.7868 -27.7868 2
      vertex -12.9682 -25.8097 2
    endloop
  endfacet
  facet normal 0.475147 0.524251 0.706679
    outer loop
      vertex -12.201 -29.201 12
      vertex -12.9682 -25.8097 10
      vertex -14.237 -27.3557 12
    endloop
  endfacet
  facet normal 0.475152 0.52425 0.706677
    outer loop
      vertex -12.201 -29.201 12
      vertex -10.7868 -27.7868 10
      vertex -12.9682 -25.8097 10
    endloop
  endfacet
  facet normal -0.475124 -0.524271 0.70668
    outer loop
      vertex -23.5147 -40.5147 11
      vertex -23.7529 -38.9509 12
      vertex -24.3873 -39.7239 11
    endloop
  endfacet
  facet normal -0.475131 -0.52427 0.706676
    outer loop
      vertex -23.5147 -40.5147 11
      vertex -22.8076 -39.8076 12
      vertex -23.7529 -38.9509 12
    endloop
  endfacet
  facet normal -0.671522 -0.740984 0
    outer loop
      vertex -24.3873 -39.7239 1
      vertex -23.5147 -40.5147 11
      vertex -24.3873 -39.7239 11
    endloop
  endfacet
  facet normal -0.671522 -0.740984 -0
    outer loop
      vertex -23.5147 -40.5147 11
      vertex -24.3873 -39.7239 1
      vertex -23.5147 -40.5147 1
    endloop
  endfacet
  facet normal -0.475129 -0.524267 -0.70668
    outer loop
      vertex -23.7529 -38.9509 0
      vertex -22.8076 -39.8076 0
      vertex -24.3873 -39.7239 1
    endloop
  endfacet
  facet normal -0.475127 -0.524274 -0.706676
    outer loop
      vertex -22.8076 -39.8076 0
      vertex -23.5147 -40.5147 1
      vertex -24.3873 -39.7239 1
    endloop
  endfacet
  facet normal 0.47515 0.524249 -0.706679
    outer loop
      vertex -12.9682 -25.8097 2
      vertex -10.7868 -27.7868 2
      vertex -14.237 -27.3557 0
    endloop
  endfacet
  facet normal 0.475149 0.524253 -0.706677
    outer loop
      vertex -10.7868 -27.7868 2
      vertex -12.201 -29.201 0
      vertex -14.237 -27.3557 0
    endloop
  endfacet
  facet normal 0.74095 0.67156 0
    outer loop
      vertex -8.80969 -29.9682 10
      vertex -10.7868 -27.7868 2
      vertex -10.7868 -27.7868 10
    endloop
  endfacet
  facet normal 0.74095 0.67156 0
    outer loop
      vertex -10.7868 -27.7868 2
      vertex -8.80969 -29.9682 10
      vertex -8.80969 -29.9682 2
    endloop
  endfacet
  facet normal 0.524253 0.475149 0.706677
    outer loop
      vertex -10.3557 -31.237 12
      vertex -10.7868 -27.7868 10
      vertex -12.201 -29.201 12
    endloop
  endfacet
  facet normal 0.524247 0.47515 0.706681
    outer loop
      vertex -10.3557 -31.237 12
      vertex -8.80969 -29.9682 10
      vertex -10.7868 -27.7868 10
    endloop
  endfacet
  facet normal -0.524274 -0.475127 0.706676
    outer loop
      vertex -22.7239 -41.3873 11
      vertex -22.8076 -39.8076 12
      vertex -23.5147 -40.5147 11
    endloop
  endfacet
  facet normal -0.524267 -0.475129 0.70668
    outer loop
      vertex -22.7239 -41.3873 11
      vertex -21.9509 -40.7529 12
      vertex -22.8076 -39.8076 12
    endloop
  endfacet
  facet normal -0.740984 -0.671522 0
    outer loop
      vertex -22.7239 -41.3873 1
      vertex -23.5147 -40.5147 11
      vertex -23.5147 -40.5147 1
    endloop
  endfacet
  facet normal -0.740984 -0.671522 0
    outer loop
      vertex -23.5147 -40.5147 11
      vertex -22.7239 -41.3873 1
      vertex -22.7239 -41.3873 11
    endloop
  endfacet
  facet normal -0.52427 -0.475131 -0.706676
    outer loop
      vertex -22.8076 -39.8076 0
      vertex -21.9509 -40.7529 0
      vertex -23.5147 -40.5147 1
    endloop
  endfacet
  facet normal -0.524271 -0.475124 -0.70668
    outer loop
      vertex -21.9509 -40.7529 0
      vertex -22.7239 -41.3873 1
      vertex -23.5147 -40.5147 1
    endloop
  endfacet
  facet normal 0.524249 0.475153 -0.706677
    outer loop
      vertex -10.7868 -27.7868 2
      vertex -8.80969 -29.9682 2
      vertex -12.201 -29.201 0
    endloop
  endfacet
  facet normal 0.52425 0.475147 -0.706681
    outer loop
      vertex -8.80969 -29.9682 2
      vertex -10.3557 -31.237 0
      vertex -12.201 -29.201 0
    endloop
  endfacet
  facet normal 0.803208 0.595699 0
    outer loop
      vertex -7.05591 -32.3329 10
      vertex -8.80969 -29.9682 2
      vertex -8.80969 -29.9682 10
    endloop
  endfacet
  facet normal 0.803208 0.595699 0
    outer loop
      vertex -8.80969 -29.9682 2
      vertex -7.05591 -32.3329 10
      vertex -7.05591 -32.3329 2
    endloop
  endfacet
  facet normal 0.568292 0.421481 0.706681
    outer loop
      vertex -8.71885 -33.444 12
      vertex -8.80969 -29.9682 10
      vertex -10.3557 -31.237 12
    endloop
  endfacet
  facet normal 0.568299 0.421479 0.706676
    outer loop
      vertex -8.71885 -33.444 12
      vertex -7.05591 -32.3329 10
      vertex -8.80969 -29.9682 10
    endloop
  endfacet
  facet normal -0.568305 -0.421467 0.706679
    outer loop
      vertex -22.0224 -42.3332 11
      vertex -21.9509 -40.7529 12
      vertex -22.7239 -41.3873 11
    endloop
  endfacet
  facet normal -0.568276 -0.421479 0.706695
    outer loop
      vertex -21.1909 -41.7776 12
      vertex -21.9509 -40.7529 12
      vertex -22.0224 -42.3332 11
    endloop
  endfacet
  facet normal -0.803219 -0.595684 0
    outer loop
      vertex -22.0224 -42.3332 1
      vertex -22.7239 -41.3873 11
      vertex -22.7239 -41.3873 1
    endloop
  endfacet
  facet normal -0.803219 -0.595684 0
    outer loop
      vertex -22.7239 -41.3873 11
      vertex -22.0224 -42.3332 1
      vertex -22.0224 -42.3332 11
    endloop
  endfacet
  facet normal -0.568288 -0.421488 -0.706679
    outer loop
      vertex -21.9509 -40.7529 0
      vertex -21.1909 -41.7776 0
      vertex -22.7239 -41.3873 1
    endloop
  endfacet
  facet normal -0.568291 -0.421457 -0.706696
    outer loop
      vertex -21.1909 -41.7776 0
      vertex -22.0224 -42.3332 1
      vertex -22.7239 -41.3873 1
    endloop
  endfacet
  facet normal 0.568296 0.421477 -0.70668
    outer loop
      vertex -8.80969 -29.9682 2
      vertex -7.05591 -32.3329 2
      vertex -10.3557 -31.237 0
    endloop
  endfacet
  facet normal 0.568296 0.421484 -0.706676
    outer loop
      vertex -7.05591 -32.3329 2
      vertex -8.71885 -33.444 0
      vertex -10.3557 -31.237 0
    endloop
  endfacet
  facet normal 0.857728 0.514104 0
    outer loop
      vertex -5.54236 -34.8581 10
      vertex -7.05591 -32.3329 2
      vertex -7.05591 -32.3329 10
    endloop
  endfacet
  facet normal 0.857728 0.514104 0
    outer loop
      vertex -7.05591 -32.3329 2
      vertex -5.54236 -34.8581 10
      vertex -5.54236 -34.8581 2
    endloop
  endfacet
  facet normal 0.606877 0.363742 0.706677
    outer loop
      vertex -7.3062 -35.8009 12
      vertex -7.05591 -32.3329 10
      vertex -8.71885 -33.444 12
    endloop
  endfacet
  facet normal 0.606871 0.363745 0.706681
    outer loop
      vertex -5.54236 -34.8581 10
      vertex -7.05591 -32.3329 10
      vertex -7.3062 -35.8009 12
    endloop
  endfacet
  facet normal -0.606823 -0.363793 0.706697
    outer loop
      vertex -21.4169 -43.3432 11
      vertex -21.1909 -41.7776 12
      vertex -22.0224 -42.3332 11
    endloop
  endfacet
  facet normal -0.606862 -0.363773 0.706674
    outer loop
      vertex -20.535 -42.8718 12
      vertex -21.1909 -41.7776 12
      vertex -21.4169 -43.3432 11
    endloop
  endfacet
  facet normal -0.85768 -0.514184 0
    outer loop
      vertex -21.4169 -43.3432 1
      vertex -22.0224 -42.3332 11
      vertex -22.0224 -42.3332 1
    endloop
  endfacet
  facet normal -0.85768 -0.514184 0
    outer loop
      vertex -22.0224 -42.3332 11
      vertex -21.4169 -43.3432 1
      vertex -21.4169 -43.3432 11
    endloop
  endfacet
  facet normal -0.606843 -0.363762 -0.706696
    outer loop
      vertex -21.1909 -41.7776 0
      vertex -20.535 -42.8718 0
      vertex -22.0224 -42.3332 1
    endloop
  endfacet
  facet normal -0.606843 -0.363806 -0.706673
    outer loop
      vertex -20.535 -42.8718 0
      vertex -21.4169 -43.3432 1
      vertex -22.0224 -42.3332 1
    endloop
  endfacet
  facet normal 0.606874 0.363747 -0.706677
    outer loop
      vertex -7.05591 -32.3329 2
      vertex -5.54236 -34.8581 2
      vertex -8.71885 -33.444 0
    endloop
  endfacet
  facet normal 0.606873 0.36374 -0.706681
    outer loop
      vertex -5.54236 -34.8581 2
      vertex -7.3062 -35.8009 0
      vertex -8.71885 -33.444 0
    endloop
  endfacet
  facet normal 0.903989 0.427556 0
    outer loop
      vertex -4.28361 -37.5195 10
      vertex -5.54236 -34.8581 2
      vertex -5.54236 -34.8581 10
    endloop
  endfacet
  facet normal 0.903989 0.427556 0
    outer loop
      vertex -5.54236 -34.8581 2
      vertex -4.28361 -37.5195 10
      vertex -4.28361 -37.5195 2
    endloop
  endfacet
  facet normal 0.639603 0.302506 0.706681
    outer loop
      vertex -6.13137 -38.2849 12
      vertex -5.54236 -34.8581 10
      vertex -7.3062 -35.8009 12
    endloop
  endfacet
  facet normal 0.6396 0.302508 0.706683
    outer loop
      vertex -4.28361 -37.5195 10
      vertex -5.54236 -34.8581 10
      vertex -6.13137 -38.2849 12
    endloop
  endfacet
  facet normal -0.639612 -0.302503 0.706674
    outer loop
      vertex -20.9134 -44.4078 11
      vertex -20.535 -42.8718 12
      vertex -21.4169 -43.3432 11
    endloop
  endfacet
  facet normal -0.639637 -0.302487 0.706658
    outer loop
      vertex -19.9896 -44.0251 12
      vertex -20.535 -42.8718 12
      vertex -20.9134 -44.4078 11
    endloop
  endfacet
  facet normal -0.903995 -0.427542 0
    outer loop
      vertex -20.9134 -44.4078 1
      vertex -21.4169 -43.3432 11
      vertex -21.4169 -43.3432 1
    endloop
  endfacet
  facet normal -0.903995 -0.427542 0
    outer loop
      vertex -21.4169 -43.3432 11
      vertex -20.9134 -44.4078 1
      vertex -20.9134 -44.4078 11
    endloop
  endfacet
  facet normal -0.639624 -0.30248 -0.706673
    outer loop
      vertex -20.535 -42.8718 0
      vertex -19.9896 -44.0251 0
      vertex -21.4169 -43.3432 1
    endloop
  endfacet
  facet normal -0.639627 -0.30251 -0.706658
    outer loop
      vertex -19.9896 -44.0251 0
      vertex -20.9134 -44.4078 1
      vertex -21.4169 -43.3432 1
    endloop
  endfacet
  facet normal 0.639602 0.30251 -0.706681
    outer loop
      vertex -5.54236 -34.8581 2
      vertex -4.28361 -37.5195 2
      vertex -7.3062 -35.8009 0
    endloop
  endfacet
  facet normal 0.639601 0.302505 -0.706683
    outer loop
      vertex -4.28361 -37.5195 2
      vertex -6.13137 -38.2849 0
      vertex -7.3062 -35.8009 0
    endloop
  endfacet
  facet normal 0.941546 0.336885 0
    outer loop
      vertex -3.29179 -40.2915 10
      vertex -4.28361 -37.5195 2
      vertex -4.28361 -37.5195 10
    endloop
  endfacet
  facet normal 0.941546 0.336885 0
    outer loop
      vertex -4.28361 -37.5195 2
      vertex -3.29179 -40.2915 10
      vertex -3.29179 -40.2915 2
    endloop
  endfacet
  facet normal 0.666169 0.238365 0.706683
    outer loop
      vertex -5.20567 -40.872 12
      vertex -4.28361 -37.5195 10
      vertex -6.13137 -38.2849 12
    endloop
  endfacet
  facet normal 0.666179 0.238358 0.706676
    outer loop
      vertex -3.29179 -40.2915 10
      vertex -4.28361 -37.5195 10
      vertex -5.20567 -40.872 12
    endloop
  endfacet
  facet normal -0.666203 -0.23835 0.706655
    outer loop
      vertex -20.5167 -45.5166 11
      vertex -19.9896 -44.0251 12
      vertex -20.9134 -44.4078 11
    endloop
  endfacet
  facet normal -0.666184 -0.238366 0.706669
    outer loop
      vertex -19.5598 -45.2263 12
      vertex -19.9896 -44.0251 12
      vertex -20.5167 -45.5166 11
    endloop
  endfacet
  facet normal -0.941553 -0.336864 0
    outer loop
      vertex -20.5167 -45.5166 1
      vertex -20.9134 -44.4078 11
      vertex -20.9134 -44.4078 1
    endloop
  endfacet
  facet normal -0.941553 -0.336864 0
    outer loop
      vertex -20.9134 -44.4078 11
      vertex -20.5167 -45.5166 1
      vertex -20.5167 -45.5166 11
    endloop
  endfacet
  facet normal -0.666196 -0.238371 -0.706656
    outer loop
      vertex -19.9896 -44.0251 0
      vertex -19.5598 -45.2263 0
      vertex -20.9134 -44.4078 1
    endloop
  endfacet
  facet normal -0.66619 -0.238346 -0.706669
    outer loop
      vertex -19.5598 -45.2263 0
      vertex -20.5167 -45.5166 1
      vertex -20.9134 -44.4078 1
    endloop
  endfacet
  facet normal 0.666173 0.238356 -0.706683
    outer loop
      vertex -4.28361 -37.5195 2
      vertex -3.29179 -40.2915 2
      vertex -6.13137 -38.2849 0
    endloop
  endfacet
  facet normal 0.666176 0.238367 -0.706676
    outer loop
      vertex -3.29179 -40.2915 2
      vertex -5.20567 -40.872 0
      vertex -6.13137 -38.2849 0
    endloop
  endfacet
  facet normal 0.970031 0.242983 0
    outer loop
      vertex -2.57644 -43.1473 10
      vertex -3.29179 -40.2915 2
      vertex -3.29179 -40.2915 10
    endloop
  endfacet
  facet normal 0.970031 0.242983 0
    outer loop
      vertex -3.29179 -40.2915 2
      vertex -2.57644 -43.1473 10
      vertex -2.57644 -43.1473 2
    endloop
  endfacet
  facet normal 0.686333 0.171914 0.706677
    outer loop
      vertex -4.53801 -43.5375 12
      vertex -3.29179 -40.2915 10
      vertex -5.20567 -40.872 12
    endloop
  endfacet
  facet normal 0.686328 0.171918 0.706681
    outer loop
      vertex -2.57644 -43.1473 10
      vertex -3.29179 -40.2915 10
      vertex -4.53801 -43.5375 12
    endloop
  endfacet
  facet normal -0.686346 -0.171902 0.706668
    outer loop
      vertex -20.2306 -46.6589 11
      vertex -19.5598 -45.2263 12
      vertex -20.5167 -45.5166 11
    endloop
  endfacet
  facet normal -0.686321 -0.171927 0.706686
    outer loop
      vertex -19.2498 -46.4638 12
      vertex -19.5598 -45.2263 12
      vertex -20.2306 -46.6589 11
    endloop
  endfacet
  facet normal -0.970038 -0.242955 0
    outer loop
      vertex -20.2306 -46.6589 1
      vertex -20.5167 -45.5166 11
      vertex -20.5167 -45.5166 1
    endloop
  endfacet
  facet normal -0.970038 -0.242955 0
    outer loop
      vertex -20.5167 -45.5166 11
      vertex -20.2306 -46.6589 1
      vertex -20.2306 -46.6589 11
    endloop
  endfacet
  facet normal -0.686338 -0.171931 -0.706668
    outer loop
      vertex -19.5598 -45.2263 0
      vertex -19.2498 -46.4638 0
      vertex -20.5167 -45.5166 1
    endloop
  endfacet
  facet normal -0.686327 -0.171897 -0.706687
    outer loop
      vertex -19.2498 -46.4638 0
      vertex -20.2306 -46.6589 1
      vertex -20.5167 -45.5166 1
    endloop
  endfacet
  facet normal 0.686331 0.171919 -0.706677
    outer loop
      vertex -3.29179 -40.2915 2
      vertex -2.57644 -43.1473 2
      vertex -5.20567 -40.872 0
    endloop
  endfacet
  facet normal 0.686329 0.171913 -0.706681
    outer loop
      vertex -2.57644 -43.1473 2
      vertex -4.53801 -43.5375 0
      vertex -5.20567 -40.872 0
    endloop
  endfacet
  facet normal 0.989177 0.146729 0
    outer loop
      vertex -2.14446 -46.0595 10
      vertex -2.57644 -43.1473 2
      vertex -2.57644 -43.1473 10
    endloop
  endfacet
  facet normal 0.989177 0.146729 0
    outer loop
      vertex -2.57644 -43.1473 2
      vertex -2.14446 -46.0595 10
      vertex -2.14446 -46.0595 2
    endloop
  endfacet
  facet normal 0.699874 0.103817 0.706681
    outer loop
      vertex -4.13483 -46.2555 12
      vertex -2.57644 -43.1473 10
      vertex -4.53801 -43.5375 12
    endloop
  endfacet
  facet normal 0.699876 0.103816 0.70668
    outer loop
      vertex -2.14446 -46.0595 10
      vertex -2.57644 -43.1473 10
      vertex -4.13483 -46.2555 12
    endloop
  endfacet
  facet normal -0.699869 -0.103818 0.706686
    outer loop
      vertex -20.0578 -47.8238 11
      vertex -19.2498 -46.4638 12
      vertex -20.2306 -46.6589 11
    endloop
  endfacet
  facet normal -0.69987 -0.103816 0.706685
    outer loop
      vertex -19.0626 -47.7258 12
      vertex -19.2498 -46.4638 12
      vertex -20.0578 -47.8238 11
    endloop
  endfacet
  facet normal -0.989176 -0.146733 0
    outer loop
      vertex -20.0578 -47.8238 1
      vertex -20.2306 -46.6589 11
      vertex -20.2306 -46.6589 1
    endloop
  endfacet
  facet normal -0.989176 -0.146733 0
    outer loop
      vertex -20.2306 -46.6589 11
      vertex -20.0578 -47.8238 1
      vertex -20.0578 -47.8238 11
    endloop
  endfacet
  facet normal -0.699869 -0.103816 -0.706686
    outer loop
      vertex -19.2498 -46.4638 0
      vertex -19.0626 -47.7258 0
      vertex -20.2306 -46.6589 1
    endloop
  endfacet
  facet normal -0.69987 -0.103818 -0.706685
    outer loop
      vertex -19.0626 -47.7258 0
      vertex -20.0578 -47.8238 1
      vertex -20.2306 -46.6589 1
    endloop
  endfacet
  facet normal 0.699875 0.103816 -0.706681
    outer loop
      vertex -2.57644 -43.1473 2
      vertex -2.14446 -46.0595 2
      vertex -4.53801 -43.5375 0
    endloop
  endfacet
  facet normal 0.699876 0.103817 -0.70668
    outer loop
      vertex -2.14446 -46.0595 2
      vertex -4.13483 -46.2555 0
      vertex -4.53801 -43.5375 0
    endloop
  endfacet
  facet normal 0.998795 0.0490685 0
    outer loop
      vertex -2 -49 10
      vertex -2.14446 -46.0595 2
      vertex -2.14446 -46.0595 10
    endloop
  endfacet
  facet normal 0.998795 0.0490685 0
    outer loop
      vertex -2.14446 -46.0595 2
      vertex -2 -49 10
      vertex -2 -49 2
    endloop
  endfacet
  facet normal 0.706681 0.0347173 0.70668
    outer loop
      vertex -4 -49 12
      vertex -2.14446 -46.0595 10
      vertex -4.13483 -46.2555 12
    endloop
  endfacet
  facet normal 0.706681 0.0347176 0.706681
    outer loop
      vertex -2 -49 10
      vertex -2.14446 -46.0595 10
      vertex -4 -49 12
    endloop
  endfacet
  facet normal -0.706675 -0.0347269 0.706686
    outer loop
      vertex -20 -49 11
      vertex -19.0626 -47.7258 12
      vertex -20.0578 -47.8238 11
    endloop
  endfacet
  facet normal -0.70668 -0.0347184 0.70668
    outer loop
      vertex -19 -49 12
      vertex -19.0626 -47.7258 12
      vertex -20 -49 11
    endloop
  endfacet
  facet normal -0.998795 -0.0490821 0
    outer loop
      vertex -20 -49 1
      vertex -20.0578 -47.8238 11
      vertex -20.0578 -47.8238 1
    endloop
  endfacet
  facet normal -0.998795 -0.0490821 0
    outer loop
      vertex -20.0578 -47.8238 11
      vertex -20 -49 1
      vertex -20 -49 11
    endloop
  endfacet
  facet normal -0.706675 -0.0347182 -0.706686
    outer loop
      vertex -19.0626 -47.7258 0
      vertex -19 -49 0
      vertex -20.0578 -47.8238 1
    endloop
  endfacet
  facet normal -0.70668 -0.0347272 -0.70668
    outer loop
      vertex -19 -49 0
      vertex -20 -49 1
      vertex -20.0578 -47.8238 1
    endloop
  endfacet
  facet normal 0.706681 0.0347176 -0.70668
    outer loop
      vertex -2.14446 -46.0595 2
      vertex -2 -49 2
      vertex -4.13483 -46.2555 0
    endloop
  endfacet
  facet normal 0.706681 0.0347173 -0.706681
    outer loop
      vertex -2 -49 2
      vertex -4 -49 0
      vertex -4.13483 -46.2555 0
    endloop
  endfacet
  facet normal 0.998795 -0.0490685 0
    outer loop
      vertex -2.14446 -51.9405 10
      vertex -2 -49 2
      vertex -2 -49 10
    endloop
  endfacet
  facet normal 0.998795 -0.0490685 0
    outer loop
      vertex -2 -49 2
      vertex -2.14446 -51.9405 10
      vertex -2.14446 -51.9405 2
    endloop
  endfacet
  facet normal 0.706681 -0.0347173 0.706681
    outer loop
      vertex -2 -49 10
      vertex -4 -49 12
      vertex -4.13483 -51.7445 12
    endloop
  endfacet
  facet normal 0.706681 -0.0347176 0.70668
    outer loop
      vertex -2.14446 -51.9405 10
      vertex -2 -49 10
      vertex -4.13483 -51.7445 12
    endloop
  endfacet
  facet normal -0.70668 0.0347272 0.70668
    outer loop
      vertex -19 -49 12
      vertex -20 -49 11
      vertex -20.0578 -50.1762 11
    endloop
  endfacet
  facet normal -0.706675 0.0347182 0.706686
    outer loop
      vertex -19.0626 -50.2742 12
      vertex -19 -49 12
      vertex -20.0578 -50.1762 11
    endloop
  endfacet
  facet normal -0.998795 0.0490821 0
    outer loop
      vertex -20.0578 -50.1762 1
      vertex -20 -49 11
      vertex -20 -49 1
    endloop
  endfacet
  facet normal -0.998795 0.0490821 0
    outer loop
      vertex -20 -49 11
      vertex -20.0578 -50.1762 1
      vertex -20.0578 -50.1762 11
    endloop
  endfacet
  facet normal -0.70668 0.0347184 -0.70668
    outer loop
      vertex -19 -49 0
      vertex -19.0626 -50.2742 0
      vertex -20 -49 1
    endloop
  endfacet
  facet normal -0.706675 0.0347269 -0.706686
    outer loop
      vertex -20 -49 1
      vertex -19.0626 -50.2742 0
      vertex -20.0578 -50.1762 1
    endloop
  endfacet
  facet normal 0.706681 -0.0347176 -0.706681
    outer loop
      vertex -2 -49 2
      vertex -2.14446 -51.9405 2
      vertex -4 -49 0
    endloop
  endfacet
  facet normal 0.706681 -0.0347173 -0.70668
    outer loop
      vertex -4 -49 0
      vertex -2.14446 -51.9405 2
      vertex -4.13483 -51.7445 0
    endloop
  endfacet
  facet normal 0.989177 -0.146729 0
    outer loop
      vertex -2.57644 -54.8527 10
      vertex -2.14446 -51.9405 2
      vertex -2.14446 -51.9405 10
    endloop
  endfacet
  facet normal 0.989177 -0.146729 0
    outer loop
      vertex -2.14446 -51.9405 2
      vertex -2.57644 -54.8527 10
      vertex -2.57644 -54.8527 2
    endloop
  endfacet
  facet normal 0.699876 -0.103817 0.70668
    outer loop
      vertex -2.14446 -51.9405 10
      vertex -4.13483 -51.7445 12
      vertex -4.53801 -54.4625 12
    endloop
  endfacet
  facet normal 0.699875 -0.103816 0.706681
    outer loop
      vertex -2.57644 -54.8527 10
      vertex -2.14446 -51.9405 10
      vertex -4.53801 -54.4625 12
    endloop
  endfacet
  facet normal -0.69987 0.103818 0.706685
    outer loop
      vertex -19.0626 -50.2742 12
      vertex -20.0578 -50.1762 11
      vertex -20.2306 -51.3411 11
    endloop
  endfacet
  facet normal -0.699869 0.103816 0.706686
    outer loop
      vertex -19.2498 -51.5362 12
      vertex -19.0626 -50.2742 12
      vertex -20.2306 -51.3411 11
    endloop
  endfacet
  facet normal -0.989176 0.146733 0
    outer loop
      vertex -20.2306 -51.3411 1
      vertex -20.0578 -50.1762 11
      vertex -20.0578 -50.1762 1
    endloop
  endfacet
  facet normal -0.989176 0.146733 0
    outer loop
      vertex -20.0578 -50.1762 11
      vertex -20.2306 -51.3411 1
      vertex -20.2306 -51.3411 11
    endloop
  endfacet
  facet normal -0.69987 0.103816 -0.706685
    outer loop
      vertex -19.0626 -50.2742 0
      vertex -19.2498 -51.5362 0
      vertex -20.0578 -50.1762 1
    endloop
  endfacet
  facet normal -0.699869 0.103818 -0.706686
    outer loop
      vertex -20.0578 -50.1762 1
      vertex -19.2498 -51.5362 0
      vertex -20.2306 -51.3411 1
    endloop
  endfacet
  facet normal 0.699876 -0.103816 -0.70668
    outer loop
      vertex -2.14446 -51.9405 2
      vertex -2.57644 -54.8527 2
      vertex -4.13483 -51.7445 0
    endloop
  endfacet
  facet normal 0.699874 -0.103817 -0.706681
    outer loop
      vertex -4.13483 -51.7445 0
      vertex -2.57644 -54.8527 2
      vertex -4.53801 -54.4625 0
    endloop
  endfacet
  facet normal 0.970031 -0.242983 0
    outer loop
      vertex -3.29179 -57.7085 10
      vertex -2.57644 -54.8527 2
      vertex -2.57644 -54.8527 10
    endloop
  endfacet
  facet normal 0.970031 -0.242983 0
    outer loop
      vertex -2.57644 -54.8527 2
      vertex -3.29179 -57.7085 10
      vertex -3.29179 -57.7085 2
    endloop
  endfacet
  facet normal 0.686329 -0.171913 0.706681
    outer loop
      vertex -2.57644 -54.8527 10
      vertex -4.53801 -54.4625 12
      vertex -5.20567 -57.128 12
    endloop
  endfacet
  facet normal 0.686331 -0.171919 0.706677
    outer loop
      vertex -3.29179 -57.7085 10
      vertex -2.57644 -54.8527 10
      vertex -5.20567 -57.128 12
    endloop
  endfacet
  facet normal -0.686327 0.171897 0.706687
    outer loop
      vertex -19.2498 -51.5362 12
      vertex -20.2306 -51.3411 11
      vertex -20.5167 -52.4834 11
    endloop
  endfacet
  facet normal -0.686338 0.171931 0.706668
    outer loop
      vertex -19.5598 -52.7737 12
      vertex -19.2498 -51.5362 12
      vertex -20.5167 -52.4834 11
    endloop
  endfacet
  facet normal -0.970038 0.242955 0
    outer loop
      vertex -20.5167 -52.4834 1
      vertex -20.2306 -51.3411 11
      vertex -20.2306 -51.3411 1
    endloop
  endfacet
  facet normal -0.970038 0.242955 0
    outer loop
      vertex -20.2306 -51.3411 11
      vertex -20.5167 -52.4834 1
      vertex -20.5167 -52.4834 11
    endloop
  endfacet
  facet normal -0.686321 0.171927 -0.706686
    outer loop
      vertex -19.2498 -51.5362 0
      vertex -19.5598 -52.7737 0
      vertex -20.2306 -51.3411 1
    endloop
  endfacet
  facet normal -0.686346 0.171902 -0.706668
    outer loop
      vertex -20.2306 -51.3411 1
      vertex -19.5598 -52.7737 0
      vertex -20.5167 -52.4834 1
    endloop
  endfacet
  facet normal 0.686328 -0.171918 -0.706681
    outer loop
      vertex -2.57644 -54.8527 2
      vertex -3.29179 -57.7085 2
      vertex -4.53801 -54.4625 0
    endloop
  endfacet
  facet normal 0.686333 -0.171914 -0.706677
    outer loop
      vertex -4.53801 -54.4625 0
      vertex -3.29179 -57.7085 2
      vertex -5.20567 -57.128 0
    endloop
  endfacet
  facet normal 0.941546 -0.336885 0
    outer loop
      vertex -4.28361 -60.4805 10
      vertex -3.29179 -57.7085 2
      vertex -3.29179 -57.7085 10
    endloop
  endfacet
  facet normal 0.941546 -0.336885 0
    outer loop
      vertex -3.29179 -57.7085 2
      vertex -4.28361 -60.4805 10
      vertex -4.28361 -60.4805 2
    endloop
  endfacet
  facet normal 0.666176 -0.238367 0.706676
    outer loop
      vertex -3.29179 -57.7085 10
      vertex -5.20567 -57.128 12
      vertex -6.13137 -59.7151 12
    endloop
  endfacet
  facet normal 0.666173 -0.238356 0.706683
    outer loop
      vertex -4.28361 -60.4805 10
      vertex -3.29179 -57.7085 10
      vertex -6.13137 -59.7151 12
    endloop
  endfacet
  facet normal -0.66619 0.238346 0.706669
    outer loop
      vertex -19.5598 -52.7737 12
      vertex -20.5167 -52.4834 11
      vertex -20.9134 -53.5922 11
    endloop
  endfacet
  facet normal -0.666196 0.238371 0.706656
    outer loop
      vertex -19.9896 -53.9749 12
      vertex -19.5598 -52.7737 12
      vertex -20.9134 -53.5922 11
    endloop
  endfacet
  facet normal -0.941553 0.336864 0
    outer loop
      vertex -20.9134 -53.5922 1
      vertex -20.5167 -52.4834 11
      vertex -20.5167 -52.4834 1
    endloop
  endfacet
  facet normal -0.941553 0.336864 0
    outer loop
      vertex -20.5167 -52.4834 11
      vertex -20.9134 -53.5922 1
      vertex -20.9134 -53.5922 11
    endloop
  endfacet
  facet normal -0.666184 0.238366 -0.706669
    outer loop
      vertex -19.5598 -52.7737 0
      vertex -19.9896 -53.9749 0
      vertex -20.5167 -52.4834 1
    endloop
  endfacet
  facet normal -0.666203 0.23835 -0.706655
    outer loop
      vertex -20.5167 -52.4834 1
      vertex -19.9896 -53.9749 0
      vertex -20.9134 -53.5922 1
    endloop
  endfacet
  facet normal 0.666179 -0.238358 -0.706676
    outer loop
      vertex -3.29179 -57.7085 2
      vertex -4.28361 -60.4805 2
      vertex -5.20567 -57.128 0
    endloop
  endfacet
  facet normal 0.666169 -0.238365 -0.706683
    outer loop
      vertex -5.20567 -57.128 0
      vertex -4.28361 -60.4805 2
      vertex -6.13137 -59.7151 0
    endloop
  endfacet
  facet normal 0.903989 -0.427556 0
    outer loop
      vertex -5.54236 -63.1419 10
      vertex -4.28361 -60.4805 2
      vertex -4.28361 -60.4805 10
    endloop
  endfacet
  facet normal 0.903989 -0.427556 0
    outer loop
      vertex -4.28361 -60.4805 2
      vertex -5.54236 -63.1419 10
      vertex -5.54236 -63.1419 2
    endloop
  endfacet
  facet normal 0.639601 -0.302505 0.706683
    outer loop
      vertex -4.28361 -60.4805 10
      vertex -6.13137 -59.7151 12
      vertex -7.3062 -62.1991 12
    endloop
  endfacet
  facet normal 0.639602 -0.30251 0.706681
    outer loop
      vertex -5.54236 -63.1419 10
      vertex -4.28361 -60.4805 10
      vertex -7.3062 -62.1991 12
    endloop
  endfacet
  facet normal -0.639627 0.30251 0.706658
    outer loop
      vertex -19.9896 -53.9749 12
      vertex -20.9134 -53.5922 11
      vertex -21.4169 -54.6568 11
    endloop
  endfacet
  facet normal -0.639624 0.30248 0.706673
    outer loop
      vertex -20.535 -55.1282 12
      vertex -19.9896 -53.9749 12
      vertex -21.4169 -54.6568 11
    endloop
  endfacet
  facet normal -0.903995 0.427542 0
    outer loop
      vertex -21.4169 -54.6568 1
      vertex -20.9134 -53.5922 11
      vertex -20.9134 -53.5922 1
    endloop
  endfacet
  facet normal -0.903995 0.427542 0
    outer loop
      vertex -20.9134 -53.5922 11
      vertex -21.4169 -54.6568 1
      vertex -21.4169 -54.6568 11
    endloop
  endfacet
  facet normal -0.639637 0.302487 -0.706658
    outer loop
      vertex -19.9896 -53.9749 0
      vertex -20.535 -55.1282 0
      vertex -20.9134 -53.5922 1
    endloop
  endfacet
  facet normal -0.639612 0.302503 -0.706674
    outer loop
      vertex -20.9134 -53.5922 1
      vertex -20.535 -55.1282 0
      vertex -21.4169 -54.6568 1
    endloop
  endfacet
  facet normal 0.6396 -0.302508 -0.706683
    outer loop
      vertex -4.28361 -60.4805 2
      vertex -5.54236 -63.1419 2
      vertex -6.13137 -59.7151 0
    endloop
  endfacet
  facet normal 0.639603 -0.302506 -0.706681
    outer loop
      vertex -6.13137 -59.7151 0
      vertex -5.54236 -63.1419 2
      vertex -7.3062 -62.1991 0
    endloop
  endfacet
  facet normal 0.857728 -0.514104 0
    outer loop
      vertex -7.05591 -65.6671 10
      vertex -5.54236 -63.1419 2
      vertex -5.54236 -63.1419 10
    endloop
  endfacet
  facet normal 0.857728 -0.514104 0
    outer loop
      vertex -5.54236 -63.1419 2
      vertex -7.05591 -65.6671 10
      vertex -7.05591 -65.6671 2
    endloop
  endfacet
  facet normal 0.606873 -0.36374 0.706681
    outer loop
      vertex -5.54236 -63.1419 10
      vertex -7.3062 -62.1991 12
      vertex -8.71885 -64.556 12
    endloop
  endfacet
  facet normal 0.606874 -0.363747 0.706677
    outer loop
      vertex -7.05591 -65.6671 10
      vertex -5.54236 -63.1419 10
      vertex -8.71885 -64.556 12
    endloop
  endfacet
  facet normal -0.606843 0.363806 0.706673
    outer loop
      vertex -20.535 -55.1282 12
      vertex -21.4169 -54.6568 11
      vertex -22.0224 -55.6668 11
    endloop
  endfacet
  facet normal -0.606843 0.363762 0.706696
    outer loop
      vertex -21.1909 -56.2224 12
      vertex -20.535 -55.1282 12
      vertex -22.0224 -55.6668 11
    endloop
  endfacet
  facet normal -0.85768 0.514184 0
    outer loop
      vertex -22.0224 -55.6668 1
      vertex -21.4169 -54.6568 11
      vertex -21.4169 -54.6568 1
    endloop
  endfacet
  facet normal -0.85768 0.514184 0
    outer loop
      vertex -21.4169 -54.6568 11
      vertex -22.0224 -55.6668 1
      vertex -22.0224 -55.6668 11
    endloop
  endfacet
  facet normal -0.606862 0.363773 -0.706674
    outer loop
      vertex -20.535 -55.1282 0
      vertex -21.1909 -56.2224 0
      vertex -21.4169 -54.6568 1
    endloop
  endfacet
  facet normal -0.606823 0.363793 -0.706697
    outer loop
      vertex -21.4169 -54.6568 1
      vertex -21.1909 -56.2224 0
      vertex -22.0224 -55.6668 1
    endloop
  endfacet
  facet normal 0.606871 -0.363745 -0.706681
    outer loop
      vertex -5.54236 -63.1419 2
      vertex -7.05591 -65.6671 2
      vertex -7.3062 -62.1991 0
    endloop
  endfacet
  facet normal 0.606877 -0.363742 -0.706677
    outer loop
      vertex -7.3062 -62.1991 0
      vertex -7.05591 -65.6671 2
      vertex -8.71885 -64.556 0
    endloop
  endfacet
  facet normal 0.803208 -0.595699 0
    outer loop
      vertex -8.80969 -68.0318 10
      vertex -7.05591 -65.6671 2
      vertex -7.05591 -65.6671 10
    endloop
  endfacet
  facet normal 0.803208 -0.595699 0
    outer loop
      vertex -7.05591 -65.6671 2
      vertex -8.80969 -68.0318 10
      vertex -8.80969 -68.0318 2
    endloop
  endfacet
  facet normal 0.568296 -0.421484 0.706676
    outer loop
      vertex -7.05591 -65.6671 10
      vertex -8.71885 -64.556 12
      vertex -10.3557 -66.763 12
    endloop
  endfacet
  facet normal 0.568296 -0.421477 0.70668
    outer loop
      vertex -8.80969 -68.0318 10
      vertex -7.05591 -65.6671 10
      vertex -10.3557 -66.763 12
    endloop
  endfacet
  facet normal -0.568291 0.421457 0.706696
    outer loop
      vertex -21.1909 -56.2224 12
      vertex -22.0224 -55.6668 11
      vertex -22.7239 -56.6127 11
    endloop
  endfacet
  facet normal -0.568288 0.421488 0.706679
    outer loop
      vertex -21.9509 -57.2471 12
      vertex -21.1909 -56.2224 12
      vertex -22.7239 -56.6127 11
    endloop
  endfacet
  facet normal -0.803219 0.595684 0
    outer loop
      vertex -22.7239 -56.6127 1
      vertex -22.0224 -55.6668 11
      vertex -22.0224 -55.6668 1
    endloop
  endfacet
  facet normal -0.803219 0.595684 0
    outer loop
      vertex -22.0224 -55.6668 11
      vertex -22.7239 -56.6127 1
      vertex -22.7239 -56.6127 11
    endloop
  endfacet
  facet normal -0.568276 0.421479 -0.706695
    outer loop
      vertex -21.1909 -56.2224 0
      vertex -21.9509 -57.2471 0
      vertex -22.0224 -55.6668 1
    endloop
  endfacet
  facet normal -0.568305 0.421467 -0.706679
    outer loop
      vertex -22.0224 -55.6668 1
      vertex -21.9509 -57.2471 0
      vertex -22.7239 -56.6127 1
    endloop
  endfacet
  facet normal 0.568299 -0.421479 -0.706676
    outer loop
      vertex -8.71885 -64.556 0
      vertex -7.05591 -65.6671 2
      vertex -8.80969 -68.0318 2
    endloop
  endfacet
  facet normal 0.568292 -0.421481 -0.706681
    outer loop
      vertex -8.71885 -64.556 0
      vertex -8.80969 -68.0318 2
      vertex -10.3557 -66.763 0
    endloop
  endfacet
  facet normal 0.74095 -0.67156 0
    outer loop
      vertex -10.7868 -70.2132 10
      vertex -8.80969 -68.0318 2
      vertex -8.80969 -68.0318 10
    endloop
  endfacet
  facet normal 0.74095 -0.67156 0
    outer loop
      vertex -8.80969 -68.0318 2
      vertex -10.7868 -70.2132 10
      vertex -10.7868 -70.2132 2
    endloop
  endfacet
  facet normal 0.52425 -0.475147 0.706681
    outer loop
      vertex -8.80969 -68.0318 10
      vertex -10.3557 -66.763 12
      vertex -12.201 -68.799 12
    endloop
  endfacet
  facet normal 0.524249 -0.475153 0.706677
    outer loop
      vertex -10.7868 -70.2132 10
      vertex -8.80969 -68.0318 10
      vertex -12.201 -68.799 12
    endloop
  endfacet
  facet normal -0.524271 0.475124 0.70668
    outer loop
      vertex -21.9509 -57.2471 12
      vertex -22.7239 -56.6127 11
      vertex -23.5147 -57.4853 11
    endloop
  endfacet
  facet normal -0.52427 0.475131 0.706676
    outer loop
      vertex -22.8076 -58.1924 12
      vertex -21.9509 -57.2471 12
      vertex -23.5147 -57.4853 11
    endloop
  endfacet
  facet normal -0.740984 0.671522 0
    outer loop
      vertex -23.5147 -57.4853 1
      vertex -22.7239 -56.6127 11
      vertex -22.7239 -56.6127 1
    endloop
  endfacet
  facet normal -0.740984 0.671522 0
    outer loop
      vertex -22.7239 -56.6127 11
      vertex -23.5147 -57.4853 1
      vertex -23.5147 -57.4853 11
    endloop
  endfacet
  facet normal -0.524267 0.475129 -0.70668
    outer loop
      vertex -22.7239 -56.6127 1
      vertex -21.9509 -57.2471 0
      vertex -22.8076 -58.1924 0
    endloop
  endfacet
  facet normal -0.524274 0.475127 -0.706676
    outer loop
      vertex -22.7239 -56.6127 1
      vertex -22.8076 -58.1924 0
      vertex -23.5147 -57.4853 1
    endloop
  endfacet
  facet normal 0.524247 -0.47515 -0.706681
    outer loop
      vertex -10.3557 -66.763 0
      vertex -8.80969 -68.0318 2
      vertex -10.7868 -70.2132 2
    endloop
  endfacet
  facet normal 0.524253 -0.475149 -0.706677
    outer loop
      vertex -10.3557 -66.763 0
      vertex -10.7868 -70.2132 2
      vertex -12.201 -68.799 0
    endloop
  endfacet
  facet normal 0.671558 -0.740952 0
    outer loop
      vertex -12.9682 -72.1903 2
      vertex -10.7868 -70.2132 10
      vertex -12.9682 -72.1903 10
    endloop
  endfacet
  facet normal 0.671558 -0.740952 0
    outer loop
      vertex -10.7868 -70.2132 10
      vertex -12.9682 -72.1903 2
      vertex -10.7868 -70.2132 2
    endloop
  endfacet
  facet normal 0.475149 -0.524253 0.706677
    outer loop
      vertex -10.7868 -70.2132 10
      vertex -12.201 -68.799 12
      vertex -14.237 -70.6443 12
    endloop
  endfacet
  facet normal 0.47515 -0.524249 0.706679
    outer loop
      vertex -12.9682 -72.1903 10
      vertex -10.7868 -70.2132 10
      vertex -14.237 -70.6443 12
    endloop
  endfacet
  facet normal -0.475127 0.524274 0.706676
    outer loop
      vertex -22.8076 -58.1924 12
      vertex -23.5147 -57.4853 11
      vertex -24.3873 -58.2761 11
    endloop
  endfacet
  facet normal -0.475129 0.524267 0.70668
    outer loop
      vertex -23.7529 -59.0491 12
      vertex -22.8076 -58.1924 12
      vertex -24.3873 -58.2761 11
    endloop
  endfacet
  facet normal -0.671522 0.740984 0
    outer loop
      vertex -23.5147 -57.4853 1
      vertex -24.3873 -58.2761 11
      vertex -23.5147 -57.4853 11
    endloop
  endfacet
  facet normal -0.671522 0.740984 0
    outer loop
      vertex -24.3873 -58.2761 11
      vertex -23.5147 -57.4853 1
      vertex -24.3873 -58.2761 1
    endloop
  endfacet
  facet normal -0.475131 0.52427 -0.706676
    outer loop
      vertex -23.5147 -57.4853 1
      vertex -22.8076 -58.1924 0
      vertex -23.7529 -59.0491 0
    endloop
  endfacet
  facet normal -0.475124 0.524271 -0.70668
    outer loop
      vertex -23.5147 -57.4853 1
      vertex -23.7529 -59.0491 0
      vertex -24.3873 -58.2761 1
    endloop
  endfacet
  facet normal 0.475152 -0.52425 -0.706677
    outer loop
      vertex -12.201 -68.799 0
      vertex -10.7868 -70.2132 2
      vertex -12.9682 -72.1903 2
    endloop
  endfacet
  facet normal 0.475147 -0.524251 -0.706679
    outer loop
      vertex -12.201 -68.799 0
      vertex -12.9682 -72.1903 2
      vertex -14.237 -70.6443 0
    endloop
  endfacet
  facet normal 0.595703 -0.803204 0
    outer loop
      vertex -15.3329 -73.9441 2
      vertex -12.9682 -72.1903 10
      vertex -15.3329 -73.9441 10
    endloop
  endfacet
  facet normal 0.595703 -0.803204 0
    outer loop
      vertex -12.9682 -72.1903 10
      vertex -15.3329 -73.9441 2
      vertex -12.9682 -72.1903 2
    endloop
  endfacet
  facet normal 0.42149 -0.568287 0.706679
    outer loop
      vertex -12.9682 -72.1903 10
      vertex -14.237 -70.6443 12
      vertex -16.444 -72.2812 12
    endloop
  endfacet
  facet normal 0.421486 -0.568301 0.706671
    outer loop
      vertex -15.3329 -73.9441 10
      vertex -12.9682 -72.1903 10
      vertex -16.444 -72.2812 12
    endloop
  endfacet
  facet normal -0.421467 0.568305 0.706679
    outer loop
      vertex -23.7529 -59.0491 12
      vertex -24.3873 -58.2761 11
      vertex -25.3332 -58.9776 11
    endloop
  endfacet
  facet normal -0.421479 0.568276 0.706695
    outer loop
      vertex -24.7776 -59.8091 12
      vertex -23.7529 -59.0491 12
      vertex -25.3332 -58.9776 11
    endloop
  endfacet
  facet normal -0.595684 0.803219 0
    outer loop
      vertex -24.3873 -58.2761 1
      vertex -25.3332 -58.9776 11
      vertex -24.3873 -58.2761 11
    endloop
  endfacet
  facet normal -0.595684 0.803219 0
    outer loop
      vertex -25.3332 -58.9776 11
      vertex -24.3873 -58.2761 1
      vertex -25.3332 -58.9776 1
    endloop
  endfacet
  facet normal -0.421488 0.568288 -0.706679
    outer loop
      vertex -24.3873 -58.2761 1
      vertex -23.7529 -59.0491 0
      vertex -24.7776 -59.8091 0
    endloop
  endfacet
  facet normal -0.421457 0.568291 -0.706696
    outer loop
      vertex -24.3873 -58.2761 1
      vertex -24.7776 -59.8091 0
      vertex -25.3332 -58.9776 1
    endloop
  endfacet
  facet normal 0.421481 -0.568295 -0.706679
    outer loop
      vertex -14.237 -70.6443 0
      vertex -12.9682 -72.1903 2
      vertex -15.3329 -73.9441 2
    endloop
  endfacet
  facet normal 0.421496 -0.568294 -0.70667
    outer loop
      vertex -14.237 -70.6443 0
      vertex -15.3329 -73.9441 2
      vertex -16.444 -72.2812 0
    endloop
  endfacet
  facet normal 0.514091 -0.857736 0
    outer loop
      vertex -17.8581 -75.4576 2
      vertex -15.3329 -73.9441 10
      vertex -17.8581 -75.4576 10
    endloop
  endfacet
  facet normal 0.514091 -0.857736 0
    outer loop
      vertex -15.3329 -73.9441 10
      vertex -17.8581 -75.4576 2
      vertex -15.3329 -73.9441 2
    endloop
  endfacet
  facet normal 0.363736 -0.606888 0.70667
    outer loop
      vertex -15.3329 -73.9441 10
      vertex -16.444 -72.2812 12
      vertex -18.8009 -73.6938 12
    endloop
  endfacet
  facet normal 0.363739 -0.606881 0.706675
    outer loop
      vertex -17.8581 -75.4576 10
      vertex -15.3329 -73.9441 10
      vertex -18.8009 -73.6938 12
    endloop
  endfacet
  facet normal -0.363793 0.606823 0.706697
    outer loop
      vertex -24.7776 -59.8091 12
      vertex -25.3332 -58.9776 11
      vertex -26.3432 -59.5831 11
    endloop
  endfacet
  facet normal -0.363773 0.606862 0.706674
    outer loop
      vertex -25.8718 -60.465 12
      vertex -24.7776 -59.8091 12
      vertex -26.3432 -59.5831 11
    endloop
  endfacet
  facet normal -0.514184 0.85768 0
    outer loop
      vertex -25.3332 -58.9776 1
      vertex -26.3432 -59.5831 11
      vertex -25.3332 -58.9776 11
    endloop
  endfacet
  facet normal -0.514184 0.85768 0
    outer loop
      vertex -26.3432 -59.5831 11
      vertex -25.3332 -58.9776 1
      vertex -26.3432 -59.5831 1
    endloop
  endfacet
  facet normal -0.363762 0.606843 -0.706696
    outer loop
      vertex -25.3332 -58.9776 1
      vertex -24.7776 -59.8091 0
      vertex -25.8718 -60.465 0
    endloop
  endfacet
  facet normal -0.363806 0.606843 -0.706673
    outer loop
      vertex -25.3332 -58.9776 1
      vertex -25.8718 -60.465 0
      vertex -26.3432 -59.5831 1
    endloop
  endfacet
  facet normal 0.363741 -0.606885 -0.706671
    outer loop
      vertex -16.444 -72.2812 0
      vertex -15.3329 -73.9441 2
      vertex -17.8581 -75.4576 2
    endloop
  endfacet
  facet normal 0.363734 -0.606884 -0.706675
    outer loop
      vertex -16.444 -72.2812 0
      vertex -17.8581 -75.4576 2
      vertex -18.8009 -73.6938 0
    endloop
  endfacet
  facet normal 0.427569 -0.903983 0
    outer loop
      vertex -20.5195 -76.7164 2
      vertex -17.8581 -75.4576 10
      vertex -20.5195 -76.7164 10
    endloop
  endfacet
  facet normal 0.427569 -0.903983 0
    outer loop
      vertex -17.8581 -75.4576 10
      vertex -20.5195 -76.7164 2
      vertex -17.8581 -75.4576 2
    endloop
  endfacet
  facet normal 0.302503 -0.639612 0.706674
    outer loop
      vertex -17.8581 -75.4576 10
      vertex -18.8009 -73.6938 12
      vertex -21.2849 -74.8686 12
    endloop
  endfacet
  facet normal 0.302516 -0.639589 0.706689
    outer loop
      vertex -20.5195 -76.7164 10
      vertex -17.8581 -75.4576 10
      vertex -21.2849 -74.8686 12
    endloop
  endfacet
  facet normal -0.302503 0.639612 0.706674
    outer loop
      vertex -25.8718 -60.465 12
      vertex -26.3432 -59.5831 11
      vertex -27.4078 -60.0866 11
    endloop
  endfacet
  facet normal -0.302487 0.639637 0.706658
    outer loop
      vertex -27.0251 -61.0104 12
      vertex -25.8718 -60.465 12
      vertex -27.4078 -60.0866 11
    endloop
  endfacet
  facet normal -0.427542 0.903995 0
    outer loop
      vertex -26.3432 -59.5831 1
      vertex -27.4078 -60.0866 11
      vertex -26.3432 -59.5831 11
    endloop
  endfacet
  facet normal -0.427542 0.903995 0
    outer loop
      vertex -27.4078 -60.0866 11
      vertex -26.3432 -59.5831 1
      vertex -27.4078 -60.0866 1
    endloop
  endfacet
  facet normal -0.30248 0.639624 -0.706673
    outer loop
      vertex -26.3432 -59.5831 1
      vertex -25.8718 -60.465 0
      vertex -27.0251 -61.0104 0
    endloop
  endfacet
  facet normal -0.30251 0.639627 -0.706658
    outer loop
      vertex -26.3432 -59.5831 1
      vertex -27.0251 -61.0104 0
      vertex -27.4078 -60.0866 1
    endloop
  endfacet
  facet normal 0.302522 -0.639603 -0.706674
    outer loop
      vertex -18.8009 -73.6938 0
      vertex -17.8581 -75.4576 2
      vertex -20.5195 -76.7164 2
    endloop
  endfacet
  facet normal 0.302496 -0.639598 -0.70669
    outer loop
      vertex -18.8009 -73.6938 0
      vertex -20.5195 -76.7164 2
      vertex -21.2849 -74.8686 0
    endloop
  endfacet
  facet normal 0.336879 -0.941548 0
    outer loop
      vertex -23.2915 -77.7082 2
      vertex -20.5195 -76.7164 10
      vertex -23.2915 -77.7082 10
    endloop
  endfacet
  facet normal 0.336879 -0.941548 0
    outer loop
      vertex -20.5195 -76.7164 10
      vertex -23.2915 -77.7082 2
      vertex -20.5195 -76.7164 2
    endloop
  endfacet
  facet normal 0.238362 -0.666163 0.706689
    outer loop
      vertex -20.5195 -76.7164 10
      vertex -21.2849 -74.8686 12
      vertex -23.872 -75.7943 12
    endloop
  endfacet
  facet normal 0.238353 -0.666177 0.70668
    outer loop
      vertex -23.2915 -77.7082 10
      vertex -20.5195 -76.7164 10
      vertex -23.872 -75.7943 12
    endloop
  endfacet
  facet normal -0.23835 0.666203 0.706655
    outer loop
      vertex -27.0251 -61.0104 12
      vertex -27.4078 -60.0866 11
      vertex -28.5166 -60.4833 11
    endloop
  endfacet
  facet normal -0.238366 0.666184 0.706669
    outer loop
      vertex -28.2263 -61.4402 12
      vertex -27.0251 -61.0104 12
      vertex -28.5166 -60.4833 11
    endloop
  endfacet
  facet normal -0.336864 0.941553 0
    outer loop
      vertex -27.4078 -60.0866 1
      vertex -28.5166 -60.4833 11
      vertex -27.4078 -60.0866 11
    endloop
  endfacet
  facet normal -0.336864 0.941553 0
    outer loop
      vertex -28.5166 -60.4833 11
      vertex -27.4078 -60.0866 1
      vertex -28.5166 -60.4833 1
    endloop
  endfacet
  facet normal -0.238371 0.666196 -0.706656
    outer loop
      vertex -27.4078 -60.0866 1
      vertex -27.0251 -61.0104 0
      vertex -28.2263 -61.4402 0
    endloop
  endfacet
  facet normal -0.238346 0.66619 -0.706669
    outer loop
      vertex -27.4078 -60.0866 1
      vertex -28.2263 -61.4402 0
      vertex -28.5166 -60.4833 1
    endloop
  endfacet
  facet normal 0.23835 -0.666168 -0.706689
    outer loop
      vertex -21.2849 -74.8686 0
      vertex -20.5195 -76.7164 2
      vertex -23.2915 -77.7082 2
    endloop
  endfacet
  facet normal 0.238366 -0.666173 -0.706679
    outer loop
      vertex -21.2849 -74.8686 0
      vertex -23.2915 -77.7082 2
      vertex -23.872 -75.7943 0
    endloop
  endfacet
  facet normal 0.242999 -0.970027 0
    outer loop
      vertex -26.1473 -78.4236 2
      vertex -23.2915 -77.7082 10
      vertex -26.1473 -78.4236 10
    endloop
  endfacet
  facet normal 0.242999 -0.970027 0
    outer loop
      vertex -23.2915 -77.7082 10
      vertex -26.1473 -78.4236 2
      vertex -23.2915 -77.7082 2
    endloop
  endfacet
  facet normal 0.171923 -0.686327 0.706681
    outer loop
      vertex -23.2915 -77.7082 10
      vertex -23.872 -75.7943 12
      vertex -26.5375 -76.462 12
    endloop
  endfacet
  facet normal 0.171929 -0.68632 0.706686
    outer loop
      vertex -26.1473 -78.4236 10
      vertex -23.2915 -77.7082 10
      vertex -26.5375 -76.462 12
    endloop
  endfacet
  facet normal -0.171902 0.686346 0.706668
    outer loop
      vertex -28.2263 -61.4402 12
      vertex -28.5166 -60.4833 11
      vertex -29.6589 -60.7694 11
    endloop
  endfacet
  facet normal -0.171927 0.686321 0.706686
    outer loop
      vertex -29.4638 -61.7502 12
      vertex -28.2263 -61.4402 12
      vertex -29.6589 -60.7694 11
    endloop
  endfacet
  facet normal -0.242955 0.970038 0
    outer loop
      vertex -28.5166 -60.4833 1
      vertex -29.6589 -60.7694 11
      vertex -28.5166 -60.4833 11
    endloop
  endfacet
  facet normal -0.242955 0.970038 0
    outer loop
      vertex -29.6589 -60.7694 11
      vertex -28.5166 -60.4833 1
      vertex -29.6589 -60.7694 1
    endloop
  endfacet
  facet normal -0.171931 0.686338 -0.706668
    outer loop
      vertex -28.5166 -60.4833 1
      vertex -28.2263 -61.4402 0
      vertex -29.4638 -61.7502 0
    endloop
  endfacet
  facet normal -0.171897 0.686327 -0.706687
    outer loop
      vertex -28.5166 -60.4833 1
      vertex -29.4638 -61.7502 0
      vertex -29.6589 -60.7694 1
    endloop
  endfacet
  facet normal 0.17193 -0.686325 -0.706681
    outer loop
      vertex -23.872 -75.7943 0
      vertex -23.2915 -77.7082 2
      vertex -26.1473 -78.4236 2
    endloop
  endfacet
  facet normal 0.171922 -0.686322 -0.706686
    outer loop
      vertex -23.872 -75.7943 0
      vertex -26.1473 -78.4236 2
      vertex -26.5375 -76.462 0
    endloop
  endfacet
  facet normal 0.146703 -0.989181 0
    outer loop
      vertex -29.0595 -78.8555 2
      vertex -26.1473 -78.4236 10
      vertex -29.0595 -78.8555 10
    endloop
  endfacet
  facet normal 0.146703 -0.989181 0
    outer loop
      vertex -26.1473 -78.4236 10
      vertex -29.0595 -78.8555 2
      vertex -26.1473 -78.4236 2
    endloop
  endfacet
  facet normal 0.103822 -0.699868 0.706686
    outer loop
      vertex -26.1473 -78.4236 10
      vertex -26.5375 -76.462 12
      vertex -29.2555 -76.8652 12
    endloop
  endfacet
  facet normal 0.103799 -0.69989 0.706668
    outer loop
      vertex -29.0595 -78.8555 10
      vertex -26.1473 -78.4236 10
      vertex -29.2555 -76.8652 12
    endloop
  endfacet
  facet normal -0.103818 0.699869 0.706686
    outer loop
      vertex -29.4638 -61.7502 12
      vertex -29.6589 -60.7694 11
      vertex -30.8238 -60.9422 11
    endloop
  endfacet
  facet normal -0.103816 0.69987 0.706685
    outer loop
      vertex -30.7258 -61.9374 12
      vertex -29.4638 -61.7502 12
      vertex -30.8238 -60.9422 11
    endloop
  endfacet
  facet normal -0.146733 0.989176 0
    outer loop
      vertex -29.6589 -60.7694 1
      vertex -30.8238 -60.9422 11
      vertex -29.6589 -60.7694 11
    endloop
  endfacet
  facet normal -0.146733 0.989176 0
    outer loop
      vertex -30.8238 -60.9422 11
      vertex -29.6589 -60.7694 1
      vertex -30.8238 -60.9422 1
    endloop
  endfacet
  facet normal -0.103816 0.699869 -0.706686
    outer loop
      vertex -29.6589 -60.7694 1
      vertex -29.4638 -61.7502 0
      vertex -30.7258 -61.9374 0
    endloop
  endfacet
  facet normal -0.103818 0.69987 -0.706685
    outer loop
      vertex -29.6589 -60.7694 1
      vertex -30.7258 -61.9374 0
      vertex -30.8238 -60.9422 1
    endloop
  endfacet
  facet normal 0.103796 -0.699873 -0.706686
    outer loop
      vertex -26.5375 -76.462 0
      vertex -26.1473 -78.4236 2
      vertex -29.0595 -78.8555 2
    endloop
  endfacet
  facet normal 0.103824 -0.699887 -0.706667
    outer loop
      vertex -26.5375 -76.462 0
      vertex -29.0595 -78.8555 2
      vertex -29.2555 -76.8652 0
    endloop
  endfacet
  facet normal 0.0490821 -0.998795 0
    outer loop
      vertex -32 -79 2
      vertex -29.0595 -78.8555 10
      vertex -32 -79 10
    endloop
  endfacet
  facet normal 0.0490821 -0.998795 0
    outer loop
      vertex -29.0595 -78.8555 10
      vertex -32 -79 2
      vertex -29.0595 -78.8555 2
    endloop
  endfacet
  facet normal 0.0347103 -0.706694 0.706668
    outer loop
      vertex -29.0595 -78.8555 10
      vertex -29.2555 -76.8652 12
      vertex -32 -77 12
    endloop
  endfacet
  facet normal 0.0347272 -0.70668 0.70668
    outer loop
      vertex -29.0595 -78.8555 10
      vertex -32 -77 12
      vertex -32 -79 10
    endloop
  endfacet
  facet normal -0.0347269 0.706675 0.706686
    outer loop
      vertex -30.7258 -61.9374 12
      vertex -30.8238 -60.9422 11
      vertex -32 -61 11
    endloop
  endfacet
  facet normal -0.0347184 0.70668 0.70668
    outer loop
      vertex -30.7258 -61.9374 12
      vertex -32 -61 11
      vertex -32 -62 12
    endloop
  endfacet
  facet normal -0.0490821 0.998795 0
    outer loop
      vertex -30.8238 -60.9422 1
      vertex -32 -61 11
      vertex -30.8238 -60.9422 11
    endloop
  endfacet
  facet normal -0.0490821 0.998795 0
    outer loop
      vertex -32 -61 11
      vertex -30.8238 -60.9422 1
      vertex -32 -61 1
    endloop
  endfacet
  facet normal -0.0347182 0.706675 -0.706686
    outer loop
      vertex -30.8238 -60.9422 1
      vertex -30.7258 -61.9374 0
      vertex -32 -62 0
    endloop
  endfacet
  facet normal -0.0347272 0.70668 -0.70668
    outer loop
      vertex -32 -61 1
      vertex -30.8238 -60.9422 1
      vertex -32 -62 0
    endloop
  endfacet
  facet normal 0.0347278 -0.706692 -0.706668
    outer loop
      vertex -29.2555 -76.8652 0
      vertex -29.0595 -78.8555 2
      vertex -32 -79 2
    endloop
  endfacet
  facet normal 0.0347096 -0.706681 -0.706681
    outer loop
      vertex -32 -77 0
      vertex -29.2555 -76.8652 0
      vertex -32 -79 2
    endloop
  endfacet
  facet normal -0.0490821 -0.998795 0
    outer loop
      vertex -34.9405 -78.8555 2
      vertex -32 -79 10
      vertex -34.9405 -78.8555 10
    endloop
  endfacet
  facet normal -0.0490821 -0.998795 -0
    outer loop
      vertex -32 -79 10
      vertex -34.9405 -78.8555 2
      vertex -32 -79 2
    endloop
  endfacet
  facet normal -0.0347096 -0.706681 0.706681
    outer loop
      vertex -32 -79 10
      vertex -32 -77 12
      vertex -34.7445 -76.8652 12
    endloop
  endfacet
  facet normal -0.0347278 -0.706692 0.706668
    outer loop
      vertex -32 -79 10
      vertex -34.7445 -76.8652 12
      vertex -34.9405 -78.8555 10
    endloop
  endfacet
  facet normal 0.0347272 0.70668 0.70668
    outer loop
      vertex -32 -62 12
      vertex -32 -61 11
      vertex -33.1762 -60.9422 11
    endloop
  endfacet
  facet normal 0.0347182 0.706675 0.706686
    outer loop
      vertex -32 -62 12
      vertex -33.1762 -60.9422 11
      vertex -33.2742 -61.9374 12
    endloop
  endfacet
  facet normal 0.0490821 0.998795 -0
    outer loop
      vertex -32 -61 1
      vertex -33.1762 -60.9422 11
      vertex -32 -61 11
    endloop
  endfacet
  facet normal 0.0490821 0.998795 0
    outer loop
      vertex -33.1762 -60.9422 11
      vertex -32 -61 1
      vertex -33.1762 -60.9422 1
    endloop
  endfacet
  facet normal 0.0347184 0.70668 -0.70668
    outer loop
      vertex -32 -61 1
      vertex -32 -62 0
      vertex -33.2742 -61.9374 0
    endloop
  endfacet
  facet normal 0.0347269 0.706675 -0.706686
    outer loop
      vertex -33.1762 -60.9422 1
      vertex -32 -61 1
      vertex -33.2742 -61.9374 0
    endloop
  endfacet
  facet normal -0.0347272 -0.70668 -0.70668
    outer loop
      vertex -32 -77 0
      vertex -32 -79 2
      vertex -34.9405 -78.8555 2
    endloop
  endfacet
  facet normal -0.0347103 -0.706694 -0.706668
    outer loop
      vertex -34.7445 -76.8652 0
      vertex -32 -77 0
      vertex -34.9405 -78.8555 2
    endloop
  endfacet
  facet normal -0.146703 -0.989181 0
    outer loop
      vertex -37.8527 -78.4236 2
      vertex -34.9405 -78.8555 10
      vertex -37.8527 -78.4236 10
    endloop
  endfacet
  facet normal -0.146703 -0.989181 -0
    outer loop
      vertex -34.9405 -78.8555 10
      vertex -37.8527 -78.4236 2
      vertex -34.9405 -78.8555 2
    endloop
  endfacet
  facet normal -0.103824 -0.699887 0.706667
    outer loop
      vertex -34.9405 -78.8555 10
      vertex -34.7445 -76.8652 12
      vertex -37.4625 -76.462 12
    endloop
  endfacet
  facet normal -0.103796 -0.699873 0.706686
    outer loop
      vertex -34.9405 -78.8555 10
      vertex -37.4625 -76.462 12
      vertex -37.8527 -78.4236 10
    endloop
  endfacet
  facet normal 0.103818 0.69987 0.706685
    outer loop
      vertex -33.2742 -61.9374 12
      vertex -33.1762 -60.9422 11
      vertex -34.3411 -60.7694 11
    endloop
  endfacet
  facet normal 0.103816 0.699869 0.706686
    outer loop
      vertex -33.2742 -61.9374 12
      vertex -34.3411 -60.7694 11
      vertex -34.5362 -61.7502 12
    endloop
  endfacet
  facet normal 0.146733 0.989176 -0
    outer loop
      vertex -33.1762 -60.9422 1
      vertex -34.3411 -60.7694 11
      vertex -33.1762 -60.9422 11
    endloop
  endfacet
  facet normal 0.146733 0.989176 0
    outer loop
      vertex -34.3411 -60.7694 11
      vertex -33.1762 -60.9422 1
      vertex -34.3411 -60.7694 1
    endloop
  endfacet
  facet normal 0.103816 0.69987 -0.706685
    outer loop
      vertex -33.1762 -60.9422 1
      vertex -33.2742 -61.9374 0
      vertex -34.5362 -61.7502 0
    endloop
  endfacet
  facet normal 0.103818 0.699869 -0.706686
    outer loop
      vertex -34.3411 -60.7694 1
      vertex -33.1762 -60.9422 1
      vertex -34.5362 -61.7502 0
    endloop
  endfacet
  facet normal -0.103799 -0.69989 -0.706668
    outer loop
      vertex -34.7445 -76.8652 0
      vertex -34.9405 -78.8555 2
      vertex -37.8527 -78.4236 2
    endloop
  endfacet
  facet normal -0.103822 -0.699868 -0.706686
    outer loop
      vertex -37.4625 -76.462 0
      vertex -34.7445 -76.8652 0
      vertex -37.8527 -78.4236 2
    endloop
  endfacet
  facet normal -0.242999 -0.970027 0
    outer loop
      vertex -40.7085 -77.7082 2
      vertex -37.8527 -78.4236 10
      vertex -40.7085 -77.7082 10
    endloop
  endfacet
  facet normal -0.242999 -0.970027 -0
    outer loop
      vertex -37.8527 -78.4236 10
      vertex -40.7085 -77.7082 2
      vertex -37.8527 -78.4236 2
    endloop
  endfacet
  facet normal -0.171922 -0.686322 0.706686
    outer loop
      vertex -37.8527 -78.4236 10
      vertex -37.4625 -76.462 12
      vertex -40.128 -75.7943 12
    endloop
  endfacet
  facet normal -0.17193 -0.686325 0.706681
    outer loop
      vertex -37.8527 -78.4236 10
      vertex -40.128 -75.7943 12
      vertex -40.7085 -77.7082 10
    endloop
  endfacet
  facet normal 0.171897 0.686327 0.706687
    outer loop
      vertex -34.5362 -61.7502 12
      vertex -34.3411 -60.7694 11
      vertex -35.4834 -60.4833 11
    endloop
  endfacet
  facet normal 0.171931 0.686338 0.706668
    outer loop
      vertex -34.5362 -61.7502 12
      vertex -35.4834 -60.4833 11
      vertex -35.7737 -61.4402 12
    endloop
  endfacet
  facet normal 0.242955 0.970038 -0
    outer loop
      vertex -34.3411 -60.7694 1
      vertex -35.4834 -60.4833 11
      vertex -34.3411 -60.7694 11
    endloop
  endfacet
  facet normal 0.242955 0.970038 0
    outer loop
      vertex -35.4834 -60.4833 11
      vertex -34.3411 -60.7694 1
      vertex -35.4834 -60.4833 1
    endloop
  endfacet
  facet normal 0.171927 0.686321 -0.706686
    outer loop
      vertex -34.3411 -60.7694 1
      vertex -34.5362 -61.7502 0
      vertex -35.7737 -61.4402 0
    endloop
  endfacet
  facet normal 0.171902 0.686346 -0.706668
    outer loop
      vertex -35.4834 -60.4833 1
      vertex -34.3411 -60.7694 1
      vertex -35.7737 -61.4402 0
    endloop
  endfacet
  facet normal -0.171929 -0.68632 -0.706686
    outer loop
      vertex -37.4625 -76.462 0
      vertex -37.8527 -78.4236 2
      vertex -40.7085 -77.7082 2
    endloop
  endfacet
  facet normal -0.171923 -0.686327 -0.706681
    outer loop
      vertex -40.128 -75.7943 0
      vertex -37.4625 -76.462 0
      vertex -40.7085 -77.7082 2
    endloop
  endfacet
  facet normal -0.336879 -0.941548 0
    outer loop
      vertex -43.4805 -76.7164 2
      vertex -40.7085 -77.7082 10
      vertex -43.4805 -76.7164 10
    endloop
  endfacet
  facet normal -0.336879 -0.941548 -0
    outer loop
      vertex -40.7085 -77.7082 10
      vertex -43.4805 -76.7164 2
      vertex -40.7085 -77.7082 2
    endloop
  endfacet
  facet normal -0.238366 -0.666173 0.706679
    outer loop
      vertex -40.7085 -77.7082 10
      vertex -40.128 -75.7943 12
      vertex -42.7151 -74.8686 12
    endloop
  endfacet
  facet normal -0.23835 -0.666168 0.706689
    outer loop
      vertex -40.7085 -77.7082 10
      vertex -42.7151 -74.8686 12
      vertex -43.4805 -76.7164 10
    endloop
  endfacet
  facet normal 0.238346 0.66619 0.706669
    outer loop
      vertex -35.7737 -61.4402 12
      vertex -35.4834 -60.4833 11
      vertex -36.5922 -60.0866 11
    endloop
  endfacet
  facet normal 0.238371 0.666196 0.706656
    outer loop
      vertex -35.7737 -61.4402 12
      vertex -36.5922 -60.0866 11
      vertex -36.9749 -61.0104 12
    endloop
  endfacet
  facet normal 0.336864 0.941553 -0
    outer loop
      vertex -35.4834 -60.4833 1
      vertex -36.5922 -60.0866 11
      vertex -35.4834 -60.4833 11
    endloop
  endfacet
  facet normal 0.336864 0.941553 0
    outer loop
      vertex -36.5922 -60.0866 11
      vertex -35.4834 -60.4833 1
      vertex -36.5922 -60.0866 1
    endloop
  endfacet
  facet normal 0.238366 0.666184 -0.706669
    outer loop
      vertex -35.4834 -60.4833 1
      vertex -35.7737 -61.4402 0
      vertex -36.9749 -61.0104 0
    endloop
  endfacet
  facet normal 0.23835 0.666203 -0.706655
    outer loop
      vertex -36.5922 -60.0866 1
      vertex -35.4834 -60.4833 1
      vertex -36.9749 -61.0104 0
    endloop
  endfacet
  facet normal -0.238353 -0.666177 -0.70668
    outer loop
      vertex -40.128 -75.7943 0
      vertex -40.7085 -77.7082 2
      vertex -43.4805 -76.7164 2
    endloop
  endfacet
  facet normal -0.238362 -0.666163 -0.706689
    outer loop
      vertex -42.7151 -74.8686 0
      vertex -40.128 -75.7943 0
      vertex -43.4805 -76.7164 2
    endloop
  endfacet
  facet normal -0.427569 -0.903983 0
    outer loop
      vertex -46.1419 -75.4576 2
      vertex -43.4805 -76.7164 10
      vertex -46.1419 -75.4576 10
    endloop
  endfacet
  facet normal -0.427569 -0.903983 -0
    outer loop
      vertex -43.4805 -76.7164 10
      vertex -46.1419 -75.4576 2
      vertex -43.4805 -76.7164 2
    endloop
  endfacet
  facet normal -0.302496 -0.639598 0.70669
    outer loop
      vertex -43.4805 -76.7164 10
      vertex -42.7151 -74.8686 12
      vertex -45.1991 -73.6938 12
    endloop
  endfacet
  facet normal -0.302522 -0.639603 0.706674
    outer loop
      vertex -43.4805 -76.7164 10
      vertex -45.1991 -73.6938 12
      vertex -46.1419 -75.4576 10
    endloop
  endfacet
  facet normal 0.30251 0.639627 0.706658
    outer loop
      vertex -36.9749 -61.0104 12
      vertex -36.5922 -60.0866 11
      vertex -37.6568 -59.5831 11
    endloop
  endfacet
  facet normal 0.30248 0.639624 0.706673
    outer loop
      vertex -36.9749 -61.0104 12
      vertex -37.6568 -59.5831 11
      vertex -38.1282 -60.465 12
    endloop
  endfacet
  facet normal 0.427542 0.903995 -0
    outer loop
      vertex -36.5922 -60.0866 1
      vertex -37.6568 -59.5831 11
      vertex -36.5922 -60.0866 11
    endloop
  endfacet
  facet normal 0.427542 0.903995 0
    outer loop
      vertex -37.6568 -59.5831 11
      vertex -36.5922 -60.0866 1
      vertex -37.6568 -59.5831 1
    endloop
  endfacet
  facet normal 0.302487 0.639637 -0.706658
    outer loop
      vertex -36.5922 -60.0866 1
      vertex -36.9749 -61.0104 0
      vertex -38.1282 -60.465 0
    endloop
  endfacet
  facet normal 0.302503 0.639612 -0.706674
    outer loop
      vertex -37.6568 -59.5831 1
      vertex -36.5922 -60.0866 1
      vertex -38.1282 -60.465 0
    endloop
  endfacet
  facet normal -0.302516 -0.639589 -0.706689
    outer loop
      vertex -42.7151 -74.8686 0
      vertex -43.4805 -76.7164 2
      vertex -46.1419 -75.4576 2
    endloop
  endfacet
  facet normal -0.302503 -0.639612 -0.706674
    outer loop
      vertex -45.1991 -73.6938 0
      vertex -42.7151 -74.8686 0
      vertex -46.1419 -75.4576 2
    endloop
  endfacet
  facet normal -0.514091 -0.857736 0
    outer loop
      vertex -48.6671 -73.9441 2
      vertex -46.1419 -75.4576 10
      vertex -48.6671 -73.9441 10
    endloop
  endfacet
  facet normal -0.514091 -0.857736 -0
    outer loop
      vertex -46.1419 -75.4576 10
      vertex -48.6671 -73.9441 2
      vertex -46.1419 -75.4576 2
    endloop
  endfacet
  facet normal -0.363734 -0.606884 0.706675
    outer loop
      vertex -46.1419 -75.4576 10
      vertex -45.1991 -73.6938 12
      vertex -47.556 -72.2812 12
    endloop
  endfacet
  facet normal -0.363741 -0.606885 0.706671
    outer loop
      vertex -46.1419 -75.4576 10
      vertex -47.556 -72.2812 12
      vertex -48.6671 -73.9441 10
    endloop
  endfacet
  facet normal 0.363806 0.606843 0.706673
    outer loop
      vertex -38.1282 -60.465 12
      vertex -37.6568 -59.5831 11
      vertex -38.6668 -58.9776 11
    endloop
  endfacet
  facet normal 0.363762 0.606843 0.706696
    outer loop
      vertex -38.1282 -60.465 12
      vertex -38.6668 -58.9776 11
      vertex -39.2224 -59.8091 12
    endloop
  endfacet
  facet normal 0.514184 0.85768 -0
    outer loop
      vertex -37.6568 -59.5831 1
      vertex -38.6668 -58.9776 11
      vertex -37.6568 -59.5831 11
    endloop
  endfacet
  facet normal 0.514184 0.85768 0
    outer loop
      vertex -38.6668 -58.9776 11
      vertex -37.6568 -59.5831 1
      vertex -38.6668 -58.9776 1
    endloop
  endfacet
  facet normal 0.363773 0.606862 -0.706674
    outer loop
      vertex -37.6568 -59.5831 1
      vertex -38.1282 -60.465 0
      vertex -39.2224 -59.8091 0
    endloop
  endfacet
  facet normal 0.363793 0.606823 -0.706697
    outer loop
      vertex -38.6668 -58.9776 1
      vertex -37.6568 -59.5831 1
      vertex -39.2224 -59.8091 0
    endloop
  endfacet
  facet normal -0.363739 -0.606881 -0.706675
    outer loop
      vertex -45.1991 -73.6938 0
      vertex -46.1419 -75.4576 2
      vertex -48.6671 -73.9441 2
    endloop
  endfacet
  facet normal -0.363736 -0.606888 -0.70667
    outer loop
      vertex -47.556 -72.2812 0
      vertex -45.1991 -73.6938 0
      vertex -48.6671 -73.9441 2
    endloop
  endfacet
  facet normal -0.595703 -0.803204 0
    outer loop
      vertex -51.0318 -72.1903 2
      vertex -48.6671 -73.9441 10
      vertex -51.0318 -72.1903 10
    endloop
  endfacet
  facet normal -0.595703 -0.803204 -0
    outer loop
      vertex -48.6671 -73.9441 10
      vertex -51.0318 -72.1903 2
      vertex -48.6671 -73.9441 2
    endloop
  endfacet
  facet normal -0.421496 -0.568294 0.70667
    outer loop
      vertex -48.6671 -73.9441 10
      vertex -47.556 -72.2812 12
      vertex -49.763 -70.6443 12
    endloop
  endfacet
  facet normal -0.421481 -0.568295 0.706679
    outer loop
      vertex -48.6671 -73.9441 10
      vertex -49.763 -70.6443 12
      vertex -51.0318 -72.1903 10
    endloop
  endfacet
  facet normal 0.421457 0.568291 0.706696
    outer loop
      vertex -39.2224 -59.8091 12
      vertex -38.6668 -58.9776 11
      vertex -39.6127 -58.2761 11
    endloop
  endfacet
  facet normal 0.421488 0.568288 0.706679
    outer loop
      vertex -39.2224 -59.8091 12
      vertex -39.6127 -58.2761 11
      vertex -40.2471 -59.0491 12
    endloop
  endfacet
  facet normal 0.595684 0.803219 -0
    outer loop
      vertex -38.6668 -58.9776 1
      vertex -39.6127 -58.2761 11
      vertex -38.6668 -58.9776 11
    endloop
  endfacet
  facet normal 0.595684 0.803219 0
    outer loop
      vertex -39.6127 -58.2761 11
      vertex -38.6668 -58.9776 1
      vertex -39.6127 -58.2761 1
    endloop
  endfacet
  facet normal 0.421479 0.568276 -0.706695
    outer loop
      vertex -38.6668 -58.9776 1
      vertex -39.2224 -59.8091 0
      vertex -40.2471 -59.0491 0
    endloop
  endfacet
  facet normal 0.421467 0.568305 -0.706679
    outer loop
      vertex -39.6127 -58.2761 1
      vertex -38.6668 -58.9776 1
      vertex -40.2471 -59.0491 0
    endloop
  endfacet
  facet normal -0.421486 -0.568301 -0.706671
    outer loop
      vertex -47.556 -72.2812 0
      vertex -48.6671 -73.9441 2
      vertex -51.0318 -72.1903 2
    endloop
  endfacet
  facet normal -0.42149 -0.568287 -0.706679
    outer loop
      vertex -49.763 -70.6443 0
      vertex -47.556 -72.2812 0
      vertex -51.0318 -72.1903 2
    endloop
  endfacet
  facet normal -0.671558 -0.740952 0
    outer loop
      vertex -53.2132 -70.2132 2
      vertex -51.0318 -72.1903 10
      vertex -53.2132 -70.2132 10
    endloop
  endfacet
  facet normal -0.671558 -0.740952 -0
    outer loop
      vertex -51.0318 -72.1903 10
      vertex -53.2132 -70.2132 2
      vertex -51.0318 -72.1903 2
    endloop
  endfacet
  facet normal -0.475147 -0.524251 0.706679
    outer loop
      vertex -51.0318 -72.1903 10
      vertex -49.763 -70.6443 12
      vertex -51.799 -68.799 12
    endloop
  endfacet
  facet normal -0.475152 -0.52425 0.706677
    outer loop
      vertex -51.0318 -72.1903 10
      vertex -51.799 -68.799 12
      vertex -53.2132 -70.2132 10
    endloop
  endfacet
  facet normal 0.475124 0.524271 0.70668
    outer loop
      vertex -40.2471 -59.0491 12
      vertex -39.6127 -58.2761 11
      vertex -40.4853 -57.4853 11
    endloop
  endfacet
  facet normal 0.475131 0.52427 0.706676
    outer loop
      vertex -40.2471 -59.0491 12
      vertex -40.4853 -57.4853 11
      vertex -41.1924 -58.1924 12
    endloop
  endfacet
  facet normal 0.671522 0.740984 -0
    outer loop
      vertex -39.6127 -58.2761 1
      vertex -40.4853 -57.4853 11
      vertex -39.6127 -58.2761 11
    endloop
  endfacet
  facet normal 0.671522 0.740984 0
    outer loop
      vertex -40.4853 -57.4853 11
      vertex -39.6127 -58.2761 1
      vertex -40.4853 -57.4853 1
    endloop
  endfacet
  facet normal 0.475129 0.524267 -0.70668
    outer loop
      vertex -39.6127 -58.2761 1
      vertex -40.2471 -59.0491 0
      vertex -41.1924 -58.1924 0
    endloop
  endfacet
  facet normal 0.475127 0.524274 -0.706676
    outer loop
      vertex -40.4853 -57.4853 1
      vertex -39.6127 -58.2761 1
      vertex -41.1924 -58.1924 0
    endloop
  endfacet
  facet normal -0.47515 -0.524249 -0.706679
    outer loop
      vertex -49.763 -70.6443 0
      vertex -51.0318 -72.1903 2
      vertex -53.2132 -70.2132 2
    endloop
  endfacet
  facet normal -0.475149 -0.524253 -0.706677
    outer loop
      vertex -51.799 -68.799 0
      vertex -49.763 -70.6443 0
      vertex -53.2132 -70.2132 2
    endloop
  endfacet
  facet normal -0.740952 -0.671558 0
    outer loop
      vertex -53.2132 -70.2132 2
      vertex -55.1903 -68.0318 10
      vertex -55.1903 -68.0318 2
    endloop
  endfacet
  facet normal -0.740952 -0.671558 0
    outer loop
      vertex -55.1903 -68.0318 10
      vertex -53.2132 -70.2132 2
      vertex -53.2132 -70.2132 10
    endloop
  endfacet
  facet normal -0.524253 -0.475149 0.706677
    outer loop
      vertex -53.2132 -70.2132 10
      vertex -51.799 -68.799 12
      vertex -53.6443 -66.763 12
    endloop
  endfacet
  facet normal -0.524249 -0.47515 0.706679
    outer loop
      vertex -53.2132 -70.2132 10
      vertex -53.6443 -66.763 12
      vertex -55.1903 -68.0318 10
    endloop
  endfacet
  facet normal 0.524274 0.475127 0.706676
    outer loop
      vertex -41.1924 -58.1924 12
      vertex -40.4853 -57.4853 11
      vertex -41.2761 -56.6127 11
    endloop
  endfacet
  facet normal 0.524267 0.475129 0.70668
    outer loop
      vertex -41.1924 -58.1924 12
      vertex -41.2761 -56.6127 11
      vertex -42.0491 -57.2471 12
    endloop
  endfacet
  facet normal 0.740984 0.671522 0
    outer loop
      vertex -40.4853 -57.4853 11
      vertex -41.2761 -56.6127 1
      vertex -41.2761 -56.6127 11
    endloop
  endfacet
  facet normal 0.740984 0.671522 0
    outer loop
      vertex -41.2761 -56.6127 1
      vertex -40.4853 -57.4853 11
      vertex -40.4853 -57.4853 1
    endloop
  endfacet
  facet normal 0.52427 0.475131 -0.706676
    outer loop
      vertex -40.4853 -57.4853 1
      vertex -41.1924 -58.1924 0
      vertex -42.0491 -57.2471 0
    endloop
  endfacet
  facet normal 0.524271 0.475124 -0.70668
    outer loop
      vertex -41.2761 -56.6127 1
      vertex -40.4853 -57.4853 1
      vertex -42.0491 -57.2471 0
    endloop
  endfacet
  facet normal -0.52425 -0.475152 -0.706677
    outer loop
      vertex -51.799 -68.799 0
      vertex -53.2132 -70.2132 2
      vertex -55.1903 -68.0318 2
    endloop
  endfacet
  facet normal -0.524251 -0.475147 -0.706679
    outer loop
      vertex -53.6443 -66.763 0
      vertex -51.799 -68.799 0
      vertex -55.1903 -68.0318 2
    endloop
  endfacet
  facet normal -0.803204 -0.595703 0
    outer loop
      vertex -55.1903 -68.0318 2
      vertex -56.9441 -65.6671 10
      vertex -56.9441 -65.6671 2
    endloop
  endfacet
  facet normal -0.803204 -0.595703 0
    outer loop
      vertex -56.9441 -65.6671 10
      vertex -55.1903 -68.0318 2
      vertex -55.1903 -68.0318 10
    endloop
  endfacet
  facet normal -0.568287 -0.42149 0.706679
    outer loop
      vertex -55.1903 -68.0318 10
      vertex -53.6443 -66.763 12
      vertex -55.2812 -64.556 12
    endloop
  endfacet
  facet normal -0.568301 -0.421486 0.706671
    outer loop
      vertex -55.1903 -68.0318 10
      vertex -55.2812 -64.556 12
      vertex -56.9441 -65.6671 10
    endloop
  endfacet
  facet normal 0.568305 0.421467 0.706679
    outer loop
      vertex -41.2761 -56.6127 11
      vertex -41.9776 -55.6668 11
      vertex -42.0491 -57.2471 12
    endloop
  endfacet
  facet normal 0.568276 0.421479 0.706695
    outer loop
      vertex -42.0491 -57.2471 12
      vertex -41.9776 -55.6668 11
      vertex -42.8091 -56.2224 12
    endloop
  endfacet
  facet normal 0.803219 0.595684 0
    outer loop
      vertex -41.2761 -56.6127 11
      vertex -41.9776 -55.6668 1
      vertex -41.9776 -55.6668 11
    endloop
  endfacet
  facet normal 0.803219 0.595684 0
    outer loop
      vertex -41.9776 -55.6668 1
      vertex -41.2761 -56.6127 11
      vertex -41.2761 -56.6127 1
    endloop
  endfacet
  facet normal 0.568288 0.421488 -0.706679
    outer loop
      vertex -41.2761 -56.6127 1
      vertex -42.0491 -57.2471 0
      vertex -42.8091 -56.2224 0
    endloop
  endfacet
  facet normal 0.568291 0.421457 -0.706696
    outer loop
      vertex -41.9776 -55.6668 1
      vertex -41.2761 -56.6127 1
      vertex -42.8091 -56.2224 0
    endloop
  endfacet
  facet normal -0.568295 -0.421481 -0.706679
    outer loop
      vertex -53.6443 -66.763 0
      vertex -55.1903 -68.0318 2
      vertex -56.9441 -65.6671 2
    endloop
  endfacet
  facet normal -0.568294 -0.421496 -0.70667
    outer loop
      vertex -55.2812 -64.556 0
      vertex -53.6443 -66.763 0
      vertex -56.9441 -65.6671 2
    endloop
  endfacet
  facet normal -0.857736 -0.514091 0
    outer loop
      vertex -56.9441 -65.6671 2
      vertex -58.4576 -63.1419 10
      vertex -58.4576 -63.1419 2
    endloop
  endfacet
  facet normal -0.857736 -0.514091 0
    outer loop
      vertex -58.4576 -63.1419 10
      vertex -56.9441 -65.6671 2
      vertex -56.9441 -65.6671 10
    endloop
  endfacet
  facet normal -0.606888 -0.363736 0.70667
    outer loop
      vertex -55.2812 -64.556 12
      vertex -56.6938 -62.1991 12
      vertex -56.9441 -65.6671 10
    endloop
  endfacet
  facet normal -0.606881 -0.363739 0.706675
    outer loop
      vertex -56.9441 -65.6671 10
      vertex -56.6938 -62.1991 12
      vertex -58.4576 -63.1419 10
    endloop
  endfacet
  facet normal 0.606823 0.363793 0.706697
    outer loop
      vertex -41.9776 -55.6668 11
      vertex -42.5831 -54.6568 11
      vertex -42.8091 -56.2224 12
    endloop
  endfacet
  facet normal 0.606862 0.363773 0.706674
    outer loop
      vertex -42.8091 -56.2224 12
      vertex -42.5831 -54.6568 11
      vertex -43.465 -55.1282 12
    endloop
  endfacet
  facet normal 0.85768 0.514184 0
    outer loop
      vertex -41.9776 -55.6668 11
      vertex -42.5831 -54.6568 1
      vertex -42.5831 -54.6568 11
    endloop
  endfacet
  facet normal 0.85768 0.514184 0
    outer loop
      vertex -42.5831 -54.6568 1
      vertex -41.9776 -55.6668 11
      vertex -41.9776 -55.6668 1
    endloop
  endfacet
  facet normal 0.606843 0.363762 -0.706696
    outer loop
      vertex -41.9776 -55.6668 1
      vertex -42.8091 -56.2224 0
      vertex -43.465 -55.1282 0
    endloop
  endfacet
  facet normal 0.606843 0.363806 -0.706673
    outer loop
      vertex -42.5831 -54.6568 1
      vertex -41.9776 -55.6668 1
      vertex -43.465 -55.1282 0
    endloop
  endfacet
  facet normal -0.606885 -0.363741 -0.706671
    outer loop
      vertex -55.2812 -64.556 0
      vertex -56.9441 -65.6671 2
      vertex -58.4576 -63.1419 2
    endloop
  endfacet
  facet normal -0.606884 -0.363734 -0.706675
    outer loop
      vertex -56.6938 -62.1991 0
      vertex -55.2812 -64.556 0
      vertex -58.4576 -63.1419 2
    endloop
  endfacet
  facet normal -0.903983 -0.427569 0
    outer loop
      vertex -58.4576 -63.1419 2
      vertex -59.7164 -60.4805 10
      vertex -59.7164 -60.4805 2
    endloop
  endfacet
  facet normal -0.903983 -0.427569 0
    outer loop
      vertex -59.7164 -60.4805 10
      vertex -58.4576 -63.1419 2
      vertex -58.4576 -63.1419 10
    endloop
  endfacet
  facet normal -0.639612 -0.302503 0.706674
    outer loop
      vertex -56.6938 -62.1991 12
      vertex -57.8686 -59.7151 12
      vertex -58.4576 -63.1419 10
    endloop
  endfacet
  facet normal -0.639589 -0.302516 0.706689
    outer loop
      vertex -58.4576 -63.1419 10
      vertex -57.8686 -59.7151 12
      vertex -59.7164 -60.4805 10
    endloop
  endfacet
  facet normal 0.639612 0.302503 0.706674
    outer loop
      vertex -42.5831 -54.6568 11
      vertex -43.0866 -53.5922 11
      vertex -43.465 -55.1282 12
    endloop
  endfacet
  facet normal 0.639637 0.302487 0.706658
    outer loop
      vertex -43.465 -55.1282 12
      vertex -43.0866 -53.5922 11
      vertex -44.0104 -53.9749 12
    endloop
  endfacet
  facet normal 0.903995 0.427542 0
    outer loop
      vertex -42.5831 -54.6568 11
      vertex -43.0866 -53.5922 1
      vertex -43.0866 -53.5922 11
    endloop
  endfacet
  facet normal 0.903995 0.427542 0
    outer loop
      vertex -43.0866 -53.5922 1
      vertex -42.5831 -54.6568 11
      vertex -42.5831 -54.6568 1
    endloop
  endfacet
  facet normal 0.639624 0.30248 -0.706673
    outer loop
      vertex -42.5831 -54.6568 1
      vertex -43.465 -55.1282 0
      vertex -44.0104 -53.9749 0
    endloop
  endfacet
  facet normal 0.639627 0.30251 -0.706658
    outer loop
      vertex -43.0866 -53.5922 1
      vertex -42.5831 -54.6568 1
      vertex -44.0104 -53.9749 0
    endloop
  endfacet
  facet normal -0.639603 -0.302522 -0.706674
    outer loop
      vertex -56.6938 -62.1991 0
      vertex -58.4576 -63.1419 2
      vertex -59.7164 -60.4805 2
    endloop
  endfacet
  facet normal -0.639598 -0.302496 -0.70669
    outer loop
      vertex -57.8686 -59.7151 0
      vertex -56.6938 -62.1991 0
      vertex -59.7164 -60.4805 2
    endloop
  endfacet
  facet normal -0.941548 -0.336879 0
    outer loop
      vertex -59.7164 -60.4805 2
      vertex -60.7082 -57.7085 10
      vertex -60.7082 -57.7085 2
    endloop
  endfacet
  facet normal -0.941548 -0.336879 0
    outer loop
      vertex -60.7082 -57.7085 10
      vertex -59.7164 -60.4805 2
      vertex -59.7164 -60.4805 10
    endloop
  endfacet
  facet normal -0.666163 -0.238362 0.706689
    outer loop
      vertex -57.8686 -59.7151 12
      vertex -58.7943 -57.128 12
      vertex -59.7164 -60.4805 10
    endloop
  endfacet
  facet normal -0.666177 -0.238353 0.70668
    outer loop
      vertex -59.7164 -60.4805 10
      vertex -58.7943 -57.128 12
      vertex -60.7082 -57.7085 10
    endloop
  endfacet
  facet normal 0.666203 0.23835 0.706655
    outer loop
      vertex -43.0866 -53.5922 11
      vertex -43.4833 -52.4834 11
      vertex -44.0104 -53.9749 12
    endloop
  endfacet
  facet normal 0.666184 0.238366 0.706669
    outer loop
      vertex -44.0104 -53.9749 12
      vertex -43.4833 -52.4834 11
      vertex -44.4402 -52.7737 12
    endloop
  endfacet
  facet normal 0.941553 0.336864 0
    outer loop
      vertex -43.0866 -53.5922 11
      vertex -43.4833 -52.4834 1
      vertex -43.4833 -52.4834 11
    endloop
  endfacet
  facet normal 0.941553 0.336864 0
    outer loop
      vertex -43.4833 -52.4834 1
      vertex -43.0866 -53.5922 11
      vertex -43.0866 -53.5922 1
    endloop
  endfacet
  facet normal 0.666196 0.238371 -0.706656
    outer loop
      vertex -43.0866 -53.5922 1
      vertex -44.0104 -53.9749 0
      vertex -44.4402 -52.7737 0
    endloop
  endfacet
  facet normal 0.66619 0.238346 -0.706669
    outer loop
      vertex -43.4833 -52.4834 1
      vertex -43.0866 -53.5922 1
      vertex -44.4402 -52.7737 0
    endloop
  endfacet
  facet normal -0.666168 -0.23835 -0.706689
    outer loop
      vertex -57.8686 -59.7151 0
      vertex -59.7164 -60.4805 2
      vertex -60.7082 -57.7085 2
    endloop
  endfacet
  facet normal -0.666173 -0.238366 -0.706679
    outer loop
      vertex -58.7943 -57.128 0
      vertex -57.8686 -59.7151 0
      vertex -60.7082 -57.7085 2
    endloop
  endfacet
  facet normal -0.970027 -0.242999 0
    outer loop
      vertex -60.7082 -57.7085 2
      vertex -61.4236 -54.8527 10
      vertex -61.4236 -54.8527 2
    endloop
  endfacet
  facet normal -0.970027 -0.242999 0
    outer loop
      vertex -61.4236 -54.8527 10
      vertex -60.7082 -57.7085 2
      vertex -60.7082 -57.7085 10
    endloop
  endfacet
  facet normal -0.686327 -0.171923 0.706681
    outer loop
      vertex -58.7943 -57.128 12
      vertex -59.462 -54.4625 12
      vertex -60.7082 -57.7085 10
    endloop
  endfacet
  facet normal -0.68632 -0.171929 0.706686
    outer loop
      vertex -60.7082 -57.7085 10
      vertex -59.462 -54.4625 12
      vertex -61.4236 -54.8527 10
    endloop
  endfacet
  facet normal 0.686346 0.171902 0.706668
    outer loop
      vertex -43.4833 -52.4834 11
      vertex -43.7694 -51.3411 11
      vertex -44.4402 -52.7737 12
    endloop
  endfacet
  facet normal 0.686321 0.171927 0.706686
    outer loop
      vertex -44.4402 -52.7737 12
      vertex -43.7694 -51.3411 11
      vertex -44.7502 -51.5362 12
    endloop
  endfacet
  facet normal 0.970038 0.242955 0
    outer loop
      vertex -43.4833 -52.4834 11
      vertex -43.7694 -51.3411 1
      vertex -43.7694 -51.3411 11
    endloop
  endfacet
  facet normal 0.970038 0.242955 0
    outer loop
      vertex -43.7694 -51.3411 1
      vertex -43.4833 -52.4834 11
      vertex -43.4833 -52.4834 1
    endloop
  endfacet
  facet normal 0.686338 0.171931 -0.706668
    outer loop
      vertex -43.4833 -52.4834 1
      vertex -44.4402 -52.7737 0
      vertex -44.7502 -51.5362 0
    endloop
  endfacet
  facet normal 0.686327 0.171897 -0.706687
    outer loop
      vertex -43.7694 -51.3411 1
      vertex -43.4833 -52.4834 1
      vertex -44.7502 -51.5362 0
    endloop
  endfacet
  facet normal -0.686325 -0.17193 -0.706681
    outer loop
      vertex -58.7943 -57.128 0
      vertex -60.7082 -57.7085 2
      vertex -61.4236 -54.8527 2
    endloop
  endfacet
  facet normal -0.686322 -0.171922 -0.706686
    outer loop
      vertex -59.462 -54.4625 0
      vertex -58.7943 -57.128 0
      vertex -61.4236 -54.8527 2
    endloop
  endfacet
  facet normal -0.989181 -0.146703 0
    outer loop
      vertex -61.4236 -54.8527 2
      vertex -61.8555 -51.9405 10
      vertex -61.8555 -51.9405 2
    endloop
  endfacet
  facet normal -0.989181 -0.146703 0
    outer loop
      vertex -61.8555 -51.9405 10
      vertex -61.4236 -54.8527 2
      vertex -61.4236 -54.8527 10
    endloop
  endfacet
  facet normal -0.699868 -0.103822 0.706686
    outer loop
      vertex -59.462 -54.4625 12
      vertex -59.8652 -51.7445 12
      vertex -61.4236 -54.8527 10
    endloop
  endfacet
  facet normal -0.69989 -0.103799 0.706668
    outer loop
      vertex -61.4236 -54.8527 10
      vertex -59.8652 -51.7445 12
      vertex -61.8555 -51.9405 10
    endloop
  endfacet
  facet normal 0.699869 0.103818 0.706686
    outer loop
      vertex -43.7694 -51.3411 11
      vertex -43.9422 -50.1762 11
      vertex -44.7502 -51.5362 12
    endloop
  endfacet
  facet normal 0.69987 0.103816 0.706685
    outer loop
      vertex -44.7502 -51.5362 12
      vertex -43.9422 -50.1762 11
      vertex -44.9374 -50.2742 12
    endloop
  endfacet
  facet normal 0.989176 0.146733 0
    outer loop
      vertex -43.7694 -51.3411 11
      vertex -43.9422 -50.1762 1
      vertex -43.9422 -50.1762 11
    endloop
  endfacet
  facet normal 0.989176 0.146733 0
    outer loop
      vertex -43.9422 -50.1762 1
      vertex -43.7694 -51.3411 11
      vertex -43.7694 -51.3411 1
    endloop
  endfacet
  facet normal 0.699869 0.103816 -0.706686
    outer loop
      vertex -43.7694 -51.3411 1
      vertex -44.7502 -51.5362 0
      vertex -44.9374 -50.2742 0
    endloop
  endfacet
  facet normal 0.69987 0.103818 -0.706685
    outer loop
      vertex -43.9422 -50.1762 1
      vertex -43.7694 -51.3411 1
      vertex -44.9374 -50.2742 0
    endloop
  endfacet
  facet normal -0.699873 -0.103796 -0.706686
    outer loop
      vertex -59.462 -54.4625 0
      vertex -61.4236 -54.8527 2
      vertex -61.8555 -51.9405 2
    endloop
  endfacet
  facet normal -0.699887 -0.103824 -0.706667
    outer loop
      vertex -59.8652 -51.7445 0
      vertex -59.462 -54.4625 0
      vertex -61.8555 -51.9405 2
    endloop
  endfacet
  facet normal -0.998795 -0.0490821 0
    outer loop
      vertex -61.8555 -51.9405 2
      vertex -62 -49 10
      vertex -62 -49 2
    endloop
  endfacet
  facet normal -0.998795 -0.0490821 0
    outer loop
      vertex -62 -49 10
      vertex -61.8555 -51.9405 2
      vertex -61.8555 -51.9405 10
    endloop
  endfacet
  facet normal -0.706694 -0.0347103 0.706668
    outer loop
      vertex -59.8652 -51.7445 12
      vertex -60 -49 12
      vertex -61.8555 -51.9405 10
    endloop
  endfacet
  facet normal -0.70668 -0.0347272 0.70668
    outer loop
      vertex -61.8555 -51.9405 10
      vertex -60 -49 12
      vertex -62 -49 10
    endloop
  endfacet
  facet normal 0 0 1
    outer loop
      vertex -19 -49 12
      vertex -4 -49 12
      vertex -4.13483 -46.2555 12
    endloop
  endfacet
  facet normal 0 0 1
    outer loop
      vertex -19.0626 -47.7258 12
      vertex -4.13483 -46.2555 12
      vertex -4.53801 -43.5375 12
    endloop
  endfacet
  facet normal 0 0 1
    outer loop
      vertex -4 -49 12
      vertex -19 -49 12
      vertex -4.13483 -51.7445 12
    endloop
  endfacet
  facet normal 0 0 1
    outer loop
      vertex -19.2498 -46.4638 12
      vertex -4.53801 -43.5375 12
      vertex -5.20567 -40.872 12
    endloop
  endfacet
  facet normal -0 0 1
    outer loop
      vertex -19.0626 -50.2742 12
      vertex -4.13483 -51.7445 12
      vertex -19 -49 12
    endloop
  endfacet
  facet normal 0 0 1
    outer loop
      vertex -19.5598 -45.2263 12
      vertex -5.20567 -40.872 12
      vertex -6.13137 -38.2849 12
    endloop
  endfacet
  facet normal 0 0 1
    outer loop
      vertex -4.13483 -51.7445 12
      vertex -19.0626 -50.2742 12
      vertex -4.53801 -54.4625 12
    endloop
  endfacet
  facet normal 0 0 1
    outer loop
      vertex -19.9896 -44.0251 12
      vertex -6.13137 -38.2849 12
      vertex -7.3062 -35.8009 12
    endloop
  endfacet
  facet normal -0 0 1
    outer loop
      vertex -19.2498 -51.5362 12
      vertex -4.53801 -54.4625 12
      vertex -19.0626 -50.2742 12
    endloop
  endfacet
  facet normal 0 0 1
    outer loop
      vertex -20.535 -42.8718 12
      vertex -7.3062 -35.8009 12
      vertex -8.71885 -33.444 12
    endloop
  endfacet
  facet normal 0 0 1
    outer loop
      vertex -4.53801 -54.4625 12
      vertex -19.2498 -51.5362 12
      vertex -5.20567 -57.128 12
    endloop
  endfacet
  facet normal 0 0 1
    outer loop
      vertex -21.1909 -41.7776 12
      vertex -8.71885 -33.444 12
      vertex -10.3557 -31.237 12
    endloop
  endfacet
  facet normal -0 0 1
    outer loop
      vertex -19.5598 -52.7737 12
      vertex -5.20567 -57.128 12
      vertex -19.2498 -51.5362 12
    endloop
  endfacet
  facet normal 0 0 1
    outer loop
      vertex -21.9509 -40.7529 12
      vertex -10.3557 -31.237 12
      vertex -12.201 -29.201 12
    endloop
  endfacet
  facet normal 0 0 1
    outer loop
      vertex -5.20567 -57.128 12
      vertex -19.5598 -52.7737 12
      vertex -6.13137 -59.7151 12
    endloop
  endfacet
  facet normal 0 0 1
    outer loop
      vertex -22.8076 -39.8076 12
      vertex -12.201 -29.201 12
      vertex -14.237 -27.3557 12
    endloop
  endfacet
  facet normal -0 0 1
    outer loop
      vertex -19.9896 -53.9749 12
      vertex -6.13137 -59.7151 12
      vertex -19.5598 -52.7737 12
    endloop
  endfacet
  facet normal 0 0 1
    outer loop
      vertex -23.7529 -38.9509 12
      vertex -14.237 -27.3557 12
      vertex -16.444 -25.7188 12
    endloop
  endfacet
  facet normal 0 0 1
    outer loop
      vertex -6.13137 -59.7151 12
      vertex -19.9896 -53.9749 12
      vertex -7.3062 -62.1991 12
    endloop
  endfacet
  facet normal 0 0 1
    outer loop
      vertex -24.7776 -38.1909 12
      vertex -16.444 -25.7188 12
      vertex -18.8009 -24.3062 12
    endloop
  endfacet
  facet normal -0 0 1
    outer loop
      vertex -20.535 -55.1282 12
      vertex -7.3062 -62.1991 12
      vertex -19.9896 -53.9749 12
    endloop
  endfacet
  facet normal 0 0 1
    outer loop
      vertex -7.3062 -62.1991 12
      vertex -20.535 -55.1282 12
      vertex -8.71885 -64.556 12
    endloop
  endfacet
  facet normal 0 0 1
    outer loop
      vertex -4.13483 -46.2555 12
      vertex -19.0626 -47.7258 12
      vertex -19 -49 12
    endloop
  endfacet
  facet normal 0 0 1
    outer loop
      vertex -4.53801 -43.5375 12
      vertex -19.2498 -46.4638 12
      vertex -19.0626 -47.7258 12
    endloop
  endfacet
  facet normal 0 0 1
    outer loop
      vertex -5.20567 -40.872 12
      vertex -19.5598 -45.2263 12
      vertex -19.2498 -46.4638 12
    endloop
  endfacet
  facet normal 0 0 1
    outer loop
      vertex -6.13137 -38.2849 12
      vertex -19.9896 -44.0251 12
      vertex -19.5598 -45.2263 12
    endloop
  endfacet
  facet normal 0 0 1
    outer loop
      vertex -7.3062 -35.8009 12
      vertex -20.535 -42.8718 12
      vertex -19.9896 -44.0251 12
    endloop
  endfacet
  facet normal 0 0 1
    outer loop
      vertex -8.71885 -33.444 12
      vertex -21.1909 -41.7776 12
      vertex -20.535 -42.8718 12
    endloop
  endfacet
  facet normal 0 0 1
    outer loop
      vertex -25.8718 -37.535 12
      vertex -18.8009 -24.3062 12
      vertex -21.2849 -23.1314 12
    endloop
  endfacet
  facet normal 0 0 1
    outer loop
      vertex -10.3557 -31.237 12
      vertex -21.9509 -40.7529 12
      vertex -21.1909 -41.7776 12
    endloop
  endfacet
  facet normal 0 0 1
    outer loop
      vertex -12.201 -29.201 12
      vertex -22.8076 -39.8076 12
      vertex -21.9509 -40.7529 12
    endloop
  endfacet
  facet normal 0 0 1
    outer loop
      vertex -14.237 -27.3557 12
      vertex -23.7529 -38.9509 12
      vertex -22.8076 -39.8076 12
    endloop
  endfacet
  facet normal 0 0 1
    outer loop
      vertex -27.0251 -36.9896 12
      vertex -21.2849 -23.1314 12
      vertex -23.872 -22.2057 12
    endloop
  endfacet
  facet normal 0 0 1
    outer loop
      vertex -16.444 -25.7188 12
      vertex -24.7776 -38.1909 12
      vertex -23.7529 -38.9509 12
    endloop
  endfacet
  facet normal 0 0 1
    outer loop
      vertex -18.8009 -24.3062 12
      vertex -25.8718 -37.535 12
      vertex -24.7776 -38.1909 12
    endloop
  endfacet
  facet normal 0 0 1
    outer loop
      vertex -28.2263 -36.5598 12
      vertex -23.872 -22.2057 12
      vertex -26.5375 -21.538 12
    endloop
  endfacet
  facet normal 0 0 1
    outer loop
      vertex -21.2849 -23.1314 12
      vertex -27.0251 -36.9896 12
      vertex -25.8718 -37.535 12
    endloop
  endfacet
  facet normal 0 0 1
    outer loop
      vertex -23.872 -22.2057 12
      vertex -28.2263 -36.5598 12
      vertex -27.0251 -36.9896 12
    endloop
  endfacet
  facet normal 0 0 1
    outer loop
      vertex -29.4638 -36.2498 12
      vertex -26.5375 -21.538 12
      vertex -29.2555 -21.1348 12
    endloop
  endfacet
  facet normal 0 0 1
    outer loop
      vertex -26.5375 -21.538 12
      vertex -29.4638 -36.2498 12
      vertex -28.2263 -36.5598 12
    endloop
  endfacet
  facet normal 0 0 1
    outer loop
      vertex -29.2555 -21.1348 12
      vertex -30.7258 -36.0626 12
      vertex -29.4638 -36.2498 12
    endloop
  endfacet
  facet normal 0 0 1
    outer loop
      vertex -32 -21 12
      vertex -30.7258 -36.0626 12
      vertex -29.2555 -21.1348 12
    endloop
  endfacet
  facet normal 0 0 1
    outer loop
      vertex -32 -21 12
      vertex -32 -36 12
      vertex -30.7258 -36.0626 12
    endloop
  endfacet
  facet normal 0 0 1
    outer loop
      vertex -32 -21 12
      vertex -33.2742 -36.0626 12
      vertex -32 -36 12
    endloop
  endfacet
  facet normal -0 0 1
    outer loop
      vertex -34.7445 -21.1348 12
      vertex -33.2742 -36.0626 12
      vertex -32 -21 12
    endloop
  endfacet
  facet normal 0 0 1
    outer loop
      vertex -33.2742 -36.0626 12
      vertex -34.7445 -21.1348 12
      vertex -34.5362 -36.2498 12
    endloop
  endfacet
  facet normal -0 0 1
    outer loop
      vertex -37.4625 -21.538 12
      vertex -34.5362 -36.2498 12
      vertex -34.7445 -21.1348 12
    endloop
  endfacet
  facet normal 0 0 1
    outer loop
      vertex -34.5362 -36.2498 12
      vertex -37.4625 -21.538 12
      vertex -35.7737 -36.5598 12
    endloop
  endfacet
  facet normal -0 0 1
    outer loop
      vertex -40.128 -22.2057 12
      vertex -35.7737 -36.5598 12
      vertex -37.4625 -21.538 12
    endloop
  endfacet
  facet normal 0 0 1
    outer loop
      vertex -35.7737 -36.5598 12
      vertex -40.128 -22.2057 12
      vertex -36.9749 -36.9896 12
    endloop
  endfacet
  facet normal -0 0 1
    outer loop
      vertex -42.7151 -23.1314 12
      vertex -36.9749 -36.9896 12
      vertex -40.128 -22.2057 12
    endloop
  endfacet
  facet normal 0 0 1
    outer loop
      vertex -36.9749 -36.9896 12
      vertex -42.7151 -23.1314 12
      vertex -38.1282 -37.535 12
    endloop
  endfacet
  facet normal -0 0 1
    outer loop
      vertex -45.1991 -24.3062 12
      vertex -38.1282 -37.535 12
      vertex -42.7151 -23.1314 12
    endloop
  endfacet
  facet normal 0 0 1
    outer loop
      vertex -38.1282 -37.535 12
      vertex -45.1991 -24.3062 12
      vertex -39.2224 -38.1909 12
    endloop
  endfacet
  facet normal -0 0 1
    outer loop
      vertex -47.556 -25.7188 12
      vertex -39.2224 -38.1909 12
      vertex -45.1991 -24.3062 12
    endloop
  endfacet
  facet normal 0 0 1
    outer loop
      vertex -39.2224 -38.1909 12
      vertex -47.556 -25.7188 12
      vertex -40.2471 -38.9509 12
    endloop
  endfacet
  facet normal -0 0 1
    outer loop
      vertex -49.763 -27.3557 12
      vertex -40.2471 -38.9509 12
      vertex -47.556 -25.7188 12
    endloop
  endfacet
  facet normal 0 0 1
    outer loop
      vertex -40.2471 -38.9509 12
      vertex -49.763 -27.3557 12
      vertex -41.1924 -39.8076 12
    endloop
  endfacet
  facet normal -0 0 1
    outer loop
      vertex -51.799 -29.201 12
      vertex -41.1924 -39.8076 12
      vertex -49.763 -27.3557 12
    endloop
  endfacet
  facet normal 0 0 1
    outer loop
      vertex -41.1924 -39.8076 12
      vertex -51.799 -29.201 12
      vertex -42.0491 -40.7529 12
    endloop
  endfacet
  facet normal -0 0 1
    outer loop
      vertex -53.6443 -31.237 12
      vertex -42.0491 -40.7529 12
      vertex -51.799 -29.201 12
    endloop
  endfacet
  facet normal 0 0 1
    outer loop
      vertex -42.0491 -40.7529 12
      vertex -53.6443 -31.237 12
      vertex -42.8091 -41.7776 12
    endloop
  endfacet
  facet normal 0 0 1
    outer loop
      vertex -42.8091 -41.7776 12
      vertex -55.2812 -33.444 12
      vertex -43.465 -42.8718 12
    endloop
  endfacet
  facet normal -0 0 1
    outer loop
      vertex -55.2812 -33.444 12
      vertex -42.8091 -41.7776 12
      vertex -53.6443 -31.237 12
    endloop
  endfacet
  facet normal -0 0 1
    outer loop
      vertex -21.1909 -56.2224 12
      vertex -8.71885 -64.556 12
      vertex -20.535 -55.1282 12
    endloop
  endfacet
  facet normal 0 0 1
    outer loop
      vertex -8.71885 -64.556 12
      vertex -21.1909 -56.2224 12
      vertex -10.3557 -66.763 12
    endloop
  endfacet
  facet normal -0 0 1
    outer loop
      vertex -21.9509 -57.2471 12
      vertex -10.3557 -66.763 12
      vertex -21.1909 -56.2224 12
    endloop
  endfacet
  facet normal 0 0 1
    outer loop
      vertex -10.3557 -66.763 12
      vertex -21.9509 -57.2471 12
      vertex -12.201 -68.799 12
    endloop
  endfacet
  facet normal -0 0 1
    outer loop
      vertex -22.8076 -58.1924 12
      vertex -12.201 -68.799 12
      vertex -21.9509 -57.2471 12
    endloop
  endfacet
  facet normal 0 0 1
    outer loop
      vertex -12.201 -68.799 12
      vertex -22.8076 -58.1924 12
      vertex -14.237 -70.6443 12
    endloop
  endfacet
  facet normal -0 0 1
    outer loop
      vertex -23.7529 -59.0491 12
      vertex -14.237 -70.6443 12
      vertex -22.8076 -58.1924 12
    endloop
  endfacet
  facet normal 0 0 1
    outer loop
      vertex -14.237 -70.6443 12
      vertex -23.7529 -59.0491 12
      vertex -16.444 -72.2812 12
    endloop
  endfacet
  facet normal -0 0 1
    outer loop
      vertex -24.7776 -59.8091 12
      vertex -16.444 -72.2812 12
      vertex -23.7529 -59.0491 12
    endloop
  endfacet
  facet normal 0 0 1
    outer loop
      vertex -16.444 -72.2812 12
      vertex -24.7776 -59.8091 12
      vertex -18.8009 -73.6938 12
    endloop
  endfacet
  facet normal -0 0 1
    outer loop
      vertex -25.8718 -60.465 12
      vertex -18.8009 -73.6938 12
      vertex -24.7776 -59.8091 12
    endloop
  endfacet
  facet normal 0 0 1
    outer loop
      vertex -18.8009 -73.6938 12
      vertex -25.8718 -60.465 12
      vertex -21.2849 -74.8686 12
    endloop
  endfacet
  facet normal -0 0 1
    outer loop
      vertex -27.0251 -61.0104 12
      vertex -21.2849 -74.8686 12
      vertex -25.8718 -60.465 12
    endloop
  endfacet
  facet normal 0 0 1
    outer loop
      vertex -21.2849 -74.8686 12
      vertex -27.0251 -61.0104 12
      vertex -23.872 -75.7943 12
    endloop
  endfacet
  facet normal -0 0 1
    outer loop
      vertex -28.2263 -61.4402 12
      vertex -23.872 -75.7943 12
      vertex -27.0251 -61.0104 12
    endloop
  endfacet
  facet normal 0 0 1
    outer loop
      vertex -23.872 -75.7943 12
      vertex -28.2263 -61.4402 12
      vertex -26.5375 -76.462 12
    endloop
  endfacet
  facet normal -0 0 1
    outer loop
      vertex -29.4638 -61.7502 12
      vertex -26.5375 -76.462 12
      vertex -28.2263 -61.4402 12
    endloop
  endfacet
  facet normal 0 0 1
    outer loop
      vertex -26.5375 -76.462 12
      vertex -29.4638 -61.7502 12
      vertex -29.2555 -76.8652 12
    endloop
  endfacet
  facet normal -0 0 1
    outer loop
      vertex -30.7258 -61.9374 12
      vertex -29.2555 -76.8652 12
      vertex -29.4638 -61.7502 12
    endloop
  endfacet
  facet normal -0 0 1
    outer loop
      vertex -32 -62 12
      vertex -29.2555 -76.8652 12
      vertex -30.7258 -61.9374 12
    endloop
  endfacet
  facet normal 0 0 1
    outer loop
      vertex -32 -62 12
      vertex -32 -77 12
      vertex -29.2555 -76.8652 12
    endloop
  endfacet
  facet normal 0 0 1
    outer loop
      vertex -33.2742 -61.9374 12
      vertex -32 -77 12
      vertex -32 -62 12
    endloop
  endfacet
  facet normal 0 0 1
    outer loop
      vertex -34.7445 -76.8652 12
      vertex -33.2742 -61.9374 12
      vertex -34.5362 -61.7502 12
    endloop
  endfacet
  facet normal 0 0 1
    outer loop
      vertex -33.2742 -61.9374 12
      vertex -34.7445 -76.8652 12
      vertex -32 -77 12
    endloop
  endfacet
  facet normal 0 0 1
    outer loop
      vertex -37.4625 -76.462 12
      vertex -34.5362 -61.7502 12
      vertex -35.7737 -61.4402 12
    endloop
  endfacet
  facet normal 0 0 1
    outer loop
      vertex -40.128 -75.7943 12
      vertex -35.7737 -61.4402 12
      vertex -36.9749 -61.0104 12
    endloop
  endfacet
  facet normal 0 0 1
    outer loop
      vertex -34.5362 -61.7502 12
      vertex -37.4625 -76.462 12
      vertex -34.7445 -76.8652 12
    endloop
  endfacet
  facet normal 0 0 1
    outer loop
      vertex -42.7151 -74.8686 12
      vertex -36.9749 -61.0104 12
      vertex -38.1282 -60.465 12
    endloop
  endfacet
  facet normal 0 0 1
    outer loop
      vertex -45.1991 -73.6938 12
      vertex -38.1282 -60.465 12
      vertex -39.2224 -59.8091 12
    endloop
  endfacet
  facet normal 0 0 1
    outer loop
      vertex -35.7737 -61.4402 12
      vertex -40.128 -75.7943 12
      vertex -37.4625 -76.462 12
    endloop
  endfacet
  facet normal 0 0 1
    outer loop
      vertex -47.556 -72.2812 12
      vertex -39.2224 -59.8091 12
      vertex -40.2471 -59.0491 12
    endloop
  endfacet
  facet normal 0 0 1
    outer loop
      vertex -49.763 -70.6443 12
      vertex -40.2471 -59.0491 12
      vertex -41.1924 -58.1924 12
    endloop
  endfacet
  facet normal 0 0 1
    outer loop
      vertex -51.799 -68.799 12
      vertex -41.1924 -58.1924 12
      vertex -42.0491 -57.2471 12
    endloop
  endfacet
  facet normal 0 0 1
    outer loop
      vertex -36.9749 -61.0104 12
      vertex -42.7151 -74.8686 12
      vertex -40.128 -75.7943 12
    endloop
  endfacet
  facet normal 0 0 1
    outer loop
      vertex -53.6443 -66.763 12
      vertex -42.0491 -57.2471 12
      vertex -42.8091 -56.2224 12
    endloop
  endfacet
  facet normal 0 0 1
    outer loop
      vertex -55.2812 -64.556 12
      vertex -42.8091 -56.2224 12
      vertex -43.465 -55.1282 12
    endloop
  endfacet
  facet normal 0 0 1
    outer loop
      vertex -56.6938 -62.1991 12
      vertex -43.465 -55.1282 12
      vertex -44.0104 -53.9749 12
    endloop
  endfacet
  facet normal 0 0 1
    outer loop
      vertex -57.8686 -59.7151 12
      vertex -44.0104 -53.9749 12
      vertex -44.4402 -52.7737 12
    endloop
  endfacet
  facet normal 0 0 1
    outer loop
      vertex -58.7943 -57.128 12
      vertex -44.4402 -52.7737 12
      vertex -44.7502 -51.5362 12
    endloop
  endfacet
  facet normal 0 0 1
    outer loop
      vertex -59.462 -54.4625 12
      vertex -44.7502 -51.5362 12
      vertex -44.9374 -50.2742 12
    endloop
  endfacet
  facet normal 0 0 1
    outer loop
      vertex -38.1282 -60.465 12
      vertex -45.1991 -73.6938 12
      vertex -42.7151 -74.8686 12
    endloop
  endfacet
  facet normal 0 0 1
    outer loop
      vertex -59.8652 -51.7445 12
      vertex -44.9374 -50.2742 12
      vertex -45 -49 12
    endloop
  endfacet
  facet normal -0 0 1
    outer loop
      vertex -56.6938 -35.8009 12
      vertex -43.465 -42.8718 12
      vertex -55.2812 -33.444 12
    endloop
  endfacet
  facet normal 0 0 1
    outer loop
      vertex -43.465 -42.8718 12
      vertex -56.6938 -35.8009 12
      vertex -44.0104 -44.0251 12
    endloop
  endfacet
  facet normal 0 0 1
    outer loop
      vertex -39.2224 -59.8091 12
      vertex -47.556 -72.2812 12
      vertex -45.1991 -73.6938 12
    endloop
  endfacet
  facet normal -0 0 1
    outer loop
      vertex -57.8686 -38.2849 12
      vertex -44.0104 -44.0251 12
      vertex -56.6938 -35.8009 12
    endloop
  endfacet
  facet normal 0 0 1
    outer loop
      vertex -40.2471 -59.0491 12
      vertex -49.763 -70.6443 12
      vertex -47.556 -72.2812 12
    endloop
  endfacet
  facet normal 0 0 1
    outer loop
      vertex -44.0104 -44.0251 12
      vertex -57.8686 -38.2849 12
      vertex -44.4402 -45.2263 12
    endloop
  endfacet
  facet normal 0 0 1
    outer loop
      vertex -41.1924 -58.1924 12
      vertex -51.799 -68.799 12
      vertex -49.763 -70.6443 12
    endloop
  endfacet
  facet normal -0 0 1
    outer loop
      vertex -58.7943 -40.872 12
      vertex -44.4402 -45.2263 12
      vertex -57.8686 -38.2849 12
    endloop
  endfacet
  facet normal 0 0 1
    outer loop
      vertex -42.0491 -57.2471 12
      vertex -53.6443 -66.763 12
      vertex -51.799 -68.799 12
    endloop
  endfacet
  facet normal 0 0 1
    outer loop
      vertex -44.4402 -45.2263 12
      vertex -58.7943 -40.872 12
      vertex -44.7502 -46.4638 12
    endloop
  endfacet
  facet normal 0 0 1
    outer loop
      vertex -42.8091 -56.2224 12
      vertex -55.2812 -64.556 12
      vertex -53.6443 -66.763 12
    endloop
  endfacet
  facet normal -0 0 1
    outer loop
      vertex -59.462 -43.5375 12
      vertex -44.7502 -46.4638 12
      vertex -58.7943 -40.872 12
    endloop
  endfacet
  facet normal 0 0 1
    outer loop
      vertex -43.465 -55.1282 12
      vertex -56.6938 -62.1991 12
      vertex -55.2812 -64.556 12
    endloop
  endfacet
  facet normal 0 0 1
    outer loop
      vertex -44.7502 -46.4638 12
      vertex -59.462 -43.5375 12
      vertex -44.9374 -47.7258 12
    endloop
  endfacet
  facet normal 0 0 1
    outer loop
      vertex -44.0104 -53.9749 12
      vertex -57.8686 -59.7151 12
      vertex -56.6938 -62.1991 12
    endloop
  endfacet
  facet normal -0 0 1
    outer loop
      vertex -59.8652 -46.2555 12
      vertex -44.9374 -47.7258 12
      vertex -59.462 -43.5375 12
    endloop
  endfacet
  facet normal 0 0 1
    outer loop
      vertex -44.4402 -52.7737 12
      vertex -58.7943 -57.128 12
      vertex -57.8686 -59.7151 12
    endloop
  endfacet
  facet normal 0 0 1
    outer loop
      vertex -44.9374 -47.7258 12
      vertex -59.8652 -46.2555 12
      vertex -45 -49 12
    endloop
  endfacet
  facet normal 0 0 1
    outer loop
      vertex -44.7502 -51.5362 12
      vertex -59.462 -54.4625 12
      vertex -58.7943 -57.128 12
    endloop
  endfacet
  facet normal 0 0 1
    outer loop
      vertex -60 -49 12
      vertex -45 -49 12
      vertex -59.8652 -46.2555 12
    endloop
  endfacet
  facet normal 0 0 1
    outer loop
      vertex -44.9374 -50.2742 12
      vertex -59.8652 -51.7445 12
      vertex -59.462 -54.4625 12
    endloop
  endfacet
  facet normal 0 0 1
    outer loop
      vertex -45 -49 12
      vertex -60 -49 12
      vertex -59.8652 -51.7445 12
    endloop
  endfacet
  facet normal 0.706675 0.0347269 0.706686
    outer loop
      vertex -43.9422 -50.1762 11
      vertex -44 -49 11
      vertex -44.9374 -50.2742 12
    endloop
  endfacet
  facet normal 0.70668 0.0347184 0.70668
    outer loop
      vertex -44.9374 -50.2742 12
      vertex -44 -49 11
      vertex -45 -49 12
    endloop
  endfacet
  facet normal 0.998795 0.0490821 0
    outer loop
      vertex -43.9422 -50.1762 11
      vertex -44 -49 1
      vertex -44 -49 11
    endloop
  endfacet
  facet normal 0.998795 0.0490821 0
    outer loop
      vertex -44 -49 1
      vertex -43.9422 -50.1762 11
      vertex -43.9422 -50.1762 1
    endloop
  endfacet
  facet normal 0.706675 0.0347182 -0.706686
    outer loop
      vertex -43.9422 -50.1762 1
      vertex -44.9374 -50.2742 0
      vertex -45 -49 0
    endloop
  endfacet
  facet normal 0.70668 0.0347272 -0.70668
    outer loop
      vertex -44 -49 1
      vertex -43.9422 -50.1762 1
      vertex -45 -49 0
    endloop
  endfacet
  facet normal -0.706692 -0.0347278 -0.706668
    outer loop
      vertex -59.8652 -51.7445 0
      vertex -61.8555 -51.9405 2
      vertex -62 -49 2
    endloop
  endfacet
  facet normal -0.706681 -0.0347096 -0.706681
    outer loop
      vertex -60 -49 0
      vertex -59.8652 -51.7445 0
      vertex -62 -49 2
    endloop
  endfacet
  facet normal -0.998795 0.0490694 0
    outer loop
      vertex 6 -49 2
      vertex 6.11557 -46.6476 10
      vertex 6.11557 -46.6476 2
    endloop
  endfacet
  facet normal -0.998795 0.0490694 0
    outer loop
      vertex 6.11557 -46.6476 10
      vertex 6 -49 2
      vertex 6 -49 10
    endloop
  endfacet
  facet normal -0.706681 0.0347179 0.706681
    outer loop
      vertex 8 -49 12
      vertex 8.10594 -46.8436 12
      vertex 6 -49 10
    endloop
  endfacet
  facet normal -0.706681 0.0347182 0.70668
    outer loop
      vertex 8.10594 -46.8436 12
      vertex 6.11557 -46.6476 10
      vertex 6 -49 10
    endloop
  endfacet
  facet normal 0.70668 -0.0347272 0.70668
    outer loop
      vertex 18 -49 11
      vertex 18.0578 -47.8238 11
      vertex 17 -49 12
    endloop
  endfacet
  facet normal 0.706675 -0.0347182 0.706686
    outer loop
      vertex 18.0578 -47.8238 11
      vertex 17.0626 -47.7258 12
      vertex 17 -49 12
    endloop
  endfacet
  facet normal 0.998795 -0.0490821 0
    outer loop
      vertex 18 -49 11
      vertex 18.0578 -47.8238 1
      vertex 18.0578 -47.8238 11
    endloop
  endfacet
  facet normal 0.998795 -0.0490821 0
    outer loop
      vertex 18.0578 -47.8238 1
      vertex 18 -49 11
      vertex 18 -49 1
    endloop
  endfacet
  facet normal 0.70668 -0.0347184 -0.70668
    outer loop
      vertex 17.0626 -47.7258 0
      vertex 18 -49 1
      vertex 17 -49 0
    endloop
  endfacet
  facet normal 0.706675 -0.0347269 -0.706686
    outer loop
      vertex 18.0578 -47.8238 1
      vertex 18 -49 1
      vertex 17.0626 -47.7258 0
    endloop
  endfacet
  facet normal 0 0 -1
    outer loop
      vertex 43 -49 0
      vertex 52 -49 0
      vertex 51.8941 -51.1564 0
    endloop
  endfacet
  facet normal 0 0 -1
    outer loop
      vertex 42.9374 -50.2742 0
      vertex 51.8941 -51.1564 0
      vertex 51.5773 -53.292 0
    endloop
  endfacet
  facet normal 0 0 -1
    outer loop
      vertex 52 -49 0
      vertex 43 -49 0
      vertex 51.8941 -46.8436 0
    endloop
  endfacet
  facet normal 0 0 -1
    outer loop
      vertex 42.7502 -51.5362 0
      vertex 51.5773 -53.292 0
      vertex 51.0527 -55.3863 0
    endloop
  endfacet
  facet normal 0 0 -1
    outer loop
      vertex 42.9374 -47.7258 0
      vertex 51.8941 -46.8436 0
      vertex 43 -49 0
    endloop
  endfacet
  facet normal 0 0 -1
    outer loop
      vertex 42.4402 -52.7737 0
      vertex 51.0527 -55.3863 0
      vertex 50.3253 -57.419 0
    endloop
  endfacet
  facet normal -0 0 -1
    outer loop
      vertex 51.8941 -46.8436 0
      vertex 42.9374 -47.7258 0
      vertex 51.5773 -44.708 0
    endloop
  endfacet
  facet normal 0 0 -1
    outer loop
      vertex 42.0104 -53.9749 0
      vertex 50.3253 -57.419 0
      vertex 49.4023 -59.3707 0
    endloop
  endfacet
  facet normal 0 0 -1
    outer loop
      vertex 42.7502 -46.4638 0
      vertex 51.5773 -44.708 0
      vertex 42.9374 -47.7258 0
    endloop
  endfacet
  facet normal 0 0 -1
    outer loop
      vertex 41.465 -55.1282 0
      vertex 49.4023 -59.3707 0
      vertex 48.2923 -61.2225 0
    endloop
  endfacet
  facet normal -0 0 -1
    outer loop
      vertex 51.5773 -44.708 0
      vertex 42.7502 -46.4638 0
      vertex 51.0527 -42.6137 0
    endloop
  endfacet
  facet normal 0 0 -1
    outer loop
      vertex 40.8091 -56.2224 0
      vertex 48.2923 -61.2225 0
      vertex 47.0062 -62.9566 0
    endloop
  endfacet
  facet normal 0 0 -1
    outer loop
      vertex 42.4402 -45.2263 0
      vertex 51.0527 -42.6137 0
      vertex 42.7502 -46.4638 0
    endloop
  endfacet
  facet normal 0 0 -1
    outer loop
      vertex 40.0491 -57.2471 0
      vertex 47.0062 -62.9566 0
      vertex 45.5564 -64.5564 0
    endloop
  endfacet
  facet normal -0 0 -1
    outer loop
      vertex 51.0527 -42.6137 0
      vertex 42.4402 -45.2263 0
      vertex 50.3253 -40.581 0
    endloop
  endfacet
  facet normal 0 0 -1
    outer loop
      vertex 39.1924 -58.1924 0
      vertex 45.5564 -64.5564 0
      vertex 43.9566 -66.0062 0
    endloop
  endfacet
  facet normal 0 0 -1
    outer loop
      vertex 42.0104 -44.0251 0
      vertex 50.3253 -40.581 0
      vertex 42.4402 -45.2263 0
    endloop
  endfacet
  facet normal -0 0 -1
    outer loop
      vertex 50.3253 -40.581 0
      vertex 42.0104 -44.0251 0
      vertex 49.4023 -38.6293 0
    endloop
  endfacet
  facet normal 0 0 -1
    outer loop
      vertex 51.8941 -51.1564 0
      vertex 42.9374 -50.2742 0
      vertex 43 -49 0
    endloop
  endfacet
  facet normal 0 0 -1
    outer loop
      vertex 51.5773 -53.292 0
      vertex 42.7502 -51.5362 0
      vertex 42.9374 -50.2742 0
    endloop
  endfacet
  facet normal 0 0 -1
    outer loop
      vertex 51.0527 -55.3863 0
      vertex 42.4402 -52.7737 0
      vertex 42.7502 -51.5362 0
    endloop
  endfacet
  facet normal 0 0 -1
    outer loop
      vertex 38.2471 -59.0491 0
      vertex 43.9566 -66.0062 0
      vertex 42.2225 -67.2923 0
    endloop
  endfacet
  facet normal 0 0 -1
    outer loop
      vertex 50.3253 -57.419 0
      vertex 42.0104 -53.9749 0
      vertex 42.4402 -52.7737 0
    endloop
  endfacet
  facet normal 0 0 -1
    outer loop
      vertex 49.4023 -59.3707 0
      vertex 41.465 -55.1282 0
      vertex 42.0104 -53.9749 0
    endloop
  endfacet
  facet normal 0 0 -1
    outer loop
      vertex 48.2923 -61.2225 0
      vertex 40.8091 -56.2224 0
      vertex 41.465 -55.1282 0
    endloop
  endfacet
  facet normal 0 0 -1
    outer loop
      vertex 37.2224 -59.8091 0
      vertex 42.2225 -67.2923 0
      vertex 40.3707 -68.4023 0
    endloop
  endfacet
  facet normal 0 0 -1
    outer loop
      vertex 47.0062 -62.9566 0
      vertex 40.0491 -57.2471 0
      vertex 40.8091 -56.2224 0
    endloop
  endfacet
  facet normal 0 0 -1
    outer loop
      vertex 45.5564 -64.5564 0
      vertex 39.1924 -58.1924 0
      vertex 40.0491 -57.2471 0
    endloop
  endfacet
  facet normal 0 0 -1
    outer loop
      vertex 36.1282 -60.465 0
      vertex 40.3707 -68.4023 0
      vertex 38.419 -69.3253 0
    endloop
  endfacet
  facet normal 0 0 -1
    outer loop
      vertex 43.9566 -66.0062 0
      vertex 38.2471 -59.0491 0
      vertex 39.1924 -58.1924 0
    endloop
  endfacet
  facet normal 0 0 -1
    outer loop
      vertex 42.2225 -67.2923 0
      vertex 37.2224 -59.8091 0
      vertex 38.2471 -59.0491 0
    endloop
  endfacet
  facet normal 0 0 -1
    outer loop
      vertex 34.9749 -61.0104 0
      vertex 38.419 -69.3253 0
      vertex 36.3863 -70.0527 0
    endloop
  endfacet
  facet normal 0 0 -1
    outer loop
      vertex 40.3707 -68.4023 0
      vertex 36.1282 -60.465 0
      vertex 37.2224 -59.8091 0
    endloop
  endfacet
  facet normal 0 0 -1
    outer loop
      vertex 38.419 -69.3253 0
      vertex 34.9749 -61.0104 0
      vertex 36.1282 -60.465 0
    endloop
  endfacet
  facet normal 0 0 -1
    outer loop
      vertex 33.7737 -61.4402 0
      vertex 36.3863 -70.0527 0
      vertex 34.292 -70.5773 0
    endloop
  endfacet
  facet normal 0 0 -1
    outer loop
      vertex 36.3863 -70.0527 0
      vertex 33.7737 -61.4402 0
      vertex 34.9749 -61.0104 0
    endloop
  endfacet
  facet normal 0 0 -1
    outer loop
      vertex 34.292 -70.5773 0
      vertex 32.5362 -61.7502 0
      vertex 33.7737 -61.4402 0
    endloop
  endfacet
  facet normal 0 0 -1
    outer loop
      vertex 32.1564 -70.8941 0
      vertex 32.5362 -61.7502 0
      vertex 34.292 -70.5773 0
    endloop
  endfacet
  facet normal 0 0 -1
    outer loop
      vertex 32.1564 -70.8941 0
      vertex 31.2742 -61.9374 0
      vertex 32.5362 -61.7502 0
    endloop
  endfacet
  facet normal 0 0 -1
    outer loop
      vertex 30 -71 0
      vertex 31.2742 -61.9374 0
      vertex 32.1564 -70.8941 0
    endloop
  endfacet
  facet normal 0 0 -1
    outer loop
      vertex 30 -71 0
      vertex 30 -62 0
      vertex 31.2742 -61.9374 0
    endloop
  endfacet
  facet normal 0 0 -1
    outer loop
      vertex 30 -71 0
      vertex 28.7258 -61.9374 0
      vertex 30 -62 0
    endloop
  endfacet
  facet normal 0 0 -1
    outer loop
      vertex 27.8436 -70.8941 0
      vertex 28.7258 -61.9374 0
      vertex 30 -71 0
    endloop
  endfacet
  facet normal 0 0 -1
    outer loop
      vertex 27.8436 -70.8941 0
      vertex 27.4638 -61.7502 0
      vertex 28.7258 -61.9374 0
    endloop
  endfacet
  facet normal 0 0 -1
    outer loop
      vertex 25.708 -70.5773 0
      vertex 27.4638 -61.7502 0
      vertex 27.8436 -70.8941 0
    endloop
  endfacet
  facet normal -0 0 -1
    outer loop
      vertex 27.4638 -61.7502 0
      vertex 25.708 -70.5773 0
      vertex 26.2263 -61.4402 0
    endloop
  endfacet
  facet normal 0 0 -1
    outer loop
      vertex 23.6137 -70.0527 0
      vertex 26.2263 -61.4402 0
      vertex 25.708 -70.5773 0
    endloop
  endfacet
  facet normal -0 0 -1
    outer loop
      vertex 26.2263 -61.4402 0
      vertex 23.6137 -70.0527 0
      vertex 25.0251 -61.0104 0
    endloop
  endfacet
  facet normal 0 0 -1
    outer loop
      vertex 21.581 -69.3253 0
      vertex 25.0251 -61.0104 0
      vertex 23.6137 -70.0527 0
    endloop
  endfacet
  facet normal -0 0 -1
    outer loop
      vertex 25.0251 -61.0104 0
      vertex 21.581 -69.3253 0
      vertex 23.8718 -60.465 0
    endloop
  endfacet
  facet normal 0 0 -1
    outer loop
      vertex 19.6293 -68.4023 0
      vertex 23.8718 -60.465 0
      vertex 21.581 -69.3253 0
    endloop
  endfacet
  facet normal -0 0 -1
    outer loop
      vertex 23.8718 -60.465 0
      vertex 19.6293 -68.4023 0
      vertex 22.7776 -59.8091 0
    endloop
  endfacet
  facet normal 0 0 -1
    outer loop
      vertex 17.7775 -67.2923 0
      vertex 22.7776 -59.8091 0
      vertex 19.6293 -68.4023 0
    endloop
  endfacet
  facet normal -0 0 -1
    outer loop
      vertex 22.7776 -59.8091 0
      vertex 17.7775 -67.2923 0
      vertex 21.7529 -59.0491 0
    endloop
  endfacet
  facet normal 0 0 -1
    outer loop
      vertex 16.0433 -66.0062 0
      vertex 21.7529 -59.0491 0
      vertex 17.7775 -67.2923 0
    endloop
  endfacet
  facet normal -0 0 -1
    outer loop
      vertex 21.7529 -59.0491 0
      vertex 16.0433 -66.0062 0
      vertex 20.8076 -58.1924 0
    endloop
  endfacet
  facet normal 0 0 -1
    outer loop
      vertex 14.4437 -64.5564 0
      vertex 20.8076 -58.1924 0
      vertex 16.0433 -66.0062 0
    endloop
  endfacet
  facet normal -0 0 -1
    outer loop
      vertex 20.8076 -58.1924 0
      vertex 14.4437 -64.5564 0
      vertex 19.9509 -57.2471 0
    endloop
  endfacet
  facet normal 0 0 -1
    outer loop
      vertex 12.9938 -62.9566 0
      vertex 19.9509 -57.2471 0
      vertex 14.4437 -64.5564 0
    endloop
  endfacet
  facet normal -0 0 -1
    outer loop
      vertex 19.9509 -57.2471 0
      vertex 12.9938 -62.9566 0
      vertex 19.1909 -56.2224 0
    endloop
  endfacet
  facet normal 0 0 -1
    outer loop
      vertex 11.7077 -61.2225 0
      vertex 19.1909 -56.2224 0
      vertex 12.9938 -62.9566 0
    endloop
  endfacet
  facet normal -0 0 -1
    outer loop
      vertex 19.1909 -56.2224 0
      vertex 11.7077 -61.2225 0
      vertex 18.535 -55.1282 0
    endloop
  endfacet
  facet normal 0 0 -1
    outer loop
      vertex 10.5977 -59.3707 0
      vertex 18.535 -55.1282 0
      vertex 11.7077 -61.2225 0
    endloop
  endfacet
  facet normal -0 0 -1
    outer loop
      vertex 18.535 -55.1282 0
      vertex 10.5977 -59.3707 0
      vertex 17.9896 -53.9749 0
    endloop
  endfacet
  facet normal 0 0 -1
    outer loop
      vertex 41.465 -42.8718 0
      vertex 49.4023 -38.6293 0
      vertex 42.0104 -44.0251 0
    endloop
  endfacet
  facet normal -0 0 -1
    outer loop
      vertex 49.4023 -38.6293 0
      vertex 41.465 -42.8718 0
      vertex 48.2923 -36.7775 0
    endloop
  endfacet
  facet normal 0 0 -1
    outer loop
      vertex 40.8091 -41.7776 0
      vertex 48.2923 -36.7775 0
      vertex 41.465 -42.8718 0
    endloop
  endfacet
  facet normal -0 0 -1
    outer loop
      vertex 48.2923 -36.7775 0
      vertex 40.8091 -41.7776 0
      vertex 47.0062 -35.0433 0
    endloop
  endfacet
  facet normal 0 0 -1
    outer loop
      vertex 40.0491 -40.7529 0
      vertex 47.0062 -35.0433 0
      vertex 40.8091 -41.7776 0
    endloop
  endfacet
  facet normal -0 0 -1
    outer loop
      vertex 47.0062 -35.0433 0
      vertex 40.0491 -40.7529 0
      vertex 45.5564 -33.4436 0
    endloop
  endfacet
  facet normal 0 0 -1
    outer loop
      vertex 39.1924 -39.8076 0
      vertex 45.5564 -33.4436 0
      vertex 40.0491 -40.7529 0
    endloop
  endfacet
  facet normal -0 0 -1
    outer loop
      vertex 45.5564 -33.4436 0
      vertex 39.1924 -39.8076 0
      vertex 43.9566 -31.9938 0
    endloop
  endfacet
  facet normal 0 0 -1
    outer loop
      vertex 38.2471 -38.9509 0
      vertex 43.9566 -31.9938 0
      vertex 39.1924 -39.8076 0
    endloop
  endfacet
  facet normal -0 0 -1
    outer loop
      vertex 43.9566 -31.9938 0
      vertex 38.2471 -38.9509 0
      vertex 42.2225 -30.7077 0
    endloop
  endfacet
  facet normal 0 0 -1
    outer loop
      vertex 37.2224 -38.1909 0
      vertex 42.2225 -30.7077 0
      vertex 38.2471 -38.9509 0
    endloop
  endfacet
  facet normal -0 0 -1
    outer loop
      vertex 42.2225 -30.7077 0
      vertex 37.2224 -38.1909 0
      vertex 40.3707 -29.5977 0
    endloop
  endfacet
  facet normal 0 0 -1
    outer loop
      vertex 36.1282 -37.535 0
      vertex 40.3707 -29.5977 0
      vertex 37.2224 -38.1909 0
    endloop
  endfacet
  facet normal -0 0 -1
    outer loop
      vertex 40.3707 -29.5977 0
      vertex 36.1282 -37.535 0
      vertex 38.419 -28.6747 0
    endloop
  endfacet
  facet normal 0 0 -1
    outer loop
      vertex 34.9749 -36.9896 0
      vertex 38.419 -28.6747 0
      vertex 36.1282 -37.535 0
    endloop
  endfacet
  facet normal -0 0 -1
    outer loop
      vertex 38.419 -28.6747 0
      vertex 34.9749 -36.9896 0
      vertex 36.3863 -27.9473 0
    endloop
  endfacet
  facet normal 0 0 -1
    outer loop
      vertex 33.7737 -36.5598 0
      vertex 36.3863 -27.9473 0
      vertex 34.9749 -36.9896 0
    endloop
  endfacet
  facet normal -0 0 -1
    outer loop
      vertex 36.3863 -27.9473 0
      vertex 33.7737 -36.5598 0
      vertex 34.292 -27.4227 0
    endloop
  endfacet
  facet normal 0 0 -1
    outer loop
      vertex 32.5362 -36.2498 0
      vertex 34.292 -27.4227 0
      vertex 33.7737 -36.5598 0
    endloop
  endfacet
  facet normal 0 0 -1
    outer loop
      vertex 32.5362 -36.2498 0
      vertex 32.1564 -27.1059 0
      vertex 34.292 -27.4227 0
    endloop
  endfacet
  facet normal 0 0 -1
    outer loop
      vertex 31.2742 -36.0626 0
      vertex 32.1564 -27.1059 0
      vertex 32.5362 -36.2498 0
    endloop
  endfacet
  facet normal 0 0 -1
    outer loop
      vertex 30 -36 0
      vertex 32.1564 -27.1059 0
      vertex 31.2742 -36.0626 0
    endloop
  endfacet
  facet normal 0 0 -1
    outer loop
      vertex 30 -36 0
      vertex 30 -27 0
      vertex 32.1564 -27.1059 0
    endloop
  endfacet
  facet normal 0 0 -1
    outer loop
      vertex 28.7258 -36.0626 0
      vertex 30 -27 0
      vertex 30 -36 0
    endloop
  endfacet
  facet normal 0 0 -1
    outer loop
      vertex 28.7258 -36.0626 0
      vertex 27.8436 -27.1059 0
      vertex 30 -27 0
    endloop
  endfacet
  facet normal 0 0 -1
    outer loop
      vertex 27.4638 -36.2498 0
      vertex 27.8436 -27.1059 0
      vertex 28.7258 -36.0626 0
    endloop
  endfacet
  facet normal 0 0 -1
    outer loop
      vertex 25.708 -27.4227 0
      vertex 27.4638 -36.2498 0
      vertex 26.2263 -36.5598 0
    endloop
  endfacet
  facet normal 0 0 -1
    outer loop
      vertex 27.4638 -36.2498 0
      vertex 25.708 -27.4227 0
      vertex 27.8436 -27.1059 0
    endloop
  endfacet
  facet normal 0 0 -1
    outer loop
      vertex 23.6137 -27.9473 0
      vertex 26.2263 -36.5598 0
      vertex 25.0251 -36.9896 0
    endloop
  endfacet
  facet normal 0 0 -1
    outer loop
      vertex 21.581 -28.6747 0
      vertex 25.0251 -36.9896 0
      vertex 23.8718 -37.535 0
    endloop
  endfacet
  facet normal 0 0 -1
    outer loop
      vertex 26.2263 -36.5598 0
      vertex 23.6137 -27.9473 0
      vertex 25.708 -27.4227 0
    endloop
  endfacet
  facet normal 0 0 -1
    outer loop
      vertex 19.6293 -29.5977 0
      vertex 23.8718 -37.535 0
      vertex 22.7776 -38.1909 0
    endloop
  endfacet
  facet normal 0 0 -1
    outer loop
      vertex 17.7775 -30.7077 0
      vertex 22.7776 -38.1909 0
      vertex 21.7529 -38.9509 0
    endloop
  endfacet
  facet normal 0 0 -1
    outer loop
      vertex 25.0251 -36.9896 0
      vertex 21.581 -28.6747 0
      vertex 23.6137 -27.9473 0
    endloop
  endfacet
  facet normal 0 0 -1
    outer loop
      vertex 16.0433 -31.9938 0
      vertex 21.7529 -38.9509 0
      vertex 20.8076 -39.8076 0
    endloop
  endfacet
  facet normal 0 0 -1
    outer loop
      vertex 14.4437 -33.4436 0
      vertex 20.8076 -39.8076 0
      vertex 19.9509 -40.7529 0
    endloop
  endfacet
  facet normal 0 0 -1
    outer loop
      vertex 23.8718 -37.535 0
      vertex 19.6293 -29.5977 0
      vertex 21.581 -28.6747 0
    endloop
  endfacet
  facet normal 0 0 -1
    outer loop
      vertex 12.9938 -35.0433 0
      vertex 19.9509 -40.7529 0
      vertex 19.1909 -41.7776 0
    endloop
  endfacet
  facet normal 0 0 -1
    outer loop
      vertex 11.7077 -36.7775 0
      vertex 19.1909 -41.7776 0
      vertex 18.535 -42.8718 0
    endloop
  endfacet
  facet normal 0 0 -1
    outer loop
      vertex 10.5977 -38.6293 0
      vertex 18.535 -42.8718 0
      vertex 17.9896 -44.0251 0
    endloop
  endfacet
  facet normal 0 0 -1
    outer loop
      vertex 22.7776 -38.1909 0
      vertex 17.7775 -30.7077 0
      vertex 19.6293 -29.5977 0
    endloop
  endfacet
  facet normal 0 0 -1
    outer loop
      vertex 9.67465 -40.581 0
      vertex 17.9896 -44.0251 0
      vertex 17.5598 -45.2263 0
    endloop
  endfacet
  facet normal 0 0 -1
    outer loop
      vertex 8.94731 -42.6137 0
      vertex 17.5598 -45.2263 0
      vertex 17.2498 -46.4638 0
    endloop
  endfacet
  facet normal 0 0 -1
    outer loop
      vertex 8.42272 -44.708 0
      vertex 17.2498 -46.4638 0
      vertex 17.0626 -47.7258 0
    endloop
  endfacet
  facet normal 0 0 -1
    outer loop
      vertex 8.10594 -46.8436 0
      vertex 17.0626 -47.7258 0
      vertex 17 -49 0
    endloop
  endfacet
  facet normal 0 0 -1
    outer loop
      vertex 9.67465 -57.419 0
      vertex 17.9896 -53.9749 0
      vertex 10.5977 -59.3707 0
    endloop
  endfacet
  facet normal 0 0 -1
    outer loop
      vertex 21.7529 -38.9509 0
      vertex 16.0433 -31.9938 0
      vertex 17.7775 -30.7077 0
    endloop
  endfacet
  facet normal -0 0 -1
    outer loop
      vertex 17.9896 -53.9749 0
      vertex 9.67465 -57.419 0
      vertex 17.5598 -52.7737 0
    endloop
  endfacet
  facet normal 0 0 -1
    outer loop
      vertex 20.8076 -39.8076 0
      vertex 14.4437 -33.4436 0
      vertex 16.0433 -31.9938 0
    endloop
  endfacet
  facet normal 0 0 -1
    outer loop
      vertex 8.94731 -55.3863 0
      vertex 17.5598 -52.7737 0
      vertex 9.67465 -57.419 0
    endloop
  endfacet
  facet normal 0 0 -1
    outer loop
      vertex 19.9509 -40.7529 0
      vertex 12.9938 -35.0433 0
      vertex 14.4437 -33.4436 0
    endloop
  endfacet
  facet normal -0 0 -1
    outer loop
      vertex 17.5598 -52.7737 0
      vertex 8.94731 -55.3863 0
      vertex 17.2498 -51.5362 0
    endloop
  endfacet
  facet normal 0 0 -1
    outer loop
      vertex 19.1909 -41.7776 0
      vertex 11.7077 -36.7775 0
      vertex 12.9938 -35.0433 0
    endloop
  endfacet
  facet normal 0 0 -1
    outer loop
      vertex 8.42272 -53.292 0
      vertex 17.2498 -51.5362 0
      vertex 8.94731 -55.3863 0
    endloop
  endfacet
  facet normal 0 0 -1
    outer loop
      vertex 18.535 -42.8718 0
      vertex 10.5977 -38.6293 0
      vertex 11.7077 -36.7775 0
    endloop
  endfacet
  facet normal -0 0 -1
    outer loop
      vertex 17.2498 -51.5362 0
      vertex 8.42272 -53.292 0
      vertex 17.0626 -50.2742 0
    endloop
  endfacet
  facet normal 0 0 -1
    outer loop
      vertex 17.9896 -44.0251 0
      vertex 9.67465 -40.581 0
      vertex 10.5977 -38.6293 0
    endloop
  endfacet
  facet normal 0 0 -1
    outer loop
      vertex 8.10594 -51.1564 0
      vertex 17.0626 -50.2742 0
      vertex 8.42272 -53.292 0
    endloop
  endfacet
  facet normal 0 0 -1
    outer loop
      vertex 17.5598 -45.2263 0
      vertex 8.94731 -42.6137 0
      vertex 9.67465 -40.581 0
    endloop
  endfacet
  facet normal -0 0 -1
    outer loop
      vertex 17.0626 -50.2742 0
      vertex 8.10594 -51.1564 0
      vertex 17 -49 0
    endloop
  endfacet
  facet normal 0 0 -1
    outer loop
      vertex 17.2498 -46.4638 0
      vertex 8.42272 -44.708 0
      vertex 8.94731 -42.6137 0
    endloop
  endfacet
  facet normal 0 0 -1
    outer loop
      vertex 8 -49 0
      vertex 17 -49 0
      vertex 8.10594 -51.1564 0
    endloop
  endfacet
  facet normal 0 0 -1
    outer loop
      vertex 17.0626 -47.7258 0
      vertex 8.10594 -46.8436 0
      vertex 8.42272 -44.708 0
    endloop
  endfacet
  facet normal 0 0 -1
    outer loop
      vertex 17 -49 0
      vertex 8 -49 0
      vertex 8.10594 -46.8436 0
    endloop
  endfacet
  facet normal -0.70668 0.0347182 -0.70668
    outer loop
      vertex 6.11557 -46.6476 2
      vertex 8 -49 0
      vertex 6 -49 2
    endloop
  endfacet
  facet normal -0.706681 0.0347179 -0.70668
    outer loop
      vertex 8.10594 -46.8436 0
      vertex 8 -49 0
      vertex 6.11557 -46.6476 2
    endloop
  endfacet
  facet normal -0.989177 0.146725 0
    outer loop
      vertex 6.11557 -46.6476 2
      vertex 6.46115 -44.3178 10
      vertex 6.46115 -44.3178 2
    endloop
  endfacet
  facet normal -0.989177 0.146725 0
    outer loop
      vertex 6.46115 -44.3178 10
      vertex 6.11557 -46.6476 2
      vertex 6.11557 -46.6476 10
    endloop
  endfacet
  facet normal -0.699876 0.103815 0.70668
    outer loop
      vertex 8.10594 -46.8436 12
      vertex 8.42272 -44.708 12
      vertex 6.11557 -46.6476 10
    endloop
  endfacet
  facet normal -0.699875 0.103813 0.706681
    outer loop
      vertex 8.42272 -44.708 12
      vertex 6.46115 -44.3178 10
      vertex 6.11557 -46.6476 10
    endloop
  endfacet
  facet normal 0.69987 -0.103818 0.706685
    outer loop
      vertex 18.0578 -47.8238 11
      vertex 18.2306 -46.6589 11
      vertex 17.0626 -47.7258 12
    endloop
  endfacet
  facet normal 0.699869 -0.103816 0.706686
    outer loop
      vertex 18.2306 -46.6589 11
      vertex 17.2498 -46.4638 12
      vertex 17.0626 -47.7258 12
    endloop
  endfacet
  facet normal 0.989176 -0.146733 0
    outer loop
      vertex 18.0578 -47.8238 11
      vertex 18.2306 -46.6589 1
      vertex 18.2306 -46.6589 11
    endloop
  endfacet
  facet normal 0.989176 -0.146733 0
    outer loop
      vertex 18.2306 -46.6589 1
      vertex 18.0578 -47.8238 11
      vertex 18.0578 -47.8238 1
    endloop
  endfacet
  facet normal 0.69987 -0.103816 -0.706685
    outer loop
      vertex 17.2498 -46.4638 0
      vertex 18.0578 -47.8238 1
      vertex 17.0626 -47.7258 0
    endloop
  endfacet
  facet normal 0.699869 -0.103818 -0.706686
    outer loop
      vertex 18.2306 -46.6589 1
      vertex 18.0578 -47.8238 1
      vertex 17.2498 -46.4638 0
    endloop
  endfacet
  facet normal -0.699876 0.103813 -0.70668
    outer loop
      vertex 6.46115 -44.3178 2
      vertex 8.10594 -46.8436 0
      vertex 6.11557 -46.6476 2
    endloop
  endfacet
  facet normal -0.699875 0.103815 -0.706681
    outer loop
      vertex 8.42272 -44.708 0
      vertex 8.10594 -46.8436 0
      vertex 6.46115 -44.3178 2
    endloop
  endfacet
  facet normal -0.97003 0.242987 0
    outer loop
      vertex 6.46115 -44.3178 2
      vertex 7.03343 -42.0332 10
      vertex 7.03343 -42.0332 2
    endloop
  endfacet
  facet normal -0.97003 0.242987 0
    outer loop
      vertex 7.03343 -42.0332 10
      vertex 6.46115 -44.3178 2
      vertex 6.46115 -44.3178 10
    endloop
  endfacet
  facet normal -0.686329 0.171915 0.706681
    outer loop
      vertex 8.42272 -44.708 12
      vertex 8.94731 -42.6137 12
      vertex 6.46115 -44.3178 10
    endloop
  endfacet
  facet normal -0.686331 0.171922 0.706678
    outer loop
      vertex 8.94731 -42.6137 12
      vertex 7.03343 -42.0332 10
      vertex 6.46115 -44.3178 10
    endloop
  endfacet
  facet normal 0.686327 -0.171897 0.706687
    outer loop
      vertex 18.2306 -46.6589 11
      vertex 18.5167 -45.5166 11
      vertex 17.2498 -46.4638 12
    endloop
  endfacet
  facet normal 0.686338 -0.171931 0.706668
    outer loop
      vertex 18.5167 -45.5166 11
      vertex 17.5598 -45.2263 12
      vertex 17.2498 -46.4638 12
    endloop
  endfacet
  facet normal 0.970038 -0.242955 0
    outer loop
      vertex 18.2306 -46.6589 11
      vertex 18.5167 -45.5166 1
      vertex 18.5167 -45.5166 11
    endloop
  endfacet
  facet normal 0.970038 -0.242955 0
    outer loop
      vertex 18.5167 -45.5166 1
      vertex 18.2306 -46.6589 11
      vertex 18.2306 -46.6589 1
    endloop
  endfacet
  facet normal 0.686321 -0.171927 -0.706686
    outer loop
      vertex 17.5598 -45.2263 0
      vertex 18.2306 -46.6589 1
      vertex 17.2498 -46.4638 0
    endloop
  endfacet
  facet normal 0.686346 -0.171902 -0.706668
    outer loop
      vertex 18.5167 -45.5166 1
      vertex 18.2306 -46.6589 1
      vertex 17.5598 -45.2263 0
    endloop
  endfacet
  facet normal -0.686327 0.171921 -0.706681
    outer loop
      vertex 7.03343 -42.0332 2
      vertex 8.42272 -44.708 0
      vertex 6.46115 -44.3178 2
    endloop
  endfacet
  facet normal -0.686332 0.171916 -0.706677
    outer loop
      vertex 8.94731 -42.6137 0
      vertex 8.42272 -44.708 0
      vertex 7.03343 -42.0332 2
    endloop
  endfacet
  facet normal -0.941545 0.336886 0
    outer loop
      vertex 7.03343 -42.0332 2
      vertex 7.82689 -39.8156 10
      vertex 7.82689 -39.8156 2
    endloop
  endfacet
  facet normal -0.941545 0.336886 0
    outer loop
      vertex 7.82689 -39.8156 10
      vertex 7.03343 -42.0332 2
      vertex 7.03343 -42.0332 10
    endloop
  endfacet
  facet normal -0.666175 0.23837 0.706676
    outer loop
      vertex 8.94731 -42.6137 12
      vertex 9.67465 -40.581 12
      vertex 7.03343 -42.0332 10
    endloop
  endfacet
  facet normal -0.666172 0.238357 0.706683
    outer loop
      vertex 9.67465 -40.581 12
      vertex 7.82689 -39.8156 10
      vertex 7.03343 -42.0332 10
    endloop
  endfacet
  facet normal 0.66619 -0.238346 0.706669
    outer loop
      vertex 18.5167 -45.5166 11
      vertex 18.9134 -44.4078 11
      vertex 17.5598 -45.2263 12
    endloop
  endfacet
  facet normal 0.666196 -0.238371 0.706656
    outer loop
      vertex 18.9134 -44.4078 11
      vertex 17.9896 -44.0251 12
      vertex 17.5598 -45.2263 12
    endloop
  endfacet
  facet normal 0.941553 -0.336864 0
    outer loop
      vertex 18.5167 -45.5166 11
      vertex 18.9134 -44.4078 1
      vertex 18.9134 -44.4078 11
    endloop
  endfacet
  facet normal 0.941553 -0.336864 0
    outer loop
      vertex 18.9134 -44.4078 1
      vertex 18.5167 -45.5166 11
      vertex 18.5167 -45.5166 1
    endloop
  endfacet
  facet normal 0.666184 -0.238366 -0.706669
    outer loop
      vertex 17.9896 -44.0251 0
      vertex 18.5167 -45.5166 1
      vertex 17.5598 -45.2263 0
    endloop
  endfacet
  facet normal 0.666203 -0.23835 -0.706655
    outer loop
      vertex 18.9134 -44.4078 1
      vertex 18.5167 -45.5166 1
      vertex 17.9896 -44.0251 0
    endloop
  endfacet
  facet normal -0.666178 0.238359 -0.706676
    outer loop
      vertex 7.82689 -39.8156 2
      vertex 8.94731 -42.6137 0
      vertex 7.03343 -42.0332 2
    endloop
  endfacet
  facet normal -0.666168 0.238368 -0.706683
    outer loop
      vertex 9.67465 -40.581 0
      vertex 8.94731 -42.6137 0
      vertex 7.82689 -39.8156 2
    endloop
  endfacet
  facet normal -0.903988 0.427559 0
    outer loop
      vertex 7.82689 -39.8156 2
      vertex 8.83389 -37.6865 10
      vertex 8.83389 -37.6865 2
    endloop
  endfacet
  facet normal -0.903988 0.427559 0
    outer loop
      vertex 8.83389 -37.6865 10
      vertex 7.82689 -39.8156 2
      vertex 7.82689 -39.8156 10
    endloop
  endfacet
  facet normal -0.639604 0.302499 0.706683
    outer loop
      vertex 9.67465 -40.581 12
      vertex 10.5977 -38.6293 12
      vertex 7.82689 -39.8156 10
    endloop
  endfacet
  facet normal -0.639605 0.302514 0.706676
    outer loop
      vertex 10.5977 -38.6293 12
      vertex 8.83389 -37.6865 10
      vertex 7.82689 -39.8156 10
    endloop
  endfacet
  facet normal 0.639627 -0.30251 0.706658
    outer loop
      vertex 18.9134 -44.4078 11
      vertex 19.4169 -43.3432 11
      vertex 17.9896 -44.0251 12
    endloop
  endfacet
  facet normal 0.639624 -0.30248 0.706673
    outer loop
      vertex 19.4169 -43.3432 11
      vertex 18.535 -42.8718 12
      vertex 17.9896 -44.0251 12
    endloop
  endfacet
  facet normal 0.903995 -0.427542 0
    outer loop
      vertex 18.9134 -44.4078 11
      vertex 19.4169 -43.3432 1
      vertex 19.4169 -43.3432 11
    endloop
  endfacet
  facet normal 0.903995 -0.427542 0
    outer loop
      vertex 19.4169 -43.3432 1
      vertex 18.9134 -44.4078 11
      vertex 18.9134 -44.4078 1
    endloop
  endfacet
  facet normal 0.639637 -0.302487 -0.706658
    outer loop
      vertex 18.535 -42.8718 0
      vertex 18.9134 -44.4078 1
      vertex 17.9896 -44.0251 0
    endloop
  endfacet
  facet normal 0.639612 -0.302503 -0.706674
    outer loop
      vertex 19.4169 -43.3432 1
      vertex 18.9134 -44.4078 1
      vertex 18.535 -42.8718 0
    endloop
  endfacet
  facet normal -0.639598 0.302511 -0.706683
    outer loop
      vertex 8.83389 -37.6865 2
      vertex 9.67465 -40.581 0
      vertex 7.82689 -39.8156 2
    endloop
  endfacet
  facet normal -0.639611 0.302502 -0.706676
    outer loop
      vertex 10.5977 -38.6293 0
      vertex 9.67465 -40.581 0
      vertex 8.83389 -37.6865 2
    endloop
  endfacet
  facet normal -0.857738 0.514087 0
    outer loop
      vertex 8.83389 -37.6865 2
      vertex 10.0447 -35.6663 10
      vertex 10.0447 -35.6663 2
    endloop
  endfacet
  facet normal -0.857738 0.514087 0
    outer loop
      vertex 10.0447 -35.6663 10
      vertex 8.83389 -37.6865 2
      vertex 8.83389 -37.6865 10
    endloop
  endfacet
  facet normal -0.606865 0.363765 0.706676
    outer loop
      vertex 10.5977 -38.6293 12
      vertex 11.7077 -36.7775 12
      vertex 8.83389 -37.6865 10
    endloop
  endfacet
  facet normal -0.606866 0.363726 0.706695
    outer loop
      vertex 11.7077 -36.7775 12
      vertex 10.0447 -35.6663 10
      vertex 8.83389 -37.6865 10
    endloop
  endfacet
  facet normal 0.606843 -0.363806 0.706673
    outer loop
      vertex 19.4169 -43.3432 11
      vertex 20.0224 -42.3332 11
      vertex 18.535 -42.8718 12
    endloop
  endfacet
  facet normal 0.606843 -0.363762 0.706696
    outer loop
      vertex 20.0224 -42.3332 11
      vertex 19.1909 -41.7776 12
      vertex 18.535 -42.8718 12
    endloop
  endfacet
  facet normal 0.85768 -0.514184 0
    outer loop
      vertex 19.4169 -43.3432 11
      vertex 20.0224 -42.3332 1
      vertex 20.0224 -42.3332 11
    endloop
  endfacet
  facet normal 0.85768 -0.514184 0
    outer loop
      vertex 20.0224 -42.3332 1
      vertex 19.4169 -43.3432 11
      vertex 19.4169 -43.3432 1
    endloop
  endfacet
  facet normal 0.606862 -0.363773 -0.706674
    outer loop
      vertex 19.1909 -41.7776 0
      vertex 19.4169 -43.3432 1
      vertex 18.535 -42.8718 0
    endloop
  endfacet
  facet normal 0.606823 -0.363793 -0.706697
    outer loop
      vertex 20.0224 -42.3332 1
      vertex 19.4169 -43.3432 1
      vertex 19.1909 -41.7776 0
    endloop
  endfacet
  facet normal -0.606881 0.363735 -0.706677
    outer loop
      vertex 10.0447 -35.6663 2
      vertex 10.5977 -38.6293 0
      vertex 8.83389 -37.6865 2
    endloop
  endfacet
  facet normal -0.606847 0.363755 -0.706696
    outer loop
      vertex 11.7077 -36.7775 0
      vertex 10.5977 -38.6293 0
      vertex 10.0447 -35.6663 2
    endloop
  endfacet
  facet normal -0.803204 0.595705 0
    outer loop
      vertex 10.0447 -35.6663 2
      vertex 11.4477 -33.7746 10
      vertex 11.4477 -33.7746 2
    endloop
  endfacet
  facet normal -0.803204 0.595705 0
    outer loop
      vertex 11.4477 -33.7746 10
      vertex 10.0447 -35.6663 2
      vertex 10.0447 -35.6663 10
    endloop
  endfacet
  facet normal -0.568294 0.421453 0.706696
    outer loop
      vertex 11.7077 -36.7775 12
      vertex 12.9938 -35.0433 12
      vertex 10.0447 -35.6663 10
    endloop
  endfacet
  facet normal -0.568291 0.421479 0.706683
    outer loop
      vertex 12.9938 -35.0433 12
      vertex 11.4477 -33.7746 10
      vertex 10.0447 -35.6663 10
    endloop
  endfacet
  facet normal 0.568291 -0.421457 0.706696
    outer loop
      vertex 20.0224 -42.3332 11
      vertex 20.7239 -41.3873 11
      vertex 19.1909 -41.7776 12
    endloop
  endfacet
  facet normal 0.568288 -0.421488 0.706679
    outer loop
      vertex 20.7239 -41.3873 11
      vertex 19.9509 -40.7529 12
      vertex 19.1909 -41.7776 12
    endloop
  endfacet
  facet normal 0.803219 -0.595684 0
    outer loop
      vertex 20.0224 -42.3332 11
      vertex 20.7239 -41.3873 1
      vertex 20.7239 -41.3873 11
    endloop
  endfacet
  facet normal 0.803219 -0.595684 0
    outer loop
      vertex 20.7239 -41.3873 1
      vertex 20.0224 -42.3332 11
      vertex 20.0224 -42.3332 1
    endloop
  endfacet
  facet normal 0.568276 -0.421479 -0.706695
    outer loop
      vertex 19.9509 -40.7529 0
      vertex 20.0224 -42.3332 1
      vertex 19.1909 -41.7776 0
    endloop
  endfacet
  facet normal 0.568305 -0.421467 -0.706679
    outer loop
      vertex 20.7239 -41.3873 1
      vertex 20.0224 -42.3332 1
      vertex 19.9509 -40.7529 0
    endloop
  endfacet
  facet normal -0.568281 0.421472 -0.706695
    outer loop
      vertex 11.4477 -33.7746 2
      vertex 11.7077 -36.7775 0
      vertex 10.0447 -35.6663 2
    endloop
  endfacet
  facet normal -0.568305 0.421461 -0.706682
    outer loop
      vertex 12.9938 -35.0433 0
      vertex 11.7077 -36.7775 0
      vertex 11.4477 -33.7746 2
    endloop
  endfacet
  facet normal -0.740963 0.671546 0
    outer loop
      vertex 11.4477 -33.7746 2
      vertex 13.0294 -32.0294 10
      vertex 13.0294 -32.0294 2
    endloop
  endfacet
  facet normal -0.740963 0.671546 0
    outer loop
      vertex 13.0294 -32.0294 10
      vertex 11.4477 -33.7746 2
      vertex 11.4477 -33.7746 10
    endloop
  endfacet
  facet normal -0.524245 0.475153 0.706681
    outer loop
      vertex 12.9938 -35.0433 12
      vertex 14.4437 -33.4436 12
      vertex 11.4477 -33.7746 10
    endloop
  endfacet
  facet normal -0.524249 0.475134 0.70669
    outer loop
      vertex 14.4437 -33.4436 12
      vertex 13.0294 -32.0294 10
      vertex 11.4477 -33.7746 10
    endloop
  endfacet
  facet normal 0.524271 -0.475124 0.70668
    outer loop
      vertex 20.7239 -41.3873 11
      vertex 21.5147 -40.5147 11
      vertex 19.9509 -40.7529 12
    endloop
  endfacet
  facet normal 0.52427 -0.475131 0.706676
    outer loop
      vertex 21.5147 -40.5147 11
      vertex 20.8076 -39.8076 12
      vertex 19.9509 -40.7529 12
    endloop
  endfacet
  facet normal 0.740984 -0.671522 0
    outer loop
      vertex 20.7239 -41.3873 11
      vertex 21.5147 -40.5147 1
      vertex 21.5147 -40.5147 11
    endloop
  endfacet
  facet normal 0.740984 -0.671522 0
    outer loop
      vertex 21.5147 -40.5147 1
      vertex 20.7239 -41.3873 11
      vertex 20.7239 -41.3873 1
    endloop
  endfacet
  facet normal 0.524267 -0.475129 -0.70668
    outer loop
      vertex 20.8076 -39.8076 0
      vertex 20.7239 -41.3873 1
      vertex 19.9509 -40.7529 0
    endloop
  endfacet
  facet normal 0.524274 -0.475127 -0.706676
    outer loop
      vertex 20.8076 -39.8076 0
      vertex 21.5147 -40.5147 1
      vertex 20.7239 -41.3873 1
    endloop
  endfacet
  facet normal -0.524255 0.47514 -0.706681
    outer loop
      vertex 13.0294 -32.0294 2
      vertex 12.9938 -35.0433 0
      vertex 11.4477 -33.7746 2
    endloop
  endfacet
  facet normal -0.524237 0.475146 -0.70669
    outer loop
      vertex 13.0294 -32.0294 2
      vertex 14.4437 -33.4436 0
      vertex 12.9938 -35.0433 0
    endloop
  endfacet
  facet normal -0.671546 0.740963 0
    outer loop
      vertex 14.7746 -30.4477 2
      vertex 13.0294 -32.0294 10
      vertex 14.7746 -30.4477 10
    endloop
  endfacet
  facet normal -0.671546 0.740963 0
    outer loop
      vertex 13.0294 -32.0294 10
      vertex 14.7746 -30.4477 2
      vertex 13.0294 -32.0294 2
    endloop
  endfacet
  facet normal -0.475146 0.52424 0.706689
    outer loop
      vertex 14.4437 -33.4436 12
      vertex 16.0433 -31.9938 12
      vertex 13.0294 -32.0294 10
    endloop
  endfacet
  facet normal -0.47514 0.524255 0.706681
    outer loop
      vertex 16.0433 -31.9938 12
      vertex 14.7746 -30.4477 10
      vertex 13.0294 -32.0294 10
    endloop
  endfacet
  facet normal 0.475127 -0.524274 0.706676
    outer loop
      vertex 21.5147 -40.5147 11
      vertex 22.3873 -39.7239 11
      vertex 20.8076 -39.8076 12
    endloop
  endfacet
  facet normal 0.475129 -0.524267 0.70668
    outer loop
      vertex 22.3873 -39.7239 11
      vertex 21.7529 -38.9509 12
      vertex 20.8076 -39.8076 12
    endloop
  endfacet
  facet normal 0.671522 -0.740984 0
    outer loop
      vertex 21.5147 -40.5147 1
      vertex 22.3873 -39.7239 11
      vertex 21.5147 -40.5147 11
    endloop
  endfacet
  facet normal 0.671522 -0.740984 0
    outer loop
      vertex 22.3873 -39.7239 11
      vertex 21.5147 -40.5147 1
      vertex 22.3873 -39.7239 1
    endloop
  endfacet
  facet normal 0.475131 -0.52427 -0.706676
    outer loop
      vertex 21.7529 -38.9509 0
      vertex 21.5147 -40.5147 1
      vertex 20.8076 -39.8076 0
    endloop
  endfacet
  facet normal 0.475124 -0.524271 -0.70668
    outer loop
      vertex 21.7529 -38.9509 0
      vertex 22.3873 -39.7239 1
      vertex 21.5147 -40.5147 1
    endloop
  endfacet
  facet normal -0.475135 0.52425 -0.706689
    outer loop
      vertex 14.7746 -30.4477 2
      vertex 14.4437 -33.4436 0
      vertex 13.0294 -32.0294 2
    endloop
  endfacet
  facet normal -0.475151 0.524246 -0.706681
    outer loop
      vertex 14.7746 -30.4477 2
      vertex 16.0433 -31.9938 0
      vertex 14.4437 -33.4436 0
    endloop
  endfacet
  facet normal -0.595705 0.803204 0
    outer loop
      vertex 16.6663 -29.0447 2
      vertex 14.7746 -30.4477 10
      vertex 16.6663 -29.0447 10
    endloop
  endfacet
  facet normal -0.595705 0.803204 0
    outer loop
      vertex 14.7746 -30.4477 10
      vertex 16.6663 -29.0447 2
      vertex 14.7746 -30.4477 2
    endloop
  endfacet
  facet normal -0.421461 0.568305 0.706682
    outer loop
      vertex 16.0433 -31.9938 12
      vertex 17.7775 -30.7077 12
      vertex 14.7746 -30.4477 10
    endloop
  endfacet
  facet normal -0.421472 0.568281 0.706695
    outer loop
      vertex 17.7775 -30.7077 12
      vertex 16.6663 -29.0447 10
      vertex 14.7746 -30.4477 10
    endloop
  endfacet
  facet normal 0.421467 -0.568305 0.706679
    outer loop
      vertex 22.3873 -39.7239 11
      vertex 23.3332 -39.0224 11
      vertex 21.7529 -38.9509 12
    endloop
  endfacet
  facet normal 0.421479 -0.568276 0.706695
    outer loop
      vertex 23.3332 -39.0224 11
      vertex 22.7776 -38.1909 12
      vertex 21.7529 -38.9509 12
    endloop
  endfacet
  facet normal 0.595684 -0.803219 0
    outer loop
      vertex 22.3873 -39.7239 1
      vertex 23.3332 -39.0224 11
      vertex 22.3873 -39.7239 11
    endloop
  endfacet
  facet normal 0.595684 -0.803219 0
    outer loop
      vertex 23.3332 -39.0224 11
      vertex 22.3873 -39.7239 1
      vertex 23.3332 -39.0224 1
    endloop
  endfacet
  facet normal 0.421488 -0.568288 -0.706679
    outer loop
      vertex 22.7776 -38.1909 0
      vertex 22.3873 -39.7239 1
      vertex 21.7529 -38.9509 0
    endloop
  endfacet
  facet normal 0.421457 -0.568291 -0.706696
    outer loop
      vertex 22.7776 -38.1909 0
      vertex 23.3332 -39.0224 1
      vertex 22.3873 -39.7239 1
    endloop
  endfacet
  facet normal -0.421479 0.568291 -0.706683
    outer loop
      vertex 16.6663 -29.0447 2
      vertex 16.0433 -31.9938 0
      vertex 14.7746 -30.4477 2
    endloop
  endfacet
  facet normal -0.421453 0.568294 -0.706696
    outer loop
      vertex 16.6663 -29.0447 2
      vertex 17.7775 -30.7077 0
      vertex 16.0433 -31.9938 0
    endloop
  endfacet
  facet normal -0.514084 0.85774 0
    outer loop
      vertex 18.6865 -27.8339 2
      vertex 16.6663 -29.0447 10
      vertex 18.6865 -27.8339 10
    endloop
  endfacet
  facet normal -0.514084 0.85774 0
    outer loop
      vertex 16.6663 -29.0447 10
      vertex 18.6865 -27.8339 2
      vertex 16.6663 -29.0447 2
    endloop
  endfacet
  facet normal -0.363755 0.606847 0.706696
    outer loop
      vertex 17.7775 -30.7077 12
      vertex 19.6293 -29.5977 12
      vertex 16.6663 -29.0447 10
    endloop
  endfacet
  facet normal -0.363734 0.606884 0.706675
    outer loop
      vertex 19.6293 -29.5977 12
      vertex 18.6865 -27.8339 10
      vertex 16.6663 -29.0447 10
    endloop
  endfacet
  facet normal 0.363793 -0.606823 0.706697
    outer loop
      vertex 23.3332 -39.0224 11
      vertex 24.3432 -38.4169 11
      vertex 22.7776 -38.1909 12
    endloop
  endfacet
  facet normal 0.363773 -0.606862 0.706674
    outer loop
      vertex 24.3432 -38.4169 11
      vertex 23.8718 -37.535 12
      vertex 22.7776 -38.1909 12
    endloop
  endfacet
  facet normal 0.514184 -0.85768 0
    outer loop
      vertex 23.3332 -39.0224 1
      vertex 24.3432 -38.4169 11
      vertex 23.3332 -39.0224 11
    endloop
  endfacet
  facet normal 0.514184 -0.85768 0
    outer loop
      vertex 24.3432 -38.4169 11
      vertex 23.3332 -39.0224 1
      vertex 24.3432 -38.4169 1
    endloop
  endfacet
  facet normal 0.363762 -0.606843 -0.706696
    outer loop
      vertex 23.8718 -37.535 0
      vertex 23.3332 -39.0224 1
      vertex 22.7776 -38.1909 0
    endloop
  endfacet
  facet normal 0.363806 -0.606843 -0.706673
    outer loop
      vertex 23.8718 -37.535 0
      vertex 24.3432 -38.4169 1
      vertex 23.3332 -39.0224 1
    endloop
  endfacet
  facet normal -0.363724 0.606867 -0.706695
    outer loop
      vertex 18.6865 -27.8339 2
      vertex 17.7775 -30.7077 0
      vertex 16.6663 -29.0447 2
    endloop
  endfacet
  facet normal -0.363766 0.606866 -0.706674
    outer loop
      vertex 18.6865 -27.8339 2
      vertex 19.6293 -29.5977 0
      vertex 17.7775 -30.7077 0
    endloop
  endfacet
  facet normal -0.427559 0.903988 0
    outer loop
      vertex 20.8156 -26.8269 2
      vertex 18.6865 -27.8339 10
      vertex 20.8156 -26.8269 10
    endloop
  endfacet
  facet normal -0.427559 0.903988 0
    outer loop
      vertex 18.6865 -27.8339 10
      vertex 20.8156 -26.8269 2
      vertex 18.6865 -27.8339 2
    endloop
  endfacet
  facet normal -0.302489 0.639619 0.706674
    outer loop
      vertex 19.6293 -29.5977 12
      vertex 21.581 -28.6747 12
      vertex 18.6865 -27.8339 10
    endloop
  endfacet
  facet normal -0.302508 0.639593 0.70669
    outer loop
      vertex 21.581 -28.6747 12
      vertex 20.8156 -26.8269 10
      vertex 18.6865 -27.8339 10
    endloop
  endfacet
  facet normal 0.302503 -0.639612 0.706674
    outer loop
      vertex 24.3432 -38.4169 11
      vertex 25.4078 -37.9134 11
      vertex 23.8718 -37.535 12
    endloop
  endfacet
  facet normal 0.302487 -0.639637 0.706658
    outer loop
      vertex 25.4078 -37.9134 11
      vertex 25.0251 -36.9896 12
      vertex 23.8718 -37.535 12
    endloop
  endfacet
  facet normal 0.427542 -0.903995 0
    outer loop
      vertex 24.3432 -38.4169 1
      vertex 25.4078 -37.9134 11
      vertex 24.3432 -38.4169 11
    endloop
  endfacet
  facet normal 0.427542 -0.903995 0
    outer loop
      vertex 25.4078 -37.9134 11
      vertex 24.3432 -38.4169 1
      vertex 25.4078 -37.9134 1
    endloop
  endfacet
  facet normal 0.30248 -0.639624 -0.706673
    outer loop
      vertex 25.0251 -36.9896 0
      vertex 24.3432 -38.4169 1
      vertex 23.8718 -37.535 0
    endloop
  endfacet
  facet normal 0.30251 -0.639627 -0.706658
    outer loop
      vertex 25.0251 -36.9896 0
      vertex 25.4078 -37.9134 1
      vertex 24.3432 -38.4169 1
    endloop
  endfacet
  facet normal -0.302515 0.639606 -0.706674
    outer loop
      vertex 20.8156 -26.8269 2
      vertex 19.6293 -29.5977 0
      vertex 18.6865 -27.8339 2
    endloop
  endfacet
  facet normal -0.302482 0.639604 -0.70669
    outer loop
      vertex 20.8156 -26.8269 2
      vertex 21.581 -28.6747 0
      vertex 19.6293 -29.5977 0
    endloop
  endfacet
  facet normal -0.336901 0.94154 0
    outer loop
      vertex 23.0332 -26.0334 2
      vertex 20.8156 -26.8269 10
      vertex 23.0332 -26.0334 10
    endloop
  endfacet
  facet normal -0.336901 0.94154 0
    outer loop
      vertex 20.8156 -26.8269 10
      vertex 23.0332 -26.0334 2
      vertex 20.8156 -26.8269 2
    endloop
  endfacet
  facet normal -0.238383 0.666155 0.70669
    outer loop
      vertex 21.581 -28.6747 12
      vertex 23.6137 -27.9473 12
      vertex 20.8156 -26.8269 10
    endloop
  endfacet
  facet normal -0.238369 0.666171 0.706679
    outer loop
      vertex 23.6137 -27.9473 12
      vertex 23.0332 -26.0334 10
      vertex 20.8156 -26.8269 10
    endloop
  endfacet
  facet normal 0.23835 -0.666203 0.706655
    outer loop
      vertex 25.4078 -37.9134 11
      vertex 26.5166 -37.5167 11
      vertex 25.0251 -36.9896 12
    endloop
  endfacet
  facet normal 0.238366 -0.666184 0.706669
    outer loop
      vertex 26.5166 -37.5167 11
      vertex 26.2263 -36.5598 12
      vertex 25.0251 -36.9896 12
    endloop
  endfacet
  facet normal 0.336864 -0.941553 0
    outer loop
      vertex 25.4078 -37.9134 1
      vertex 26.5166 -37.5167 11
      vertex 25.4078 -37.9134 11
    endloop
  endfacet
  facet normal 0.336864 -0.941553 0
    outer loop
      vertex 26.5166 -37.5167 11
      vertex 25.4078 -37.9134 1
      vertex 26.5166 -37.5167 1
    endloop
  endfacet
  facet normal 0.238371 -0.666196 -0.706656
    outer loop
      vertex 26.2263 -36.5598 0
      vertex 25.4078 -37.9134 1
      vertex 25.0251 -36.9896 0
    endloop
  endfacet
  facet normal 0.238346 -0.66619 -0.706669
    outer loop
      vertex 26.2263 -36.5598 0
      vertex 26.5166 -37.5167 1
      vertex 25.4078 -37.9134 1
    endloop
  endfacet
  facet normal -0.238366 0.666162 -0.70669
    outer loop
      vertex 23.0332 -26.0334 2
      vertex 21.581 -28.6747 0
      vertex 20.8156 -26.8269 2
    endloop
  endfacet
  facet normal -0.238387 0.666166 -0.706679
    outer loop
      vertex 23.0332 -26.0334 2
      vertex 23.6137 -27.9473 0
      vertex 21.581 -28.6747 0
    endloop
  endfacet
  facet normal -0.242955 0.970038 0
    outer loop
      vertex 25.3178 -25.4612 2
      vertex 23.0332 -26.0334 10
      vertex 25.3178 -25.4612 10
    endloop
  endfacet
  facet normal -0.242955 0.970038 0
    outer loop
      vertex 23.0332 -26.0334 10
      vertex 25.3178 -25.4612 2
      vertex 23.0332 -26.0334 2
    endloop
  endfacet
  facet normal -0.171918 0.686328 0.706681
    outer loop
      vertex 23.6137 -27.9473 12
      vertex 25.708 -27.4227 12
      vertex 23.0332 -26.0334 10
    endloop
  endfacet
  facet normal -0.171901 0.686344 0.70667
    outer loop
      vertex 25.708 -27.4227 12
      vertex 25.3178 -25.4612 10
      vertex 23.0332 -26.0334 10
    endloop
  endfacet
  facet normal 0.171902 -0.686346 0.706668
    outer loop
      vertex 26.5166 -37.5167 11
      vertex 27.6589 -37.2306 11
      vertex 26.2263 -36.5598 12
    endloop
  endfacet
  facet normal 0.171927 -0.686321 0.706686
    outer loop
      vertex 27.6589 -37.2306 11
      vertex 27.4638 -36.2498 12
      vertex 26.2263 -36.5598 12
    endloop
  endfacet
  facet normal 0.242955 -0.970038 0
    outer loop
      vertex 26.5166 -37.5167 1
      vertex 27.6589 -37.2306 11
      vertex 26.5166 -37.5167 11
    endloop
  endfacet
  facet normal 0.242955 -0.970038 0
    outer loop
      vertex 27.6589 -37.2306 11
      vertex 26.5166 -37.5167 1
      vertex 27.6589 -37.2306 1
    endloop
  endfacet
  facet normal 0.171931 -0.686338 -0.706668
    outer loop
      vertex 27.4638 -36.2498 0
      vertex 26.5166 -37.5167 1
      vertex 26.2263 -36.5598 0
    endloop
  endfacet
  facet normal 0.171897 -0.686327 -0.706687
    outer loop
      vertex 27.4638 -36.2498 0
      vertex 27.6589 -37.2306 1
      vertex 26.5166 -37.5167 1
    endloop
  endfacet
  facet normal -0.171899 0.686333 -0.70668
    outer loop
      vertex 25.3178 -25.4612 2
      vertex 23.6137 -27.9473 0
      vertex 23.0332 -26.0334 2
    endloop
  endfacet
  facet normal -0.171921 0.686339 -0.706669
    outer loop
      vertex 25.3178 -25.4612 2
      vertex 25.708 -27.4227 0
      vertex 23.6137 -27.9473 0
    endloop
  endfacet
  facet normal -0.146733 0.989176 0
    outer loop
      vertex 27.6476 -25.1156 2
      vertex 25.3178 -25.4612 10
      vertex 27.6476 -25.1156 10
    endloop
  endfacet
  facet normal -0.146733 0.989176 0
    outer loop
      vertex 25.3178 -25.4612 10
      vertex 27.6476 -25.1156 2
      vertex 25.3178 -25.4612 2
    endloop
  endfacet
  facet normal -0.103823 0.699886 0.706669
    outer loop
      vertex 25.708 -27.4227 12
      vertex 27.8436 -27.1059 12
      vertex 25.3178 -25.4612 10
    endloop
  endfacet
  facet normal -0.103821 0.699887 0.706667
    outer loop
      vertex 27.8436 -27.1059 12
      vertex 27.6476 -25.1156 10
      vertex 25.3178 -25.4612 10
    endloop
  endfacet
  facet normal 0.103818 -0.699869 0.706686
    outer loop
      vertex 27.6589 -37.2306 11
      vertex 28.8238 -37.0578 11
      vertex 27.4638 -36.2498 12
    endloop
  endfacet
  facet normal 0.103816 -0.69987 0.706685
    outer loop
      vertex 28.8238 -37.0578 11
      vertex 28.7258 -36.0626 12
      vertex 27.4638 -36.2498 12
    endloop
  endfacet
  facet normal 0.146733 -0.989176 0
    outer loop
      vertex 27.6589 -37.2306 1
      vertex 28.8238 -37.0578 11
      vertex 27.6589 -37.2306 11
    endloop
  endfacet
  facet normal 0.146733 -0.989176 0
    outer loop
      vertex 28.8238 -37.0578 11
      vertex 27.6589 -37.2306 1
      vertex 28.8238 -37.0578 1
    endloop
  endfacet
  facet normal 0.103816 -0.699869 -0.706686
    outer loop
      vertex 28.7258 -36.0626 0
      vertex 27.6589 -37.2306 1
      vertex 27.4638 -36.2498 0
    endloop
  endfacet
  facet normal 0.103818 -0.69987 -0.706685
    outer loop
      vertex 28.7258 -36.0626 0
      vertex 28.8238 -37.0578 1
      vertex 27.6589 -37.2306 1
    endloop
  endfacet
  facet normal -0.10382 0.699886 -0.706669
    outer loop
      vertex 27.6476 -25.1156 2
      vertex 25.708 -27.4227 0
      vertex 25.3178 -25.4612 2
    endloop
  endfacet
  facet normal -0.103823 0.699887 -0.706667
    outer loop
      vertex 27.6476 -25.1156 2
      vertex 27.8436 -27.1059 0
      vertex 25.708 -27.4227 0
    endloop
  endfacet
  facet normal -0.0490821 0.998795 0
    outer loop
      vertex 30 -25 2
      vertex 27.6476 -25.1156 10
      vertex 30 -25 10
    endloop
  endfacet
  facet normal -0.0490821 0.998795 0
    outer loop
      vertex 27.6476 -25.1156 10
      vertex 30 -25 2
      vertex 27.6476 -25.1156 2
    endloop
  endfacet
  facet normal -0.0347055 0.706694 0.706668
    outer loop
      vertex 27.8436 -27.1059 12
      vertex 30 -27 12
      vertex 27.6476 -25.1156 10
    endloop
  endfacet
  facet normal -0.0347272 0.70668 0.70668
    outer loop
      vertex 30 -27 12
      vertex 30 -25 10
      vertex 27.6476 -25.1156 10
    endloop
  endfacet
  facet normal 0.0347269 -0.706675 0.706686
    outer loop
      vertex 28.8238 -37.0578 11
      vertex 30 -37 11
      vertex 28.7258 -36.0626 12
    endloop
  endfacet
  facet normal 0.0347184 -0.70668 0.70668
    outer loop
      vertex 30 -37 11
      vertex 30 -36 12
      vertex 28.7258 -36.0626 12
    endloop
  endfacet
  facet normal 0.0490821 -0.998795 0
    outer loop
      vertex 28.8238 -37.0578 1
      vertex 30 -37 11
      vertex 28.8238 -37.0578 11
    endloop
  endfacet
  facet normal 0.0490821 -0.998795 0
    outer loop
      vertex 30 -37 11
      vertex 28.8238 -37.0578 1
      vertex 30 -37 1
    endloop
  endfacet
  facet normal 0.0347182 -0.706675 -0.706686
    outer loop
      vertex 30 -36 0
      vertex 28.8238 -37.0578 1
      vertex 28.7258 -36.0626 0
    endloop
  endfacet
  facet normal 0.0347272 -0.70668 -0.70668
    outer loop
      vertex 30 -36 0
      vertex 30 -37 1
      vertex 28.8238 -37.0578 1
    endloop
  endfacet
  facet normal -0.0347278 0.706692 -0.706668
    outer loop
      vertex 30 -25 2
      vertex 27.8436 -27.1059 0
      vertex 27.6476 -25.1156 2
    endloop
  endfacet
  facet normal -0.0347048 0.706681 -0.706681
    outer loop
      vertex 30 -25 2
      vertex 30 -27 0
      vertex 27.8436 -27.1059 0
    endloop
  endfacet
  facet normal 0.0490821 0.998795 -0
    outer loop
      vertex 32.3524 -25.1156 2
      vertex 30 -25 10
      vertex 32.3524 -25.1156 10
    endloop
  endfacet
  facet normal 0.0490821 0.998795 0
    outer loop
      vertex 30 -25 10
      vertex 32.3524 -25.1156 2
      vertex 30 -25 2
    endloop
  endfacet
  facet normal 0.0347048 0.706681 0.706681
    outer loop
      vertex 32.1564 -27.1059 12
      vertex 30 -25 10
      vertex 30 -27 12
    endloop
  endfacet
  facet normal 0.0347278 0.706692 0.706668
    outer loop
      vertex 32.1564 -27.1059 12
      vertex 32.3524 -25.1156 10
      vertex 30 -25 10
    endloop
  endfacet
  facet normal -0.0347272 -0.70668 0.70668
    outer loop
      vertex 31.1762 -37.0578 11
      vertex 30 -36 12
      vertex 30 -37 11
    endloop
  endfacet
  facet normal -0.0347182 -0.706675 0.706686
    outer loop
      vertex 31.1762 -37.0578 11
      vertex 31.2742 -36.0626 12
      vertex 30 -36 12
    endloop
  endfacet
  facet normal -0.0490821 -0.998795 0
    outer loop
      vertex 30 -37 1
      vertex 31.1762 -37.0578 11
      vertex 30 -37 11
    endloop
  endfacet
  facet normal -0.0490821 -0.998795 -0
    outer loop
      vertex 31.1762 -37.0578 11
      vertex 30 -37 1
      vertex 31.1762 -37.0578 1
    endloop
  endfacet
  facet normal -0.0347184 -0.70668 -0.70668
    outer loop
      vertex 30 -36 0
      vertex 31.2742 -36.0626 0
      vertex 30 -37 1
    endloop
  endfacet
  facet normal -0.0347269 -0.706675 -0.706686
    outer loop
      vertex 31.2742 -36.0626 0
      vertex 31.1762 -37.0578 1
      vertex 30 -37 1
    endloop
  endfacet
  facet normal 0.0347272 0.70668 -0.70668
    outer loop
      vertex 30 -25 2
      vertex 32.3524 -25.1156 2
      vertex 30 -27 0
    endloop
  endfacet
  facet normal 0.0347055 0.706694 -0.706668
    outer loop
      vertex 32.3524 -25.1156 2
      vertex 32.1564 -27.1059 0
      vertex 30 -27 0
    endloop
  endfacet
  facet normal 0.146733 0.989176 -0
    outer loop
      vertex 34.6822 -25.4612 2
      vertex 32.3524 -25.1156 10
      vertex 34.6822 -25.4612 10
    endloop
  endfacet
  facet normal 0.146733 0.989176 0
    outer loop
      vertex 32.3524 -25.1156 10
      vertex 34.6822 -25.4612 2
      vertex 32.3524 -25.1156 2
    endloop
  endfacet
  facet normal 0.103823 0.699887 0.706667
    outer loop
      vertex 34.292 -27.4227 12
      vertex 32.3524 -25.1156 10
      vertex 32.1564 -27.1059 12
    endloop
  endfacet
  facet normal 0.10382 0.699886 0.706669
    outer loop
      vertex 34.292 -27.4227 12
      vertex 34.6822 -25.4612 10
      vertex 32.3524 -25.1156 10
    endloop
  endfacet
  facet normal -0.103818 -0.69987 0.706685
    outer loop
      vertex 32.3411 -37.2306 11
      vertex 31.2742 -36.0626 12
      vertex 31.1762 -37.0578 11
    endloop
  endfacet
  facet normal -0.103816 -0.699869 0.706686
    outer loop
      vertex 32.3411 -37.2306 11
      vertex 32.5362 -36.2498 12
      vertex 31.2742 -36.0626 12
    endloop
  endfacet
  facet normal -0.146733 -0.989176 0
    outer loop
      vertex 31.1762 -37.0578 1
      vertex 32.3411 -37.2306 11
      vertex 31.1762 -37.0578 11
    endloop
  endfacet
  facet normal -0.146733 -0.989176 -0
    outer loop
      vertex 32.3411 -37.2306 11
      vertex 31.1762 -37.0578 1
      vertex 32.3411 -37.2306 1
    endloop
  endfacet
  facet normal -0.103816 -0.69987 -0.706685
    outer loop
      vertex 31.2742 -36.0626 0
      vertex 32.5362 -36.2498 0
      vertex 31.1762 -37.0578 1
    endloop
  endfacet
  facet normal -0.103818 -0.699869 -0.706686
    outer loop
      vertex 32.5362 -36.2498 0
      vertex 32.3411 -37.2306 1
      vertex 31.1762 -37.0578 1
    endloop
  endfacet
  facet normal 0.103821 0.699887 -0.706667
    outer loop
      vertex 32.3524 -25.1156 2
      vertex 34.6822 -25.4612 2
      vertex 32.1564 -27.1059 0
    endloop
  endfacet
  facet normal 0.103823 0.699886 -0.706669
    outer loop
      vertex 34.6822 -25.4612 2
      vertex 34.292 -27.4227 0
      vertex 32.1564 -27.1059 0
    endloop
  endfacet
  facet normal 0.242955 0.970038 -0
    outer loop
      vertex 36.9668 -26.0334 2
      vertex 34.6822 -25.4612 10
      vertex 36.9668 -26.0334 10
    endloop
  endfacet
  facet normal 0.242955 0.970038 0
    outer loop
      vertex 34.6822 -25.4612 10
      vertex 36.9668 -26.0334 2
      vertex 34.6822 -25.4612 2
    endloop
  endfacet
  facet normal 0.171921 0.686339 0.706669
    outer loop
      vertex 36.3863 -27.9473 12
      vertex 34.6822 -25.4612 10
      vertex 34.292 -27.4227 12
    endloop
  endfacet
  facet normal 0.171899 0.686333 0.70668
    outer loop
      vertex 36.3863 -27.9473 12
      vertex 36.9668 -26.0334 10
      vertex 34.6822 -25.4612 10
    endloop
  endfacet
  facet normal -0.171897 -0.686327 0.706687
    outer loop
      vertex 33.4834 -37.5167 11
      vertex 32.5362 -36.2498 12
      vertex 32.3411 -37.2306 11
    endloop
  endfacet
  facet normal -0.171931 -0.686338 0.706668
    outer loop
      vertex 33.4834 -37.5167 11
      vertex 33.7737 -36.5598 12
      vertex 32.5362 -36.2498 12
    endloop
  endfacet
  facet normal -0.242955 -0.970038 0
    outer loop
      vertex 32.3411 -37.2306 1
      vertex 33.4834 -37.5167 11
      vertex 32.3411 -37.2306 11
    endloop
  endfacet
  facet normal -0.242955 -0.970038 -0
    outer loop
      vertex 33.4834 -37.5167 11
      vertex 32.3411 -37.2306 1
      vertex 33.4834 -37.5167 1
    endloop
  endfacet
  facet normal -0.171927 -0.686321 -0.706686
    outer loop
      vertex 32.5362 -36.2498 0
      vertex 33.7737 -36.5598 0
      vertex 32.3411 -37.2306 1
    endloop
  endfacet
  facet normal -0.171902 -0.686346 -0.706668
    outer loop
      vertex 33.7737 -36.5598 0
      vertex 33.4834 -37.5167 1
      vertex 32.3411 -37.2306 1
    endloop
  endfacet
  facet normal 0.171901 0.686344 -0.70667
    outer loop
      vertex 34.6822 -25.4612 2
      vertex 36.9668 -26.0334 2
      vertex 34.292 -27.4227 0
    endloop
  endfacet
  facet normal 0.171918 0.686328 -0.706681
    outer loop
      vertex 36.9668 -26.0334 2
      vertex 36.3863 -27.9473 0
      vertex 34.292 -27.4227 0
    endloop
  endfacet
  facet normal 0.336901 0.94154 -0
    outer loop
      vertex 39.1844 -26.8269 2
      vertex 36.9668 -26.0334 10
      vertex 39.1844 -26.8269 10
    endloop
  endfacet
  facet normal 0.336901 0.94154 0
    outer loop
      vertex 36.9668 -26.0334 10
      vertex 39.1844 -26.8269 2
      vertex 36.9668 -26.0334 2
    endloop
  endfacet
  facet normal 0.238387 0.666166 0.706679
    outer loop
      vertex 38.419 -28.6747 12
      vertex 36.9668 -26.0334 10
      vertex 36.3863 -27.9473 12
    endloop
  endfacet
  facet normal 0.238366 0.666162 0.70669
    outer loop
      vertex 38.419 -28.6747 12
      vertex 39.1844 -26.8269 10
      vertex 36.9668 -26.0334 10
    endloop
  endfacet
  facet normal -0.238346 -0.66619 0.706669
    outer loop
      vertex 34.5922 -37.9134 11
      vertex 33.7737 -36.5598 12
      vertex 33.4834 -37.5167 11
    endloop
  endfacet
  facet normal -0.238371 -0.666196 0.706656
    outer loop
      vertex 34.5922 -37.9134 11
      vertex 34.9749 -36.9896 12
      vertex 33.7737 -36.5598 12
    endloop
  endfacet
  facet normal -0.336864 -0.941553 0
    outer loop
      vertex 33.4834 -37.5167 1
      vertex 34.5922 -37.9134 11
      vertex 33.4834 -37.5167 11
    endloop
  endfacet
  facet normal -0.336864 -0.941553 -0
    outer loop
      vertex 34.5922 -37.9134 11
      vertex 33.4834 -37.5167 1
      vertex 34.5922 -37.9134 1
    endloop
  endfacet
  facet normal -0.238366 -0.666184 -0.706669
    outer loop
      vertex 33.7737 -36.5598 0
      vertex 34.9749 -36.9896 0
      vertex 33.4834 -37.5167 1
    endloop
  endfacet
  facet normal -0.23835 -0.666203 -0.706655
    outer loop
      vertex 34.9749 -36.9896 0
      vertex 34.5922 -37.9134 1
      vertex 33.4834 -37.5167 1
    endloop
  endfacet
  facet normal 0.238369 0.666171 -0.706679
    outer loop
      vertex 36.9668 -26.0334 2
      vertex 39.1844 -26.8269 2
      vertex 36.3863 -27.9473 0
    endloop
  endfacet
  facet normal 0.238383 0.666155 -0.70669
    outer loop
      vertex 39.1844 -26.8269 2
      vertex 38.419 -28.6747 0
      vertex 36.3863 -27.9473 0
    endloop
  endfacet
  facet normal 0.427559 0.903988 -0
    outer loop
      vertex 41.3135 -27.8339 2
      vertex 39.1844 -26.8269 10
      vertex 41.3135 -27.8339 10
    endloop
  endfacet
  facet normal 0.427559 0.903988 0
    outer loop
      vertex 39.1844 -26.8269 10
      vertex 41.3135 -27.8339 2
      vertex 39.1844 -26.8269 2
    endloop
  endfacet
  facet normal 0.302482 0.639604 0.70669
    outer loop
      vertex 40.3707 -29.5977 12
      vertex 39.1844 -26.8269 10
      vertex 38.419 -28.6747 12
    endloop
  endfacet
  facet normal 0.302515 0.639606 0.706674
    outer loop
      vertex 40.3707 -29.5977 12
      vertex 41.3135 -27.8339 10
      vertex 39.1844 -26.8269 10
    endloop
  endfacet
  facet normal -0.30251 -0.639627 0.706658
    outer loop
      vertex 35.6568 -38.4169 11
      vertex 34.9749 -36.9896 12
      vertex 34.5922 -37.9134 11
    endloop
  endfacet
  facet normal -0.30248 -0.639624 0.706673
    outer loop
      vertex 35.6568 -38.4169 11
      vertex 36.1282 -37.535 12
      vertex 34.9749 -36.9896 12
    endloop
  endfacet
  facet normal -0.427542 -0.903995 0
    outer loop
      vertex 34.5922 -37.9134 1
      vertex 35.6568 -38.4169 11
      vertex 34.5922 -37.9134 11
    endloop
  endfacet
  facet normal -0.427542 -0.903995 -0
    outer loop
      vertex 35.6568 -38.4169 11
      vertex 34.5922 -37.9134 1
      vertex 35.6568 -38.4169 1
    endloop
  endfacet
  facet normal -0.302487 -0.639637 -0.706658
    outer loop
      vertex 34.9749 -36.9896 0
      vertex 36.1282 -37.535 0
      vertex 34.5922 -37.9134 1
    endloop
  endfacet
  facet normal -0.302503 -0.639612 -0.706674
    outer loop
      vertex 36.1282 -37.535 0
      vertex 35.6568 -38.4169 1
      vertex 34.5922 -37.9134 1
    endloop
  endfacet
  facet normal 0.302508 0.639593 -0.70669
    outer loop
      vertex 39.1844 -26.8269 2
      vertex 41.3135 -27.8339 2
      vertex 38.419 -28.6747 0
    endloop
  endfacet
  facet normal 0.302489 0.639619 -0.706674
    outer loop
      vertex 41.3135 -27.8339 2
      vertex 40.3707 -29.5977 0
      vertex 38.419 -28.6747 0
    endloop
  endfacet
  facet normal 0.514084 0.85774 -0
    outer loop
      vertex 43.3337 -29.0447 2
      vertex 41.3135 -27.8339 10
      vertex 43.3337 -29.0447 10
    endloop
  endfacet
  facet normal 0.514084 0.85774 0
    outer loop
      vertex 41.3135 -27.8339 10
      vertex 43.3337 -29.0447 2
      vertex 41.3135 -27.8339 2
    endloop
  endfacet
  facet normal 0.363766 0.606866 0.706674
    outer loop
      vertex 42.2225 -30.7077 12
      vertex 41.3135 -27.8339 10
      vertex 40.3707 -29.5977 12
    endloop
  endfacet
  facet normal 0.363724 0.606867 0.706695
    outer loop
      vertex 42.2225 -30.7077 12
      vertex 43.3337 -29.0447 10
      vertex 41.3135 -27.8339 10
    endloop
  endfacet
  facet normal -0.363806 -0.606843 0.706673
    outer loop
      vertex 36.6668 -39.0224 11
      vertex 36.1282 -37.535 12
      vertex 35.6568 -38.4169 11
    endloop
  endfacet
  facet normal -0.363762 -0.606843 0.706696
    outer loop
      vertex 36.6668 -39.0224 11
      vertex 37.2224 -38.1909 12
      vertex 36.1282 -37.535 12
    endloop
  endfacet
  facet normal -0.514184 -0.85768 0
    outer loop
      vertex 35.6568 -38.4169 1
      vertex 36.6668 -39.0224 11
      vertex 35.6568 -38.4169 11
    endloop
  endfacet
  facet normal -0.514184 -0.85768 -0
    outer loop
      vertex 36.6668 -39.0224 11
      vertex 35.6568 -38.4169 1
      vertex 36.6668 -39.0224 1
    endloop
  endfacet
  facet normal -0.363773 -0.606862 -0.706674
    outer loop
      vertex 36.1282 -37.535 0
      vertex 37.2224 -38.1909 0
      vertex 35.6568 -38.4169 1
    endloop
  endfacet
  facet normal -0.363793 -0.606823 -0.706697
    outer loop
      vertex 37.2224 -38.1909 0
      vertex 36.6668 -39.0224 1
      vertex 35.6568 -38.4169 1
    endloop
  endfacet
  facet normal 0.363734 0.606884 -0.706675
    outer loop
      vertex 41.3135 -27.8339 2
      vertex 43.3337 -29.0447 2
      vertex 40.3707 -29.5977 0
    endloop
  endfacet
  facet normal 0.363755 0.606847 -0.706696
    outer loop
      vertex 43.3337 -29.0447 2
      vertex 42.2225 -30.7077 0
      vertex 40.3707 -29.5977 0
    endloop
  endfacet
  facet normal 0.595705 0.803204 -0
    outer loop
      vertex 45.2254 -30.4477 2
      vertex 43.3337 -29.0447 10
      vertex 45.2254 -30.4477 10
    endloop
  endfacet
  facet normal 0.595705 0.803204 0
    outer loop
      vertex 43.3337 -29.0447 10
      vertex 45.2254 -30.4477 2
      vertex 43.3337 -29.0447 2
    endloop
  endfacet
  facet normal 0.421469 0.568283 0.706695
    outer loop
      vertex 43.9566 -31.9938 12
      vertex 43.3337 -29.0447 10
      vertex 42.2225 -30.7077 12
    endloop
  endfacet
  facet normal 0.421473 0.568283 0.706693
    outer loop
      vertex 43.9566 -31.9938 12
      vertex 45.2254 -30.4477 10
      vertex 43.3337 -29.0447 10
    endloop
  endfacet
  facet normal -0.421457 -0.568291 0.706696
    outer loop
      vertex 37.6127 -39.7239 11
      vertex 37.2224 -38.1909 12
      vertex 36.6668 -39.0224 11
    endloop
  endfacet
  facet normal -0.421488 -0.568288 0.706679
    outer loop
      vertex 37.6127 -39.7239 11
      vertex 38.2471 -38.9509 12
      vertex 37.2224 -38.1909 12
    endloop
  endfacet
  facet normal -0.595684 -0.803219 0
    outer loop
      vertex 36.6668 -39.0224 1
      vertex 37.6127 -39.7239 11
      vertex 36.6668 -39.0224 11
    endloop
  endfacet
  facet normal -0.595684 -0.803219 -0
    outer loop
      vertex 37.6127 -39.7239 11
      vertex 36.6668 -39.0224 1
      vertex 37.6127 -39.7239 1
    endloop
  endfacet
  facet normal -0.421479 -0.568276 -0.706695
    outer loop
      vertex 37.2224 -38.1909 0
      vertex 38.2471 -38.9509 0
      vertex 36.6668 -39.0224 1
    endloop
  endfacet
  facet normal -0.421467 -0.568305 -0.706679
    outer loop
      vertex 38.2471 -38.9509 0
      vertex 37.6127 -39.7239 1
      vertex 36.6668 -39.0224 1
    endloop
  endfacet
  facet normal 0.421472 0.568281 -0.706695
    outer loop
      vertex 43.3337 -29.0447 2
      vertex 45.2254 -30.4477 2
      vertex 42.2225 -30.7077 0
    endloop
  endfacet
  facet normal 0.42147 0.568285 -0.706693
    outer loop
      vertex 45.2254 -30.4477 2
      vertex 43.9566 -31.9938 0
      vertex 42.2225 -30.7077 0
    endloop
  endfacet
  facet normal 0.671546 0.740963 -0
    outer loop
      vertex 46.9706 -32.0294 2
      vertex 45.2254 -30.4477 10
      vertex 46.9706 -32.0294 10
    endloop
  endfacet
  facet normal 0.671546 0.740963 0
    outer loop
      vertex 45.2254 -30.4477 10
      vertex 46.9706 -32.0294 2
      vertex 45.2254 -30.4477 2
    endloop
  endfacet
  facet normal 0.47511 0.524266 0.706694
    outer loop
      vertex 45.5564 -33.4436 12
      vertex 45.2254 -30.4477 10
      vertex 43.9566 -31.9938 12
    endloop
  endfacet
  facet normal 0.475143 0.524258 0.706677
    outer loop
      vertex 45.5564 -33.4436 12
      vertex 46.9706 -32.0294 10
      vertex 45.2254 -30.4477 10
    endloop
  endfacet
  facet normal -0.475124 -0.524271 0.70668
    outer loop
      vertex 38.4853 -40.5147 11
      vertex 38.2471 -38.9509 12
      vertex 37.6127 -39.7239 11
    endloop
  endfacet
  facet normal -0.475131 -0.52427 0.706676
    outer loop
      vertex 38.4853 -40.5147 11
      vertex 39.1924 -39.8076 12
      vertex 38.2471 -38.9509 12
    endloop
  endfacet
  facet normal -0.671522 -0.740984 0
    outer loop
      vertex 37.6127 -39.7239 1
      vertex 38.4853 -40.5147 11
      vertex 37.6127 -39.7239 11
    endloop
  endfacet
  facet normal -0.671522 -0.740984 -0
    outer loop
      vertex 38.4853 -40.5147 11
      vertex 37.6127 -39.7239 1
      vertex 38.4853 -40.5147 1
    endloop
  endfacet
  facet normal -0.475129 -0.524267 -0.70668
    outer loop
      vertex 38.2471 -38.9509 0
      vertex 39.1924 -39.8076 0
      vertex 37.6127 -39.7239 1
    endloop
  endfacet
  facet normal -0.475127 -0.524274 -0.706676
    outer loop
      vertex 39.1924 -39.8076 0
      vertex 38.4853 -40.5147 1
      vertex 37.6127 -39.7239 1
    endloop
  endfacet
  facet normal 0.475132 0.524247 -0.706693
    outer loop
      vertex 45.2254 -30.4477 2
      vertex 46.9706 -32.0294 2
      vertex 43.9566 -31.9938 0
    endloop
  endfacet
  facet normal 0.475122 0.524279 -0.706676
    outer loop
      vertex 46.9706 -32.0294 2
      vertex 45.5564 -33.4436 0
      vertex 43.9566 -31.9938 0
    endloop
  endfacet
  facet normal 0.740984 0.671522 0
    outer loop
      vertex 48.5522 -33.7746 10
      vertex 46.9706 -32.0294 2
      vertex 46.9706 -32.0294 10
    endloop
  endfacet
  facet normal 0.740984 0.671522 0
    outer loop
      vertex 46.9706 -32.0294 2
      vertex 48.5522 -33.7746 10
      vertex 48.5522 -33.7746 2
    endloop
  endfacet
  facet normal 0.524264 0.475138 0.706677
    outer loop
      vertex 47.0062 -35.0433 12
      vertex 46.9706 -32.0294 10
      vertex 45.5564 -33.4436 12
    endloop
  endfacet
  facet normal 0.52428 0.475132 0.706668
    outer loop
      vertex 47.0062 -35.0433 12
      vertex 48.5522 -33.7746 10
      vertex 46.9706 -32.0294 10
    endloop
  endfacet
  facet normal -0.524274 -0.475127 0.706676
    outer loop
      vertex 39.2761 -41.3873 11
      vertex 39.1924 -39.8076 12
      vertex 38.4853 -40.5147 11
    endloop
  endfacet
  facet normal -0.524267 -0.475129 0.70668
    outer loop
      vertex 39.2761 -41.3873 11
      vertex 40.0491 -40.7529 12
      vertex 39.1924 -39.8076 12
    endloop
  endfacet
  facet normal -0.740984 -0.671522 0
    outer loop
      vertex 39.2761 -41.3873 1
      vertex 38.4853 -40.5147 11
      vertex 38.4853 -40.5147 1
    endloop
  endfacet
  facet normal -0.740984 -0.671522 0
    outer loop
      vertex 38.4853 -40.5147 11
      vertex 39.2761 -41.3873 1
      vertex 39.2761 -41.3873 11
    endloop
  endfacet
  facet normal -0.52427 -0.475131 -0.706676
    outer loop
      vertex 39.1924 -39.8076 0
      vertex 40.0491 -40.7529 0
      vertex 38.4853 -40.5147 1
    endloop
  endfacet
  facet normal -0.524271 -0.475124 -0.70668
    outer loop
      vertex 40.0491 -40.7529 0
      vertex 39.2761 -41.3873 1
      vertex 38.4853 -40.5147 1
    endloop
  endfacet
  facet normal 0.524274 0.475127 -0.706676
    outer loop
      vertex 46.9706 -32.0294 2
      vertex 48.5522 -33.7746 2
      vertex 45.5564 -33.4436 0
    endloop
  endfacet
  facet normal 0.52427 0.475143 -0.706668
    outer loop
      vertex 48.5522 -33.7746 2
      vertex 47.0062 -35.0433 0
      vertex 45.5564 -33.4436 0
    endloop
  endfacet
  facet normal 0.803183 0.595732 0
    outer loop
      vertex 49.9553 -35.6663 10
      vertex 48.5522 -33.7746 2
      vertex 48.5522 -33.7746 10
    endloop
  endfacet
  facet normal 0.803183 0.595732 0
    outer loop
      vertex 48.5522 -33.7746 2
      vertex 49.9553 -35.6663 10
      vertex 49.9553 -35.6663 2
    endloop
  endfacet
  facet normal 0.568317 0.421469 0.706668
    outer loop
      vertex 48.2923 -36.7775 12
      vertex 48.5522 -33.7746 10
      vertex 47.0062 -35.0433 12
    endloop
  endfacet
  facet normal 0.568267 0.421492 0.706695
    outer loop
      vertex 49.9553 -35.6663 10
      vertex 48.5522 -33.7746 10
      vertex 48.2923 -36.7775 12
    endloop
  endfacet
  facet normal -0.568305 -0.421467 0.706679
    outer loop
      vertex 39.9776 -42.3332 11
      vertex 40.0491 -40.7529 12
      vertex 39.2761 -41.3873 11
    endloop
  endfacet
  facet normal -0.568276 -0.421479 0.706695
    outer loop
      vertex 40.8091 -41.7776 12
      vertex 40.0491 -40.7529 12
      vertex 39.9776 -42.3332 11
    endloop
  endfacet
  facet normal -0.803219 -0.595684 0
    outer loop
      vertex 39.9776 -42.3332 1
      vertex 39.2761 -41.3873 11
      vertex 39.2761 -41.3873 1
    endloop
  endfacet
  facet normal -0.803219 -0.595684 0
    outer loop
      vertex 39.2761 -41.3873 11
      vertex 39.9776 -42.3332 1
      vertex 39.9776 -42.3332 11
    endloop
  endfacet
  facet normal -0.568288 -0.421488 -0.706679
    outer loop
      vertex 40.0491 -40.7529 0
      vertex 40.8091 -41.7776 0
      vertex 39.2761 -41.3873 1
    endloop
  endfacet
  facet normal -0.568291 -0.421457 -0.706696
    outer loop
      vertex 40.8091 -41.7776 0
      vertex 39.9776 -42.3332 1
      vertex 39.2761 -41.3873 1
    endloop
  endfacet
  facet normal 0.568288 0.421507 -0.706669
    outer loop
      vertex 48.5522 -33.7746 2
      vertex 49.9553 -35.6663 2
      vertex 47.0062 -35.0433 0
    endloop
  endfacet
  facet normal 0.568294 0.421453 -0.706696
    outer loop
      vertex 49.9553 -35.6663 2
      vertex 48.2923 -36.7775 0
      vertex 47.0062 -35.0433 0
    endloop
  endfacet
  facet normal 0.85774 0.514084 0
    outer loop
      vertex 51.1661 -37.6865 10
      vertex 49.9553 -35.6663 2
      vertex 49.9553 -35.6663 10
    endloop
  endfacet
  facet normal 0.85774 0.514084 0
    outer loop
      vertex 49.9553 -35.6663 2
      vertex 51.1661 -37.6865 10
      vertex 51.1661 -37.6865 2
    endloop
  endfacet
  facet normal 0.606847 0.363755 0.706696
    outer loop
      vertex 49.4023 -38.6293 12
      vertex 49.9553 -35.6663 10
      vertex 48.2923 -36.7775 12
    endloop
  endfacet
  facet normal 0.606884 0.363734 0.706675
    outer loop
      vertex 51.1661 -37.6865 10
      vertex 49.9553 -35.6663 10
      vertex 49.4023 -38.6293 12
    endloop
  endfacet
  facet normal -0.606823 -0.363793 0.706697
    outer loop
      vertex 40.5831 -43.3432 11
      vertex 40.8091 -41.7776 12
      vertex 39.9776 -42.3332 11
    endloop
  endfacet
  facet normal -0.606862 -0.363773 0.706674
    outer loop
      vertex 41.465 -42.8718 12
      vertex 40.8091 -41.7776 12
      vertex 40.5831 -43.3432 11
    endloop
  endfacet
  facet normal -0.85768 -0.514184 0
    outer loop
      vertex 40.5831 -43.3432 1
      vertex 39.9776 -42.3332 11
      vertex 39.9776 -42.3332 1
    endloop
  endfacet
  facet normal -0.85768 -0.514184 0
    outer loop
      vertex 39.9776 -42.3332 11
      vertex 40.5831 -43.3432 1
      vertex 40.5831 -43.3432 11
    endloop
  endfacet
  facet normal -0.606843 -0.363762 -0.706696
    outer loop
      vertex 40.8091 -41.7776 0
      vertex 41.465 -42.8718 0
      vertex 39.9776 -42.3332 1
    endloop
  endfacet
  facet normal -0.606843 -0.363806 -0.706673
    outer loop
      vertex 41.465 -42.8718 0
      vertex 40.5831 -43.3432 1
      vertex 39.9776 -42.3332 1
    endloop
  endfacet
  facet normal 0.606867 0.363724 -0.706695
    outer loop
      vertex 49.9553 -35.6663 2
      vertex 51.1661 -37.6865 2
      vertex 48.2923 -36.7775 0
    endloop
  endfacet
  facet normal 0.606866 0.363766 -0.706674
    outer loop
      vertex 51.1661 -37.6865 2
      vertex 49.4023 -38.6293 0
      vertex 48.2923 -36.7775 0
    endloop
  endfacet
  facet normal 0.903988 0.427559 0
    outer loop
      vertex 52.1731 -39.8156 10
      vertex 51.1661 -37.6865 2
      vertex 51.1661 -37.6865 10
    endloop
  endfacet
  facet normal 0.903988 0.427559 0
    outer loop
      vertex 51.1661 -37.6865 2
      vertex 52.1731 -39.8156 10
      vertex 52.1731 -39.8156 2
    endloop
  endfacet
  facet normal 0.639619 0.302489 0.706674
    outer loop
      vertex 50.3253 -40.581 12
      vertex 51.1661 -37.6865 10
      vertex 49.4023 -38.6293 12
    endloop
  endfacet
  facet normal 0.639593 0.302508 0.70669
    outer loop
      vertex 52.1731 -39.8156 10
      vertex 51.1661 -37.6865 10
      vertex 50.3253 -40.581 12
    endloop
  endfacet
  facet normal -0.639612 -0.302503 0.706674
    outer loop
      vertex 41.0866 -44.4078 11
      vertex 41.465 -42.8718 12
      vertex 40.5831 -43.3432 11
    endloop
  endfacet
  facet normal -0.639637 -0.302487 0.706658
    outer loop
      vertex 42.0104 -44.0251 12
      vertex 41.465 -42.8718 12
      vertex 41.0866 -44.4078 11
    endloop
  endfacet
  facet normal -0.903995 -0.427542 0
    outer loop
      vertex 41.0866 -44.4078 1
      vertex 40.5831 -43.3432 11
      vertex 40.5831 -43.3432 1
    endloop
  endfacet
  facet normal -0.903995 -0.427542 0
    outer loop
      vertex 40.5831 -43.3432 11
      vertex 41.0866 -44.4078 1
      vertex 41.0866 -44.4078 11
    endloop
  endfacet
  facet normal -0.639624 -0.30248 -0.706673
    outer loop
      vertex 41.465 -42.8718 0
      vertex 42.0104 -44.0251 0
      vertex 40.5831 -43.3432 1
    endloop
  endfacet
  facet normal -0.639627 -0.30251 -0.706658
    outer loop
      vertex 42.0104 -44.0251 0
      vertex 41.0866 -44.4078 1
      vertex 40.5831 -43.3432 1
    endloop
  endfacet
  facet normal 0.639606 0.302515 -0.706674
    outer loop
      vertex 51.1661 -37.6865 2
      vertex 52.1731 -39.8156 2
      vertex 49.4023 -38.6293 0
    endloop
  endfacet
  facet normal 0.639604 0.302482 -0.70669
    outer loop
      vertex 52.1731 -39.8156 2
      vertex 50.3253 -40.581 0
      vertex 49.4023 -38.6293 0
    endloop
  endfacet
  facet normal 0.94154 0.336901 0
    outer loop
      vertex 52.9666 -42.0332 10
      vertex 52.1731 -39.8156 2
      vertex 52.1731 -39.8156 10
    endloop
  endfacet
  facet normal 0.94154 0.336901 0
    outer loop
      vertex 52.1731 -39.8156 2
      vertex 52.9666 -42.0332 10
      vertex 52.9666 -42.0332 2
    endloop
  endfacet
  facet normal 0.666155 0.238383 0.70669
    outer loop
      vertex 51.0527 -42.6137 12
      vertex 52.1731 -39.8156 10
      vertex 50.3253 -40.581 12
    endloop
  endfacet
  facet normal 0.666171 0.238369 0.706679
    outer loop
      vertex 52.9666 -42.0332 10
      vertex 52.1731 -39.8156 10
      vertex 51.0527 -42.6137 12
    endloop
  endfacet
  facet normal -0.666203 -0.23835 0.706655
    outer loop
      vertex 41.4833 -45.5166 11
      vertex 42.0104 -44.0251 12
      vertex 41.0866 -44.4078 11
    endloop
  endfacet
  facet normal -0.666184 -0.238366 0.706669
    outer loop
      vertex 42.4402 -45.2263 12
      vertex 42.0104 -44.0251 12
      vertex 41.4833 -45.5166 11
    endloop
  endfacet
  facet normal -0.941553 -0.336864 0
    outer loop
      vertex 41.4833 -45.5166 1
      vertex 41.0866 -44.4078 11
      vertex 41.0866 -44.4078 1
    endloop
  endfacet
  facet normal -0.941553 -0.336864 0
    outer loop
      vertex 41.0866 -44.4078 11
      vertex 41.4833 -45.5166 1
      vertex 41.4833 -45.5166 11
    endloop
  endfacet
  facet normal -0.666196 -0.238371 -0.706656
    outer loop
      vertex 42.0104 -44.0251 0
      vertex 42.4402 -45.2263 0
      vertex 41.0866 -44.4078 1
    endloop
  endfacet
  facet normal -0.66619 -0.238346 -0.706669
    outer loop
      vertex 42.4402 -45.2263 0
      vertex 41.4833 -45.5166 1
      vertex 41.0866 -44.4078 1
    endloop
  endfacet
  facet normal 0.666162 0.238366 -0.70669
    outer loop
      vertex 52.1731 -39.8156 2
      vertex 52.9666 -42.0332 2
      vertex 50.3253 -40.581 0
    endloop
  endfacet
  facet normal 0.666166 0.238387 -0.706679
    outer loop
      vertex 52.9666 -42.0332 2
      vertex 51.0527 -42.6137 0
      vertex 50.3253 -40.581 0
    endloop
  endfacet
  facet normal 0.970038 0.242955 0
    outer loop
      vertex 53.5388 -44.3178 10
      vertex 52.9666 -42.0332 2
      vertex 52.9666 -42.0332 10
    endloop
  endfacet
  facet normal 0.970038 0.242955 0
    outer loop
      vertex 52.9666 -42.0332 2
      vertex 53.5388 -44.3178 10
      vertex 53.5388 -44.3178 2
    endloop
  endfacet
  facet normal 0.686328 0.171918 0.706681
    outer loop
      vertex 51.5773 -44.708 12
      vertex 52.9666 -42.0332 10
      vertex 51.0527 -42.6137 12
    endloop
  endfacet
  facet normal 0.686344 0.171901 0.70667
    outer loop
      vertex 53.5388 -44.3178 10
      vertex 52.9666 -42.0332 10
      vertex 51.5773 -44.708 12
    endloop
  endfacet
  facet normal -0.686346 -0.171902 0.706668
    outer loop
      vertex 41.7694 -46.6589 11
      vertex 42.4402 -45.2263 12
      vertex 41.4833 -45.5166 11
    endloop
  endfacet
  facet normal -0.686321 -0.171927 0.706686
    outer loop
      vertex 42.7502 -46.4638 12
      vertex 42.4402 -45.2263 12
      vertex 41.7694 -46.6589 11
    endloop
  endfacet
  facet normal -0.970038 -0.242955 0
    outer loop
      vertex 41.7694 -46.6589 1
      vertex 41.4833 -45.5166 11
      vertex 41.4833 -45.5166 1
    endloop
  endfacet
  facet normal -0.970038 -0.242955 0
    outer loop
      vertex 41.4833 -45.5166 11
      vertex 41.7694 -46.6589 1
      vertex 41.7694 -46.6589 11
    endloop
  endfacet
  facet normal -0.686338 -0.171931 -0.706668
    outer loop
      vertex 42.4402 -45.2263 0
      vertex 42.7502 -46.4638 0
      vertex 41.4833 -45.5166 1
    endloop
  endfacet
  facet normal -0.686327 -0.171897 -0.706687
    outer loop
      vertex 42.7502 -46.4638 0
      vertex 41.7694 -46.6589 1
      vertex 41.4833 -45.5166 1
    endloop
  endfacet
  facet normal 0.686333 0.171899 -0.70668
    outer loop
      vertex 52.9666 -42.0332 2
      vertex 53.5388 -44.3178 2
      vertex 51.0527 -42.6137 0
    endloop
  endfacet
  facet normal 0.686339 0.171921 -0.706669
    outer loop
      vertex 53.5388 -44.3178 2
      vertex 51.5773 -44.708 0
      vertex 51.0527 -42.6137 0
    endloop
  endfacet
  facet normal 0.989176 0.146733 0
    outer loop
      vertex 53.8844 -46.6476 10
      vertex 53.5388 -44.3178 2
      vertex 53.5388 -44.3178 10
    endloop
  endfacet
  facet normal 0.989176 0.146733 0
    outer loop
      vertex 53.5388 -44.3178 2
      vertex 53.8844 -46.6476 10
      vertex 53.8844 -46.6476 2
    endloop
  endfacet
  facet normal 0.699886 0.103823 0.706669
    outer loop
      vertex 51.8941 -46.8436 12
      vertex 53.5388 -44.3178 10
      vertex 51.5773 -44.708 12
    endloop
  endfacet
  facet normal 0.699887 0.103821 0.706667
    outer loop
      vertex 53.8844 -46.6476 10
      vertex 53.5388 -44.3178 10
      vertex 51.8941 -46.8436 12
    endloop
  endfacet
  facet normal -0.699869 -0.103818 0.706686
    outer loop
      vertex 41.9422 -47.8238 11
      vertex 42.7502 -46.4638 12
      vertex 41.7694 -46.6589 11
    endloop
  endfacet
  facet normal -0.69987 -0.103816 0.706685
    outer loop
      vertex 42.9374 -47.7258 12
      vertex 42.7502 -46.4638 12
      vertex 41.9422 -47.8238 11
    endloop
  endfacet
  facet normal -0.989176 -0.146733 0
    outer loop
      vertex 41.9422 -47.8238 1
      vertex 41.7694 -46.6589 11
      vertex 41.7694 -46.6589 1
    endloop
  endfacet
  facet normal -0.989176 -0.146733 0
    outer loop
      vertex 41.7694 -46.6589 11
      vertex 41.9422 -47.8238 1
      vertex 41.9422 -47.8238 11
    endloop
  endfacet
  facet normal -0.699869 -0.103816 -0.706686
    outer loop
      vertex 42.7502 -46.4638 0
      vertex 42.9374 -47.7258 0
      vertex 41.7694 -46.6589 1
    endloop
  endfacet
  facet normal -0.69987 -0.103818 -0.706685
    outer loop
      vertex 42.9374 -47.7258 0
      vertex 41.9422 -47.8238 1
      vertex 41.7694 -46.6589 1
    endloop
  endfacet
  facet normal 0.699886 0.10382 -0.706669
    outer loop
      vertex 53.5388 -44.3178 2
      vertex 53.8844 -46.6476 2
      vertex 51.5773 -44.708 0
    endloop
  endfacet
  facet normal 0.699887 0.103823 -0.706667
    outer loop
      vertex 53.8844 -46.6476 2
      vertex 51.8941 -46.8436 0
      vertex 51.5773 -44.708 0
    endloop
  endfacet
  facet normal 0.998795 0.0490821 0
    outer loop
      vertex 54 -49 10
      vertex 53.8844 -46.6476 2
      vertex 53.8844 -46.6476 10
    endloop
  endfacet
  facet normal 0.998795 0.0490821 0
    outer loop
      vertex 53.8844 -46.6476 2
      vertex 54 -49 10
      vertex 54 -49 2
    endloop
  endfacet
  facet normal 0.706694 0.0347055 0.706668
    outer loop
      vertex 52 -49 12
      vertex 53.8844 -46.6476 10
      vertex 51.8941 -46.8436 12
    endloop
  endfacet
  facet normal 0.70668 0.0347272 0.70668
    outer loop
      vertex 54 -49 10
      vertex 53.8844 -46.6476 10
      vertex 52 -49 12
    endloop
  endfacet
  facet normal -0.706675 -0.0347269 0.706686
    outer loop
      vertex 42 -49 11
      vertex 42.9374 -47.7258 12
      vertex 41.9422 -47.8238 11
    endloop
  endfacet
  facet normal -0.70668 -0.0347184 0.70668
    outer loop
      vertex 43 -49 12
      vertex 42.9374 -47.7258 12
      vertex 42 -49 11
    endloop
  endfacet
  facet normal -0.998795 -0.0490821 0
    outer loop
      vertex 42 -49 1
      vertex 41.9422 -47.8238 11
      vertex 41.9422 -47.8238 1
    endloop
  endfacet
  facet normal -0.998795 -0.0490821 0
    outer loop
      vertex 41.9422 -47.8238 11
      vertex 42 -49 1
      vertex 42 -49 11
    endloop
  endfacet
  facet normal -0.706675 -0.0347182 -0.706686
    outer loop
      vertex 42.9374 -47.7258 0
      vertex 43 -49 0
      vertex 41.9422 -47.8238 1
    endloop
  endfacet
  facet normal -0.70668 -0.0347272 -0.70668
    outer loop
      vertex 43 -49 0
      vertex 42 -49 1
      vertex 41.9422 -47.8238 1
    endloop
  endfacet
  facet normal 0.706692 0.0347278 -0.706668
    outer loop
      vertex 53.8844 -46.6476 2
      vertex 54 -49 2
      vertex 51.8941 -46.8436 0
    endloop
  endfacet
  facet normal 0.706681 0.0347048 -0.706681
    outer loop
      vertex 54 -49 2
      vertex 52 -49 0
      vertex 51.8941 -46.8436 0
    endloop
  endfacet
  facet normal 0.998795 -0.0490821 0
    outer loop
      vertex 53.8844 -51.3524 10
      vertex 54 -49 2
      vertex 54 -49 10
    endloop
  endfacet
  facet normal 0.998795 -0.0490821 0
    outer loop
      vertex 54 -49 2
      vertex 53.8844 -51.3524 10
      vertex 53.8844 -51.3524 2
    endloop
  endfacet
  facet normal 0.706681 -0.0347048 0.706681
    outer loop
      vertex 54 -49 10
      vertex 52 -49 12
      vertex 51.8941 -51.1564 12
    endloop
  endfacet
  facet normal 0.706692 -0.0347278 0.706668
    outer loop
      vertex 53.8844 -51.3524 10
      vertex 54 -49 10
      vertex 51.8941 -51.1564 12
    endloop
  endfacet
  facet normal -0.70668 0.0347272 0.70668
    outer loop
      vertex 43 -49 12
      vertex 42 -49 11
      vertex 41.9422 -50.1762 11
    endloop
  endfacet
  facet normal -0.706675 0.0347182 0.706686
    outer loop
      vertex 42.9374 -50.2742 12
      vertex 43 -49 12
      vertex 41.9422 -50.1762 11
    endloop
  endfacet
  facet normal -0.998795 0.0490821 0
    outer loop
      vertex 41.9422 -50.1762 1
      vertex 42 -49 11
      vertex 42 -49 1
    endloop
  endfacet
  facet normal -0.998795 0.0490821 0
    outer loop
      vertex 42 -49 11
      vertex 41.9422 -50.1762 1
      vertex 41.9422 -50.1762 11
    endloop
  endfacet
  facet normal -0.70668 0.0347184 -0.70668
    outer loop
      vertex 43 -49 0
      vertex 42.9374 -50.2742 0
      vertex 42 -49 1
    endloop
  endfacet
  facet normal -0.706675 0.0347269 -0.706686
    outer loop
      vertex 42 -49 1
      vertex 42.9374 -50.2742 0
      vertex 41.9422 -50.1762 1
    endloop
  endfacet
  facet normal 0.70668 -0.0347272 -0.70668
    outer loop
      vertex 54 -49 2
      vertex 53.8844 -51.3524 2
      vertex 52 -49 0
    endloop
  endfacet
  facet normal 0.706694 -0.0347055 -0.706668
    outer loop
      vertex 52 -49 0
      vertex 53.8844 -51.3524 2
      vertex 51.8941 -51.1564 0
    endloop
  endfacet
  facet normal 0.989176 -0.146733 0
    outer loop
      vertex 53.5388 -53.6822 10
      vertex 53.8844 -51.3524 2
      vertex 53.8844 -51.3524 10
    endloop
  endfacet
  facet normal 0.989176 -0.146733 0
    outer loop
      vertex 53.8844 -51.3524 2
      vertex 53.5388 -53.6822 10
      vertex 53.5388 -53.6822 2
    endloop
  endfacet
  facet normal 0.699887 -0.103823 0.706667
    outer loop
      vertex 53.8844 -51.3524 10
      vertex 51.8941 -51.1564 12
      vertex 51.5773 -53.292 12
    endloop
  endfacet
  facet normal 0.699886 -0.10382 0.706669
    outer loop
      vertex 53.5388 -53.6822 10
      vertex 53.8844 -51.3524 10
      vertex 51.5773 -53.292 12
    endloop
  endfacet
  facet normal -0.69987 0.103818 0.706685
    outer loop
      vertex 42.9374 -50.2742 12
      vertex 41.9422 -50.1762 11
      vertex 41.7694 -51.3411 11
    endloop
  endfacet
  facet normal -0.699869 0.103816 0.706686
    outer loop
      vertex 42.7502 -51.5362 12
      vertex 42.9374 -50.2742 12
      vertex 41.7694 -51.3411 11
    endloop
  endfacet
  facet normal -0.989176 0.146733 0
    outer loop
      vertex 41.7694 -51.3411 1
      vertex 41.9422 -50.1762 11
      vertex 41.9422 -50.1762 1
    endloop
  endfacet
  facet normal -0.989176 0.146733 0
    outer loop
      vertex 41.9422 -50.1762 11
      vertex 41.7694 -51.3411 1
      vertex 41.7694 -51.3411 11
    endloop
  endfacet
  facet normal -0.69987 0.103816 -0.706685
    outer loop
      vertex 42.9374 -50.2742 0
      vertex 42.7502 -51.5362 0
      vertex 41.9422 -50.1762 1
    endloop
  endfacet
  facet normal -0.699869 0.103818 -0.706686
    outer loop
      vertex 41.9422 -50.1762 1
      vertex 42.7502 -51.5362 0
      vertex 41.7694 -51.3411 1
    endloop
  endfacet
  facet normal 0.699887 -0.103821 -0.706667
    outer loop
      vertex 53.8844 -51.3524 2
      vertex 53.5388 -53.6822 2
      vertex 51.8941 -51.1564 0
    endloop
  endfacet
  facet normal 0.699886 -0.103823 -0.706669
    outer loop
      vertex 51.8941 -51.1564 0
      vertex 53.5388 -53.6822 2
      vertex 51.5773 -53.292 0
    endloop
  endfacet
  facet normal 0.970038 -0.242955 0
    outer loop
      vertex 52.9666 -55.9668 10
      vertex 53.5388 -53.6822 2
      vertex 53.5388 -53.6822 10
    endloop
  endfacet
  facet normal 0.970038 -0.242955 0
    outer loop
      vertex 53.5388 -53.6822 2
      vertex 52.9666 -55.9668 10
      vertex 52.9666 -55.9668 2
    endloop
  endfacet
  facet normal 0.686339 -0.171921 0.706669
    outer loop
      vertex 53.5388 -53.6822 10
      vertex 51.5773 -53.292 12
      vertex 51.0527 -55.3863 12
    endloop
  endfacet
  facet normal 0.686333 -0.171899 0.70668
    outer loop
      vertex 52.9666 -55.9668 10
      vertex 53.5388 -53.6822 10
      vertex 51.0527 -55.3863 12
    endloop
  endfacet
  facet normal -0.686327 0.171897 0.706687
    outer loop
      vertex 42.7502 -51.5362 12
      vertex 41.7694 -51.3411 11
      vertex 41.4833 -52.4834 11
    endloop
  endfacet
  facet normal -0.686338 0.171931 0.706668
    outer loop
      vertex 42.4402 -52.7737 12
      vertex 42.7502 -51.5362 12
      vertex 41.4833 -52.4834 11
    endloop
  endfacet
  facet normal -0.970038 0.242955 0
    outer loop
      vertex 41.4833 -52.4834 1
      vertex 41.7694 -51.3411 11
      vertex 41.7694 -51.3411 1
    endloop
  endfacet
  facet normal -0.970038 0.242955 0
    outer loop
      vertex 41.7694 -51.3411 11
      vertex 41.4833 -52.4834 1
      vertex 41.4833 -52.4834 11
    endloop
  endfacet
  facet normal -0.686321 0.171927 -0.706686
    outer loop
      vertex 42.7502 -51.5362 0
      vertex 42.4402 -52.7737 0
      vertex 41.7694 -51.3411 1
    endloop
  endfacet
  facet normal -0.686346 0.171902 -0.706668
    outer loop
      vertex 41.7694 -51.3411 1
      vertex 42.4402 -52.7737 0
      vertex 41.4833 -52.4834 1
    endloop
  endfacet
  facet normal 0.686344 -0.171901 -0.70667
    outer loop
      vertex 53.5388 -53.6822 2
      vertex 52.9666 -55.9668 2
      vertex 51.5773 -53.292 0
    endloop
  endfacet
  facet normal 0.686328 -0.171918 -0.706681
    outer loop
      vertex 51.5773 -53.292 0
      vertex 52.9666 -55.9668 2
      vertex 51.0527 -55.3863 0
    endloop
  endfacet
  facet normal 0.94154 -0.336901 0
    outer loop
      vertex 52.1731 -58.1844 10
      vertex 52.9666 -55.9668 2
      vertex 52.9666 -55.9668 10
    endloop
  endfacet
  facet normal 0.94154 -0.336901 0
    outer loop
      vertex 52.9666 -55.9668 2
      vertex 52.1731 -58.1844 10
      vertex 52.1731 -58.1844 2
    endloop
  endfacet
  facet normal 0.666166 -0.238387 0.706679
    outer loop
      vertex 52.9666 -55.9668 10
      vertex 51.0527 -55.3863 12
      vertex 50.3253 -57.419 12
    endloop
  endfacet
  facet normal 0.666162 -0.238366 0.70669
    outer loop
      vertex 52.1731 -58.1844 10
      vertex 52.9666 -55.9668 10
      vertex 50.3253 -57.419 12
    endloop
  endfacet
  facet normal -0.66619 0.238346 0.706669
    outer loop
      vertex 42.4402 -52.7737 12
      vertex 41.4833 -52.4834 11
      vertex 41.0866 -53.5922 11
    endloop
  endfacet
  facet normal -0.666196 0.238371 0.706656
    outer loop
      vertex 42.0104 -53.9749 12
      vertex 42.4402 -52.7737 12
      vertex 41.0866 -53.5922 11
    endloop
  endfacet
  facet normal -0.941553 0.336864 0
    outer loop
      vertex 41.0866 -53.5922 1
      vertex 41.4833 -52.4834 11
      vertex 41.4833 -52.4834 1
    endloop
  endfacet
  facet normal -0.941553 0.336864 0
    outer loop
      vertex 41.4833 -52.4834 11
      vertex 41.0866 -53.5922 1
      vertex 41.0866 -53.5922 11
    endloop
  endfacet
  facet normal -0.666184 0.238366 -0.706669
    outer loop
      vertex 42.4402 -52.7737 0
      vertex 42.0104 -53.9749 0
      vertex 41.4833 -52.4834 1
    endloop
  endfacet
  facet normal -0.666203 0.23835 -0.706655
    outer loop
      vertex 41.4833 -52.4834 1
      vertex 42.0104 -53.9749 0
      vertex 41.0866 -53.5922 1
    endloop
  endfacet
  facet normal 0.666171 -0.238369 -0.706679
    outer loop
      vertex 52.9666 -55.9668 2
      vertex 52.1731 -58.1844 2
      vertex 51.0527 -55.3863 0
    endloop
  endfacet
  facet normal 0.666155 -0.238383 -0.70669
    outer loop
      vertex 51.0527 -55.3863 0
      vertex 52.1731 -58.1844 2
      vertex 50.3253 -57.419 0
    endloop
  endfacet
  facet normal 0.903988 -0.427559 0
    outer loop
      vertex 51.1661 -60.3135 10
      vertex 52.1731 -58.1844 2
      vertex 52.1731 -58.1844 10
    endloop
  endfacet
  facet normal 0.903988 -0.427559 0
    outer loop
      vertex 52.1731 -58.1844 2
      vertex 51.1661 -60.3135 10
      vertex 51.1661 -60.3135 2
    endloop
  endfacet
  facet normal 0.639604 -0.302482 0.70669
    outer loop
      vertex 52.1731 -58.1844 10
      vertex 50.3253 -57.419 12
      vertex 49.4023 -59.3707 12
    endloop
  endfacet
  facet normal 0.639606 -0.302515 0.706674
    outer loop
      vertex 51.1661 -60.3135 10
      vertex 52.1731 -58.1844 10
      vertex 49.4023 -59.3707 12
    endloop
  endfacet
  facet normal -0.639627 0.30251 0.706658
    outer loop
      vertex 42.0104 -53.9749 12
      vertex 41.0866 -53.5922 11
      vertex 40.5831 -54.6568 11
    endloop
  endfacet
  facet normal -0.639624 0.30248 0.706673
    outer loop
      vertex 41.465 -55.1282 12
      vertex 42.0104 -53.9749 12
      vertex 40.5831 -54.6568 11
    endloop
  endfacet
  facet normal -0.903995 0.427542 0
    outer loop
      vertex 40.5831 -54.6568 1
      vertex 41.0866 -53.5922 11
      vertex 41.0866 -53.5922 1
    endloop
  endfacet
  facet normal -0.903995 0.427542 0
    outer loop
      vertex 41.0866 -53.5922 11
      vertex 40.5831 -54.6568 1
      vertex 40.5831 -54.6568 11
    endloop
  endfacet
  facet normal -0.639637 0.302487 -0.706658
    outer loop
      vertex 42.0104 -53.9749 0
      vertex 41.465 -55.1282 0
      vertex 41.0866 -53.5922 1
    endloop
  endfacet
  facet normal -0.639612 0.302503 -0.706674
    outer loop
      vertex 41.0866 -53.5922 1
      vertex 41.465 -55.1282 0
      vertex 40.5831 -54.6568 1
    endloop
  endfacet
  facet normal 0.639593 -0.302508 -0.70669
    outer loop
      vertex 52.1731 -58.1844 2
      vertex 51.1661 -60.3135 2
      vertex 50.3253 -57.419 0
    endloop
  endfacet
  facet normal 0.639619 -0.302489 -0.706674
    outer loop
      vertex 50.3253 -57.419 0
      vertex 51.1661 -60.3135 2
      vertex 49.4023 -59.3707 0
    endloop
  endfacet
  facet normal 0.85774 -0.514084 0
    outer loop
      vertex 49.9553 -62.3337 10
      vertex 51.1661 -60.3135 2
      vertex 51.1661 -60.3135 10
    endloop
  endfacet
  facet normal 0.85774 -0.514084 0
    outer loop
      vertex 51.1661 -60.3135 2
      vertex 49.9553 -62.3337 10
      vertex 49.9553 -62.3337 2
    endloop
  endfacet
  facet normal 0.606866 -0.363766 0.706674
    outer loop
      vertex 51.1661 -60.3135 10
      vertex 49.4023 -59.3707 12
      vertex 48.2923 -61.2225 12
    endloop
  endfacet
  facet normal 0.606867 -0.363724 0.706695
    outer loop
      vertex 49.9553 -62.3337 10
      vertex 51.1661 -60.3135 10
      vertex 48.2923 -61.2225 12
    endloop
  endfacet
  facet normal -0.606843 0.363806 0.706673
    outer loop
      vertex 41.465 -55.1282 12
      vertex 40.5831 -54.6568 11
      vertex 39.9776 -55.6668 11
    endloop
  endfacet
  facet normal -0.606843 0.363762 0.706696
    outer loop
      vertex 40.8091 -56.2224 12
      vertex 41.465 -55.1282 12
      vertex 39.9776 -55.6668 11
    endloop
  endfacet
  facet normal -0.85768 0.514184 0
    outer loop
      vertex 39.9776 -55.6668 1
      vertex 40.5831 -54.6568 11
      vertex 40.5831 -54.6568 1
    endloop
  endfacet
  facet normal -0.85768 0.514184 0
    outer loop
      vertex 40.5831 -54.6568 11
      vertex 39.9776 -55.6668 1
      vertex 39.9776 -55.6668 11
    endloop
  endfacet
  facet normal -0.606862 0.363773 -0.706674
    outer loop
      vertex 41.465 -55.1282 0
      vertex 40.8091 -56.2224 0
      vertex 40.5831 -54.6568 1
    endloop
  endfacet
  facet normal -0.606823 0.363793 -0.706697
    outer loop
      vertex 40.5831 -54.6568 1
      vertex 40.8091 -56.2224 0
      vertex 39.9776 -55.6668 1
    endloop
  endfacet
  facet normal 0.606884 -0.363734 -0.706675
    outer loop
      vertex 51.1661 -60.3135 2
      vertex 49.9553 -62.3337 2
      vertex 49.4023 -59.3707 0
    endloop
  endfacet
  facet normal 0.606847 -0.363755 -0.706696
    outer loop
      vertex 49.4023 -59.3707 0
      vertex 49.9553 -62.3337 2
      vertex 48.2923 -61.2225 0
    endloop
  endfacet
  facet normal 0.803183 -0.595732 0
    outer loop
      vertex 48.5522 -64.2254 10
      vertex 49.9553 -62.3337 2
      vertex 49.9553 -62.3337 10
    endloop
  endfacet
  facet normal 0.803183 -0.595732 0
    outer loop
      vertex 49.9553 -62.3337 2
      vertex 48.5522 -64.2254 10
      vertex 48.5522 -64.2254 2
    endloop
  endfacet
  facet normal 0.568283 -0.421469 0.706695
    outer loop
      vertex 49.9553 -62.3337 10
      vertex 48.2923 -61.2225 12
      vertex 47.0062 -62.9566 12
    endloop
  endfacet
  facet normal 0.568279 -0.4215 0.70668
    outer loop
      vertex 48.5522 -64.2254 10
      vertex 49.9553 -62.3337 10
      vertex 47.0062 -62.9566 12
    endloop
  endfacet
  facet normal -0.568291 0.421457 0.706696
    outer loop
      vertex 40.8091 -56.2224 12
      vertex 39.9776 -55.6668 11
      vertex 39.2761 -56.6127 11
    endloop
  endfacet
  facet normal -0.568288 0.421488 0.706679
    outer loop
      vertex 40.0491 -57.2471 12
      vertex 40.8091 -56.2224 12
      vertex 39.2761 -56.6127 11
    endloop
  endfacet
  facet normal -0.803219 0.595684 0
    outer loop
      vertex 39.2761 -56.6127 1
      vertex 39.9776 -55.6668 11
      vertex 39.9776 -55.6668 1
    endloop
  endfacet
  facet normal -0.803219 0.595684 0
    outer loop
      vertex 39.9776 -55.6668 11
      vertex 39.2761 -56.6127 1
      vertex 39.2761 -56.6127 11
    endloop
  endfacet
  facet normal -0.568276 0.421479 -0.706695
    outer loop
      vertex 40.8091 -56.2224 0
      vertex 40.0491 -57.2471 0
      vertex 39.9776 -55.6668 1
    endloop
  endfacet
  facet normal -0.568305 0.421467 -0.706679
    outer loop
      vertex 39.9776 -55.6668 1
      vertex 40.0491 -57.2471 0
      vertex 39.2761 -56.6127 1
    endloop
  endfacet
  facet normal 0.568267 -0.421492 -0.706695
    outer loop
      vertex 49.9553 -62.3337 2
      vertex 48.5522 -64.2254 2
      vertex 48.2923 -61.2225 0
    endloop
  endfacet
  facet normal 0.568296 -0.421478 -0.706679
    outer loop
      vertex 48.2923 -61.2225 0
      vertex 48.5522 -64.2254 2
      vertex 47.0062 -62.9566 0
    endloop
  endfacet
  facet normal 0.740984 -0.671522 0
    outer loop
      vertex 46.9706 -65.9706 10
      vertex 48.5522 -64.2254 2
      vertex 48.5522 -64.2254 10
    endloop
  endfacet
  facet normal 0.740984 -0.671522 0
    outer loop
      vertex 48.5522 -64.2254 2
      vertex 46.9706 -65.9706 10
      vertex 46.9706 -65.9706 2
    endloop
  endfacet
  facet normal 0.524276 -0.475119 0.70668
    outer loop
      vertex 48.5522 -64.2254 10
      vertex 47.0062 -62.9566 12
      vertex 45.5564 -64.5564 12
    endloop
  endfacet
  facet normal 0.524274 -0.475127 0.706676
    outer loop
      vertex 46.9706 -65.9706 10
      vertex 48.5522 -64.2254 10
      vertex 45.5564 -64.5564 12
    endloop
  endfacet
  facet normal -0.524271 0.475124 0.70668
    outer loop
      vertex 40.0491 -57.2471 12
      vertex 39.2761 -56.6127 11
      vertex 38.4853 -57.4853 11
    endloop
  endfacet
  facet normal -0.52427 0.475131 0.706676
    outer loop
      vertex 39.1924 -58.1924 12
      vertex 40.0491 -57.2471 12
      vertex 38.4853 -57.4853 11
    endloop
  endfacet
  facet normal -0.740984 0.671522 0
    outer loop
      vertex 38.4853 -57.4853 1
      vertex 39.2761 -56.6127 11
      vertex 39.2761 -56.6127 1
    endloop
  endfacet
  facet normal -0.740984 0.671522 0
    outer loop
      vertex 39.2761 -56.6127 11
      vertex 38.4853 -57.4853 1
      vertex 38.4853 -57.4853 11
    endloop
  endfacet
  facet normal -0.524267 0.475129 -0.70668
    outer loop
      vertex 39.2761 -56.6127 1
      vertex 40.0491 -57.2471 0
      vertex 39.1924 -58.1924 0
    endloop
  endfacet
  facet normal -0.524274 0.475127 -0.706676
    outer loop
      vertex 39.2761 -56.6127 1
      vertex 39.1924 -58.1924 0
      vertex 38.4853 -57.4853 1
    endloop
  endfacet
  facet normal 0.524271 -0.475124 -0.70668
    outer loop
      vertex 47.0062 -62.9566 0
      vertex 48.5522 -64.2254 2
      vertex 46.9706 -65.9706 2
    endloop
  endfacet
  facet normal 0.524279 -0.475122 -0.706676
    outer loop
      vertex 47.0062 -62.9566 0
      vertex 46.9706 -65.9706 2
      vertex 45.5564 -64.5564 0
    endloop
  endfacet
  facet normal 0.671546 -0.740963 0
    outer loop
      vertex 45.2254 -67.5523 2
      vertex 46.9706 -65.9706 10
      vertex 45.2254 -67.5523 10
    endloop
  endfacet
  facet normal 0.671546 -0.740963 0
    outer loop
      vertex 46.9706 -65.9706 10
      vertex 45.2254 -67.5523 2
      vertex 46.9706 -65.9706 2
    endloop
  endfacet
  facet normal 0.475122 -0.524279 0.706676
    outer loop
      vertex 46.9706 -65.9706 10
      vertex 45.5564 -64.5564 12
      vertex 43.9566 -66.0062 12
    endloop
  endfacet
  facet normal 0.475132 -0.524247 0.706693
    outer loop
      vertex 45.2254 -67.5523 10
      vertex 46.9706 -65.9706 10
      vertex 43.9566 -66.0062 12
    endloop
  endfacet
  facet normal -0.475127 0.524274 0.706676
    outer loop
      vertex 39.1924 -58.1924 12
      vertex 38.4853 -57.4853 11
      vertex 37.6127 -58.2761 11
    endloop
  endfacet
  facet normal -0.475129 0.524267 0.70668
    outer loop
      vertex 38.2471 -59.0491 12
      vertex 39.1924 -58.1924 12
      vertex 37.6127 -58.2761 11
    endloop
  endfacet
  facet normal -0.671522 0.740984 0
    outer loop
      vertex 38.4853 -57.4853 1
      vertex 37.6127 -58.2761 11
      vertex 38.4853 -57.4853 11
    endloop
  endfacet
  facet normal -0.671522 0.740984 0
    outer loop
      vertex 37.6127 -58.2761 11
      vertex 38.4853 -57.4853 1
      vertex 37.6127 -58.2761 1
    endloop
  endfacet
  facet normal -0.475131 0.52427 -0.706676
    outer loop
      vertex 38.4853 -57.4853 1
      vertex 39.1924 -58.1924 0
      vertex 38.2471 -59.0491 0
    endloop
  endfacet
  facet normal -0.475124 0.524271 -0.70668
    outer loop
      vertex 38.4853 -57.4853 1
      vertex 38.2471 -59.0491 0
      vertex 37.6127 -58.2761 1
    endloop
  endfacet
  facet normal 0.475143 -0.524258 -0.706677
    outer loop
      vertex 45.5564 -64.5564 0
      vertex 46.9706 -65.9706 2
      vertex 45.2254 -67.5523 2
    endloop
  endfacet
  facet normal 0.47511 -0.524266 -0.706694
    outer loop
      vertex 45.5564 -64.5564 0
      vertex 45.2254 -67.5523 2
      vertex 43.9566 -66.0062 0
    endloop
  endfacet
  facet normal 0.595705 -0.803204 0
    outer loop
      vertex 43.3337 -68.9553 2
      vertex 45.2254 -67.5523 10
      vertex 43.3337 -68.9553 10
    endloop
  endfacet
  facet normal 0.595705 -0.803204 0
    outer loop
      vertex 45.2254 -67.5523 10
      vertex 43.3337 -68.9553 2
      vertex 45.2254 -67.5523 2
    endloop
  endfacet
  facet normal 0.42147 -0.568285 0.706693
    outer loop
      vertex 45.2254 -67.5523 10
      vertex 43.9566 -66.0062 12
      vertex 42.2225 -67.2923 12
    endloop
  endfacet
  facet normal 0.421472 -0.568281 0.706695
    outer loop
      vertex 43.3337 -68.9553 10
      vertex 45.2254 -67.5523 10
      vertex 42.2225 -67.2923 12
    endloop
  endfacet
  facet normal -0.421467 0.568305 0.706679
    outer loop
      vertex 38.2471 -59.0491 12
      vertex 37.6127 -58.2761 11
      vertex 36.6668 -58.9776 11
    endloop
  endfacet
  facet normal -0.421479 0.568276 0.706695
    outer loop
      vertex 37.2224 -59.8091 12
      vertex 38.2471 -59.0491 12
      vertex 36.6668 -58.9776 11
    endloop
  endfacet
  facet normal -0.595684 0.803219 0
    outer loop
      vertex 37.6127 -58.2761 1
      vertex 36.6668 -58.9776 11
      vertex 37.6127 -58.2761 11
    endloop
  endfacet
  facet normal -0.595684 0.803219 0
    outer loop
      vertex 36.6668 -58.9776 11
      vertex 37.6127 -58.2761 1
      vertex 36.6668 -58.9776 1
    endloop
  endfacet
  facet normal -0.421488 0.568288 -0.706679
    outer loop
      vertex 37.6127 -58.2761 1
      vertex 38.2471 -59.0491 0
      vertex 37.2224 -59.8091 0
    endloop
  endfacet
  facet normal -0.421457 0.568291 -0.706696
    outer loop
      vertex 37.6127 -58.2761 1
      vertex 37.2224 -59.8091 0
      vertex 36.6668 -58.9776 1
    endloop
  endfacet
  facet normal 0.421473 -0.568283 -0.706693
    outer loop
      vertex 43.9566 -66.0062 0
      vertex 45.2254 -67.5523 2
      vertex 43.3337 -68.9553 2
    endloop
  endfacet
  facet normal 0.421469 -0.568283 -0.706695
    outer loop
      vertex 43.9566 -66.0062 0
      vertex 43.3337 -68.9553 2
      vertex 42.2225 -67.2923 0
    endloop
  endfacet
  facet normal 0.514084 -0.85774 0
    outer loop
      vertex 41.3135 -70.1661 2
      vertex 43.3337 -68.9553 10
      vertex 41.3135 -70.1661 10
    endloop
  endfacet
  facet normal 0.514084 -0.85774 0
    outer loop
      vertex 43.3337 -68.9553 10
      vertex 41.3135 -70.1661 2
      vertex 43.3337 -68.9553 2
    endloop
  endfacet
  facet normal 0.363755 -0.606847 0.706696
    outer loop
      vertex 43.3337 -68.9553 10
      vertex 42.2225 -67.2923 12
      vertex 40.3707 -68.4023 12
    endloop
  endfacet
  facet normal 0.363734 -0.606884 0.706675
    outer loop
      vertex 41.3135 -70.1661 10
      vertex 43.3337 -68.9553 10
      vertex 40.3707 -68.4023 12
    endloop
  endfacet
  facet normal -0.363793 0.606823 0.706697
    outer loop
      vertex 37.2224 -59.8091 12
      vertex 36.6668 -58.9776 11
      vertex 35.6568 -59.5831 11
    endloop
  endfacet
  facet normal -0.363773 0.606862 0.706674
    outer loop
      vertex 36.1282 -60.465 12
      vertex 37.2224 -59.8091 12
      vertex 35.6568 -59.5831 11
    endloop
  endfacet
  facet normal -0.514184 0.85768 0
    outer loop
      vertex 36.6668 -58.9776 1
      vertex 35.6568 -59.5831 11
      vertex 36.6668 -58.9776 11
    endloop
  endfacet
  facet normal -0.514184 0.85768 0
    outer loop
      vertex 35.6568 -59.5831 11
      vertex 36.6668 -58.9776 1
      vertex 35.6568 -59.5831 1
    endloop
  endfacet
  facet normal -0.363762 0.606843 -0.706696
    outer loop
      vertex 36.6668 -58.9776 1
      vertex 37.2224 -59.8091 0
      vertex 36.1282 -60.465 0
    endloop
  endfacet
  facet normal -0.363806 0.606843 -0.706673
    outer loop
      vertex 36.6668 -58.9776 1
      vertex 36.1282 -60.465 0
      vertex 35.6568 -59.5831 1
    endloop
  endfacet
  facet normal 0.363724 -0.606867 -0.706695
    outer loop
      vertex 42.2225 -67.2923 0
      vertex 43.3337 -68.9553 2
      vertex 41.3135 -70.1661 2
    endloop
  endfacet
  facet normal 0.363766 -0.606866 -0.706674
    outer loop
      vertex 42.2225 -67.2923 0
      vertex 41.3135 -70.1661 2
      vertex 40.3707 -68.4023 0
    endloop
  endfacet
  facet normal 0.427559 -0.903988 0
    outer loop
      vertex 39.1844 -71.1731 2
      vertex 41.3135 -70.1661 10
      vertex 39.1844 -71.1731 10
    endloop
  endfacet
  facet normal 0.427559 -0.903988 0
    outer loop
      vertex 41.3135 -70.1661 10
      vertex 39.1844 -71.1731 2
      vertex 41.3135 -70.1661 2
    endloop
  endfacet
  facet normal 0.302489 -0.639619 0.706674
    outer loop
      vertex 41.3135 -70.1661 10
      vertex 40.3707 -68.4023 12
      vertex 38.419 -69.3253 12
    endloop
  endfacet
  facet normal 0.302508 -0.639593 0.70669
    outer loop
      vertex 39.1844 -71.1731 10
      vertex 41.3135 -70.1661 10
      vertex 38.419 -69.3253 12
    endloop
  endfacet
  facet normal -0.302503 0.639612 0.706674
    outer loop
      vertex 36.1282 -60.465 12
      vertex 35.6568 -59.5831 11
      vertex 34.5922 -60.0866 11
    endloop
  endfacet
  facet normal -0.302487 0.639637 0.706658
    outer loop
      vertex 34.9749 -61.0104 12
      vertex 36.1282 -60.465 12
      vertex 34.5922 -60.0866 11
    endloop
  endfacet
  facet normal -0.427542 0.903995 0
    outer loop
      vertex 35.6568 -59.5831 1
      vertex 34.5922 -60.0866 11
      vertex 35.6568 -59.5831 11
    endloop
  endfacet
  facet normal -0.427542 0.903995 0
    outer loop
      vertex 34.5922 -60.0866 11
      vertex 35.6568 -59.5831 1
      vertex 34.5922 -60.0866 1
    endloop
  endfacet
  facet normal -0.30248 0.639624 -0.706673
    outer loop
      vertex 35.6568 -59.5831 1
      vertex 36.1282 -60.465 0
      vertex 34.9749 -61.0104 0
    endloop
  endfacet
  facet normal -0.30251 0.639627 -0.706658
    outer loop
      vertex 35.6568 -59.5831 1
      vertex 34.9749 -61.0104 0
      vertex 34.5922 -60.0866 1
    endloop
  endfacet
  facet normal 0.302515 -0.639606 -0.706674
    outer loop
      vertex 40.3707 -68.4023 0
      vertex 41.3135 -70.1661 2
      vertex 39.1844 -71.1731 2
    endloop
  endfacet
  facet normal 0.302482 -0.639604 -0.70669
    outer loop
      vertex 40.3707 -68.4023 0
      vertex 39.1844 -71.1731 2
      vertex 38.419 -69.3253 0
    endloop
  endfacet
  facet normal 0.336901 -0.94154 0
    outer loop
      vertex 36.9668 -71.9666 2
      vertex 39.1844 -71.1731 10
      vertex 36.9668 -71.9666 10
    endloop
  endfacet
  facet normal 0.336901 -0.94154 0
    outer loop
      vertex 39.1844 -71.1731 10
      vertex 36.9668 -71.9666 2
      vertex 39.1844 -71.1731 2
    endloop
  endfacet
  facet normal 0.238383 -0.666155 0.70669
    outer loop
      vertex 39.1844 -71.1731 10
      vertex 38.419 -69.3253 12
      vertex 36.3863 -70.0527 12
    endloop
  endfacet
  facet normal 0.238369 -0.666171 0.706679
    outer loop
      vertex 36.9668 -71.9666 10
      vertex 39.1844 -71.1731 10
      vertex 36.3863 -70.0527 12
    endloop
  endfacet
  facet normal -0.23835 0.666203 0.706655
    outer loop
      vertex 34.9749 -61.0104 12
      vertex 34.5922 -60.0866 11
      vertex 33.4834 -60.4833 11
    endloop
  endfacet
  facet normal -0.238366 0.666184 0.706669
    outer loop
      vertex 33.7737 -61.4402 12
      vertex 34.9749 -61.0104 12
      vertex 33.4834 -60.4833 11
    endloop
  endfacet
  facet normal -0.336864 0.941553 0
    outer loop
      vertex 34.5922 -60.0866 1
      vertex 33.4834 -60.4833 11
      vertex 34.5922 -60.0866 11
    endloop
  endfacet
  facet normal -0.336864 0.941553 0
    outer loop
      vertex 33.4834 -60.4833 11
      vertex 34.5922 -60.0866 1
      vertex 33.4834 -60.4833 1
    endloop
  endfacet
  facet normal -0.238371 0.666196 -0.706656
    outer loop
      vertex 34.5922 -60.0866 1
      vertex 34.9749 -61.0104 0
      vertex 33.7737 -61.4402 0
    endloop
  endfacet
  facet normal -0.238346 0.66619 -0.706669
    outer loop
      vertex 34.5922 -60.0866 1
      vertex 33.7737 -61.4402 0
      vertex 33.4834 -60.4833 1
    endloop
  endfacet
  facet normal 0.238366 -0.666162 -0.70669
    outer loop
      vertex 38.419 -69.3253 0
      vertex 39.1844 -71.1731 2
      vertex 36.9668 -71.9666 2
    endloop
  endfacet
  facet normal 0.238387 -0.666166 -0.706679
    outer loop
      vertex 38.419 -69.3253 0
      vertex 36.9668 -71.9666 2
      vertex 36.3863 -70.0527 0
    endloop
  endfacet
  facet normal 0.242955 -0.970038 0
    outer loop
      vertex 34.6822 -72.5388 2
      vertex 36.9668 -71.9666 10
      vertex 34.6822 -72.5388 10
    endloop
  endfacet
  facet normal 0.242955 -0.970038 0
    outer loop
      vertex 36.9668 -71.9666 10
      vertex 34.6822 -72.5388 2
      vertex 36.9668 -71.9666 2
    endloop
  endfacet
  facet normal 0.171918 -0.686328 0.706681
    outer loop
      vertex 36.9668 -71.9666 10
      vertex 36.3863 -70.0527 12
      vertex 34.292 -70.5773 12
    endloop
  endfacet
  facet normal 0.171901 -0.686344 0.70667
    outer loop
      vertex 34.6822 -72.5388 10
      vertex 36.9668 -71.9666 10
      vertex 34.292 -70.5773 12
    endloop
  endfacet
  facet normal -0.171902 0.686346 0.706668
    outer loop
      vertex 33.7737 -61.4402 12
      vertex 33.4834 -60.4833 11
      vertex 32.3411 -60.7694 11
    endloop
  endfacet
  facet normal -0.171927 0.686321 0.706686
    outer loop
      vertex 32.5362 -61.7502 12
      vertex 33.7737 -61.4402 12
      vertex 32.3411 -60.7694 11
    endloop
  endfacet
  facet normal -0.242955 0.970038 0
    outer loop
      vertex 33.4834 -60.4833 1
      vertex 32.3411 -60.7694 11
      vertex 33.4834 -60.4833 11
    endloop
  endfacet
  facet normal -0.242955 0.970038 0
    outer loop
      vertex 32.3411 -60.7694 11
      vertex 33.4834 -60.4833 1
      vertex 32.3411 -60.7694 1
    endloop
  endfacet
  facet normal -0.171931 0.686338 -0.706668
    outer loop
      vertex 33.4834 -60.4833 1
      vertex 33.7737 -61.4402 0
      vertex 32.5362 -61.7502 0
    endloop
  endfacet
  facet normal -0.171897 0.686327 -0.706687
    outer loop
      vertex 33.4834 -60.4833 1
      vertex 32.5362 -61.7502 0
      vertex 32.3411 -60.7694 1
    endloop
  endfacet
  facet normal 0.171899 -0.686333 -0.70668
    outer loop
      vertex 36.3863 -70.0527 0
      vertex 36.9668 -71.9666 2
      vertex 34.6822 -72.5388 2
    endloop
  endfacet
  facet normal 0.171921 -0.686339 -0.706669
    outer loop
      vertex 36.3863 -70.0527 0
      vertex 34.6822 -72.5388 2
      vertex 34.292 -70.5773 0
    endloop
  endfacet
  facet normal 0.146733 -0.989176 0
    outer loop
      vertex 32.3524 -72.8844 2
      vertex 34.6822 -72.5388 10
      vertex 32.3524 -72.8844 10
    endloop
  endfacet
  facet normal 0.146733 -0.989176 0
    outer loop
      vertex 34.6822 -72.5388 10
      vertex 32.3524 -72.8844 2
      vertex 34.6822 -72.5388 2
    endloop
  endfacet
  facet normal 0.103823 -0.699886 0.706669
    outer loop
      vertex 34.6822 -72.5388 10
      vertex 34.292 -70.5773 12
      vertex 32.1564 -70.8941 12
    endloop
  endfacet
  facet normal 0.103821 -0.699887 0.706667
    outer loop
      vertex 32.3524 -72.8844 10
      vertex 34.6822 -72.5388 10
      vertex 32.1564 -70.8941 12
    endloop
  endfacet
  facet normal -0.103818 0.699869 0.706686
    outer loop
      vertex 32.5362 -61.7502 12
      vertex 32.3411 -60.7694 11
      vertex 31.1762 -60.9422 11
    endloop
  endfacet
  facet normal -0.103816 0.69987 0.706685
    outer loop
      vertex 31.2742 -61.9374 12
      vertex 32.5362 -61.7502 12
      vertex 31.1762 -60.9422 11
    endloop
  endfacet
  facet normal -0.146733 0.989176 0
    outer loop
      vertex 32.3411 -60.7694 1
      vertex 31.1762 -60.9422 11
      vertex 32.3411 -60.7694 11
    endloop
  endfacet
  facet normal -0.146733 0.989176 0
    outer loop
      vertex 31.1762 -60.9422 11
      vertex 32.3411 -60.7694 1
      vertex 31.1762 -60.9422 1
    endloop
  endfacet
  facet normal -0.103816 0.699869 -0.706686
    outer loop
      vertex 32.3411 -60.7694 1
      vertex 32.5362 -61.7502 0
      vertex 31.2742 -61.9374 0
    endloop
  endfacet
  facet normal -0.103818 0.69987 -0.706685
    outer loop
      vertex 32.3411 -60.7694 1
      vertex 31.2742 -61.9374 0
      vertex 31.1762 -60.9422 1
    endloop
  endfacet
  facet normal 0.10382 -0.699886 -0.706669
    outer loop
      vertex 34.292 -70.5773 0
      vertex 34.6822 -72.5388 2
      vertex 32.3524 -72.8844 2
    endloop
  endfacet
  facet normal 0.103823 -0.699887 -0.706667
    outer loop
      vertex 34.292 -70.5773 0
      vertex 32.3524 -72.8844 2
      vertex 32.1564 -70.8941 0
    endloop
  endfacet
  facet normal 0.0490821 -0.998795 0
    outer loop
      vertex 30 -73 2
      vertex 32.3524 -72.8844 10
      vertex 30 -73 10
    endloop
  endfacet
  facet normal 0.0490821 -0.998795 0
    outer loop
      vertex 32.3524 -72.8844 10
      vertex 30 -73 2
      vertex 32.3524 -72.8844 2
    endloop
  endfacet
  facet normal 0.0347055 -0.706694 0.706668
    outer loop
      vertex 32.3524 -72.8844 10
      vertex 32.1564 -70.8941 12
      vertex 30 -71 12
    endloop
  endfacet
  facet normal 0.0347272 -0.70668 0.70668
    outer loop
      vertex 32.3524 -72.8844 10
      vertex 30 -71 12
      vertex 30 -73 10
    endloop
  endfacet
  facet normal -0.0347269 0.706675 0.706686
    outer loop
      vertex 31.2742 -61.9374 12
      vertex 31.1762 -60.9422 11
      vertex 30 -61 11
    endloop
  endfacet
  facet normal -0.0347184 0.70668 0.70668
    outer loop
      vertex 31.2742 -61.9374 12
      vertex 30 -61 11
      vertex 30 -62 12
    endloop
  endfacet
  facet normal -0.0490821 0.998795 0
    outer loop
      vertex 31.1762 -60.9422 1
      vertex 30 -61 11
      vertex 31.1762 -60.9422 11
    endloop
  endfacet
  facet normal -0.0490821 0.998795 0
    outer loop
      vertex 30 -61 11
      vertex 31.1762 -60.9422 1
      vertex 30 -61 1
    endloop
  endfacet
  facet normal -0.0347182 0.706675 -0.706686
    outer loop
      vertex 31.1762 -60.9422 1
      vertex 31.2742 -61.9374 0
      vertex 30 -62 0
    endloop
  endfacet
  facet normal -0.0347272 0.70668 -0.70668
    outer loop
      vertex 30 -61 1
      vertex 31.1762 -60.9422 1
      vertex 30 -62 0
    endloop
  endfacet
  facet normal 0.0347278 -0.706692 -0.706668
    outer loop
      vertex 32.1564 -70.8941 0
      vertex 32.3524 -72.8844 2
      vertex 30 -73 2
    endloop
  endfacet
  facet normal 0.0347048 -0.706681 -0.706681
    outer loop
      vertex 30 -71 0
      vertex 32.1564 -70.8941 0
      vertex 30 -73 2
    endloop
  endfacet
  facet normal -0.0490821 -0.998795 0
    outer loop
      vertex 27.6476 -72.8844 2
      vertex 30 -73 10
      vertex 27.6476 -72.8844 10
    endloop
  endfacet
  facet normal -0.0490821 -0.998795 -0
    outer loop
      vertex 30 -73 10
      vertex 27.6476 -72.8844 2
      vertex 30 -73 2
    endloop
  endfacet
  facet normal -0.0347048 -0.706681 0.706681
    outer loop
      vertex 30 -73 10
      vertex 30 -71 12
      vertex 27.8436 -70.8941 12
    endloop
  endfacet
  facet normal -0.0347278 -0.706692 0.706668
    outer loop
      vertex 30 -73 10
      vertex 27.8436 -70.8941 12
      vertex 27.6476 -72.8844 10
    endloop
  endfacet
  facet normal 0.0347272 0.70668 0.70668
    outer loop
      vertex 30 -62 12
      vertex 30 -61 11
      vertex 28.8238 -60.9422 11
    endloop
  endfacet
  facet normal 0.0347182 0.706675 0.706686
    outer loop
      vertex 30 -62 12
      vertex 28.8238 -60.9422 11
      vertex 28.7258 -61.9374 12
    endloop
  endfacet
  facet normal 0.0490821 0.998795 -0
    outer loop
      vertex 30 -61 1
      vertex 28.8238 -60.9422 11
      vertex 30 -61 11
    endloop
  endfacet
  facet normal 0.0490821 0.998795 0
    outer loop
      vertex 28.8238 -60.9422 11
      vertex 30 -61 1
      vertex 28.8238 -60.9422 1
    endloop
  endfacet
  facet normal 0.0347184 0.70668 -0.70668
    outer loop
      vertex 30 -61 1
      vertex 30 -62 0
      vertex 28.7258 -61.9374 0
    endloop
  endfacet
  facet normal 0.0347269 0.706675 -0.706686
    outer loop
      vertex 28.8238 -60.9422 1
      vertex 30 -61 1
      vertex 28.7258 -61.9374 0
    endloop
  endfacet
  facet normal -0.0347272 -0.70668 -0.70668
    outer loop
      vertex 30 -71 0
      vertex 30 -73 2
      vertex 27.6476 -72.8844 2
    endloop
  endfacet
  facet normal -0.0347055 -0.706694 -0.706668
    outer loop
      vertex 27.8436 -70.8941 0
      vertex 30 -71 0
      vertex 27.6476 -72.8844 2
    endloop
  endfacet
  facet normal -0.146733 -0.989176 0
    outer loop
      vertex 25.3178 -72.5388 2
      vertex 27.6476 -72.8844 10
      vertex 25.3178 -72.5388 10
    endloop
  endfacet
  facet normal -0.146733 -0.989176 -0
    outer loop
      vertex 27.6476 -72.8844 10
      vertex 25.3178 -72.5388 2
      vertex 27.6476 -72.8844 2
    endloop
  endfacet
  facet normal -0.103823 -0.699887 0.706667
    outer loop
      vertex 27.6476 -72.8844 10
      vertex 27.8436 -70.8941 12
      vertex 25.708 -70.5773 12
    endloop
  endfacet
  facet normal -0.10382 -0.699886 0.706669
    outer loop
      vertex 27.6476 -72.8844 10
      vertex 25.708 -70.5773 12
      vertex 25.3178 -72.5388 10
    endloop
  endfacet
  facet normal 0.103818 0.69987 0.706685
    outer loop
      vertex 28.7258 -61.9374 12
      vertex 28.8238 -60.9422 11
      vertex 27.6589 -60.7694 11
    endloop
  endfacet
  facet normal 0.103816 0.699869 0.706686
    outer loop
      vertex 28.7258 -61.9374 12
      vertex 27.6589 -60.7694 11
      vertex 27.4638 -61.7502 12
    endloop
  endfacet
  facet normal 0.146733 0.989176 -0
    outer loop
      vertex 28.8238 -60.9422 1
      vertex 27.6589 -60.7694 11
      vertex 28.8238 -60.9422 11
    endloop
  endfacet
  facet normal 0.146733 0.989176 0
    outer loop
      vertex 27.6589 -60.7694 11
      vertex 28.8238 -60.9422 1
      vertex 27.6589 -60.7694 1
    endloop
  endfacet
  facet normal 0.103816 0.69987 -0.706685
    outer loop
      vertex 28.8238 -60.9422 1
      vertex 28.7258 -61.9374 0
      vertex 27.4638 -61.7502 0
    endloop
  endfacet
  facet normal 0.103818 0.699869 -0.706686
    outer loop
      vertex 27.6589 -60.7694 1
      vertex 28.8238 -60.9422 1
      vertex 27.4638 -61.7502 0
    endloop
  endfacet
  facet normal -0.103821 -0.699887 -0.706667
    outer loop
      vertex 27.8436 -70.8941 0
      vertex 27.6476 -72.8844 2
      vertex 25.3178 -72.5388 2
    endloop
  endfacet
  facet normal -0.103823 -0.699886 -0.706669
    outer loop
      vertex 25.708 -70.5773 0
      vertex 27.8436 -70.8941 0
      vertex 25.3178 -72.5388 2
    endloop
  endfacet
  facet normal -0.242955 -0.970038 0
    outer loop
      vertex 23.0332 -71.9666 2
      vertex 25.3178 -72.5388 10
      vertex 23.0332 -71.9666 10
    endloop
  endfacet
  facet normal -0.242955 -0.970038 -0
    outer loop
      vertex 25.3178 -72.5388 10
      vertex 23.0332 -71.9666 2
      vertex 25.3178 -72.5388 2
    endloop
  endfacet
  facet normal -0.171921 -0.686339 0.706669
    outer loop
      vertex 25.3178 -72.5388 10
      vertex 25.708 -70.5773 12
      vertex 23.6137 -70.0527 12
    endloop
  endfacet
  facet normal -0.171899 -0.686333 0.70668
    outer loop
      vertex 25.3178 -72.5388 10
      vertex 23.6137 -70.0527 12
      vertex 23.0332 -71.9666 10
    endloop
  endfacet
  facet normal 0.171897 0.686327 0.706687
    outer loop
      vertex 27.4638 -61.7502 12
      vertex 27.6589 -60.7694 11
      vertex 26.5166 -60.4833 11
    endloop
  endfacet
  facet normal 0.171931 0.686338 0.706668
    outer loop
      vertex 27.4638 -61.7502 12
      vertex 26.5166 -60.4833 11
      vertex 26.2263 -61.4402 12
    endloop
  endfacet
  facet normal 0.242955 0.970038 -0
    outer loop
      vertex 27.6589 -60.7694 1
      vertex 26.5166 -60.4833 11
      vertex 27.6589 -60.7694 11
    endloop
  endfacet
  facet normal 0.242955 0.970038 0
    outer loop
      vertex 26.5166 -60.4833 11
      vertex 27.6589 -60.7694 1
      vertex 26.5166 -60.4833 1
    endloop
  endfacet
  facet normal 0.171927 0.686321 -0.706686
    outer loop
      vertex 27.6589 -60.7694 1
      vertex 27.4638 -61.7502 0
      vertex 26.2263 -61.4402 0
    endloop
  endfacet
  facet normal 0.171902 0.686346 -0.706668
    outer loop
      vertex 26.5166 -60.4833 1
      vertex 27.6589 -60.7694 1
      vertex 26.2263 -61.4402 0
    endloop
  endfacet
  facet normal -0.171901 -0.686344 -0.70667
    outer loop
      vertex 25.708 -70.5773 0
      vertex 25.3178 -72.5388 2
      vertex 23.0332 -71.9666 2
    endloop
  endfacet
  facet normal -0.171918 -0.686328 -0.706681
    outer loop
      vertex 23.6137 -70.0527 0
      vertex 25.708 -70.5773 0
      vertex 23.0332 -71.9666 2
    endloop
  endfacet
  facet normal -0.336901 -0.94154 0
    outer loop
      vertex 20.8156 -71.1731 2
      vertex 23.0332 -71.9666 10
      vertex 20.8156 -71.1731 10
    endloop
  endfacet
  facet normal -0.336901 -0.94154 -0
    outer loop
      vertex 23.0332 -71.9666 10
      vertex 20.8156 -71.1731 2
      vertex 23.0332 -71.9666 2
    endloop
  endfacet
  facet normal -0.238387 -0.666166 0.706679
    outer loop
      vertex 23.0332 -71.9666 10
      vertex 23.6137 -70.0527 12
      vertex 21.581 -69.3253 12
    endloop
  endfacet
  facet normal -0.238366 -0.666162 0.70669
    outer loop
      vertex 23.0332 -71.9666 10
      vertex 21.581 -69.3253 12
      vertex 20.8156 -71.1731 10
    endloop
  endfacet
  facet normal 0.238346 0.66619 0.706669
    outer loop
      vertex 26.2263 -61.4402 12
      vertex 26.5166 -60.4833 11
      vertex 25.4078 -60.0866 11
    endloop
  endfacet
  facet normal 0.238371 0.666196 0.706656
    outer loop
      vertex 26.2263 -61.4402 12
      vertex 25.4078 -60.0866 11
      vertex 25.0251 -61.0104 12
    endloop
  endfacet
  facet normal 0.336864 0.941553 -0
    outer loop
      vertex 26.5166 -60.4833 1
      vertex 25.4078 -60.0866 11
      vertex 26.5166 -60.4833 11
    endloop
  endfacet
  facet normal 0.336864 0.941553 0
    outer loop
      vertex 25.4078 -60.0866 11
      vertex 26.5166 -60.4833 1
      vertex 25.4078 -60.0866 1
    endloop
  endfacet
  facet normal 0.238366 0.666184 -0.706669
    outer loop
      vertex 26.5166 -60.4833 1
      vertex 26.2263 -61.4402 0
      vertex 25.0251 -61.0104 0
    endloop
  endfacet
  facet normal 0.23835 0.666203 -0.706655
    outer loop
      vertex 25.4078 -60.0866 1
      vertex 26.5166 -60.4833 1
      vertex 25.0251 -61.0104 0
    endloop
  endfacet
  facet normal -0.238369 -0.666171 -0.706679
    outer loop
      vertex 23.6137 -70.0527 0
      vertex 23.0332 -71.9666 2
      vertex 20.8156 -71.1731 2
    endloop
  endfacet
  facet normal -0.238383 -0.666155 -0.70669
    outer loop
      vertex 21.581 -69.3253 0
      vertex 23.6137 -70.0527 0
      vertex 20.8156 -71.1731 2
    endloop
  endfacet
  facet normal -0.427559 -0.903988 0
    outer loop
      vertex 18.6865 -70.1661 2
      vertex 20.8156 -71.1731 10
      vertex 18.6865 -70.1661 10
    endloop
  endfacet
  facet normal -0.427559 -0.903988 -0
    outer loop
      vertex 20.8156 -71.1731 10
      vertex 18.6865 -70.1661 2
      vertex 20.8156 -71.1731 2
    endloop
  endfacet
  facet normal -0.302482 -0.639604 0.70669
    outer loop
      vertex 20.8156 -71.1731 10
      vertex 21.581 -69.3253 12
      vertex 19.6293 -68.4023 12
    endloop
  endfacet
  facet normal -0.302515 -0.639606 0.706674
    outer loop
      vertex 20.8156 -71.1731 10
      vertex 19.6293 -68.4023 12
      vertex 18.6865 -70.1661 10
    endloop
  endfacet
  facet normal 0.30251 0.639627 0.706658
    outer loop
      vertex 25.0251 -61.0104 12
      vertex 25.4078 -60.0866 11
      vertex 24.3432 -59.5831 11
    endloop
  endfacet
  facet normal 0.30248 0.639624 0.706673
    outer loop
      vertex 25.0251 -61.0104 12
      vertex 24.3432 -59.5831 11
      vertex 23.8718 -60.465 12
    endloop
  endfacet
  facet normal 0.427542 0.903995 -0
    outer loop
      vertex 25.4078 -60.0866 1
      vertex 24.3432 -59.5831 11
      vertex 25.4078 -60.0866 11
    endloop
  endfacet
  facet normal 0.427542 0.903995 0
    outer loop
      vertex 24.3432 -59.5831 11
      vertex 25.4078 -60.0866 1
      vertex 24.3432 -59.5831 1
    endloop
  endfacet
  facet normal 0.302487 0.639637 -0.706658
    outer loop
      vertex 25.4078 -60.0866 1
      vertex 25.0251 -61.0104 0
      vertex 23.8718 -60.465 0
    endloop
  endfacet
  facet normal 0.302503 0.639612 -0.706674
    outer loop
      vertex 24.3432 -59.5831 1
      vertex 25.4078 -60.0866 1
      vertex 23.8718 -60.465 0
    endloop
  endfacet
  facet normal -0.302508 -0.639593 -0.70669
    outer loop
      vertex 21.581 -69.3253 0
      vertex 20.8156 -71.1731 2
      vertex 18.6865 -70.1661 2
    endloop
  endfacet
  facet normal -0.302489 -0.639619 -0.706674
    outer loop
      vertex 19.6293 -68.4023 0
      vertex 21.581 -69.3253 0
      vertex 18.6865 -70.1661 2
    endloop
  endfacet
  facet normal -0.514084 -0.85774 0
    outer loop
      vertex 16.6663 -68.9553 2
      vertex 18.6865 -70.1661 10
      vertex 16.6663 -68.9553 10
    endloop
  endfacet
  facet normal -0.514084 -0.85774 -0
    outer loop
      vertex 18.6865 -70.1661 10
      vertex 16.6663 -68.9553 2
      vertex 18.6865 -70.1661 2
    endloop
  endfacet
  facet normal -0.363766 -0.606866 0.706674
    outer loop
      vertex 18.6865 -70.1661 10
      vertex 19.6293 -68.4023 12
      vertex 17.7775 -67.2923 12
    endloop
  endfacet
  facet normal -0.363724 -0.606867 0.706695
    outer loop
      vertex 18.6865 -70.1661 10
      vertex 17.7775 -67.2923 12
      vertex 16.6663 -68.9553 10
    endloop
  endfacet
  facet normal 0.363806 0.606843 0.706673
    outer loop
      vertex 23.8718 -60.465 12
      vertex 24.3432 -59.5831 11
      vertex 23.3332 -58.9776 11
    endloop
  endfacet
  facet normal 0.363762 0.606843 0.706696
    outer loop
      vertex 23.8718 -60.465 12
      vertex 23.3332 -58.9776 11
      vertex 22.7776 -59.8091 12
    endloop
  endfacet
  facet normal 0.514184 0.85768 -0
    outer loop
      vertex 24.3432 -59.5831 1
      vertex 23.3332 -58.9776 11
      vertex 24.3432 -59.5831 11
    endloop
  endfacet
  facet normal 0.514184 0.85768 0
    outer loop
      vertex 23.3332 -58.9776 11
      vertex 24.3432 -59.5831 1
      vertex 23.3332 -58.9776 1
    endloop
  endfacet
  facet normal 0.363773 0.606862 -0.706674
    outer loop
      vertex 24.3432 -59.5831 1
      vertex 23.8718 -60.465 0
      vertex 22.7776 -59.8091 0
    endloop
  endfacet
  facet normal 0.363793 0.606823 -0.706697
    outer loop
      vertex 23.3332 -58.9776 1
      vertex 24.3432 -59.5831 1
      vertex 22.7776 -59.8091 0
    endloop
  endfacet
  facet normal -0.363734 -0.606884 -0.706675
    outer loop
      vertex 19.6293 -68.4023 0
      vertex 18.6865 -70.1661 2
      vertex 16.6663 -68.9553 2
    endloop
  endfacet
  facet normal -0.363755 -0.606847 -0.706696
    outer loop
      vertex 17.7775 -67.2923 0
      vertex 19.6293 -68.4023 0
      vertex 16.6663 -68.9553 2
    endloop
  endfacet
  facet normal -0.595705 -0.803204 0
    outer loop
      vertex 14.7746 -67.5523 2
      vertex 16.6663 -68.9553 10
      vertex 14.7746 -67.5523 10
    endloop
  endfacet
  facet normal -0.595705 -0.803204 -0
    outer loop
      vertex 16.6663 -68.9553 10
      vertex 14.7746 -67.5523 2
      vertex 16.6663 -68.9553 2
    endloop
  endfacet
  facet normal -0.421453 -0.568294 0.706696
    outer loop
      vertex 16.6663 -68.9553 10
      vertex 17.7775 -67.2923 12
      vertex 16.0433 -66.0062 12
    endloop
  endfacet
  facet normal -0.421479 -0.568291 0.706683
    outer loop
      vertex 16.6663 -68.9553 10
      vertex 16.0433 -66.0062 12
      vertex 14.7746 -67.5523 10
    endloop
  endfacet
  facet normal 0.421457 0.568291 0.706696
    outer loop
      vertex 22.7776 -59.8091 12
      vertex 23.3332 -58.9776 11
      vertex 22.3873 -58.2761 11
    endloop
  endfacet
  facet normal 0.421488 0.568288 0.706679
    outer loop
      vertex 22.7776 -59.8091 12
      vertex 22.3873 -58.2761 11
      vertex 21.7529 -59.0491 12
    endloop
  endfacet
  facet normal 0.595684 0.803219 -0
    outer loop
      vertex 23.3332 -58.9776 1
      vertex 22.3873 -58.2761 11
      vertex 23.3332 -58.9776 11
    endloop
  endfacet
  facet normal 0.595684 0.803219 0
    outer loop
      vertex 22.3873 -58.2761 11
      vertex 23.3332 -58.9776 1
      vertex 22.3873 -58.2761 1
    endloop
  endfacet
  facet normal 0.421479 0.568276 -0.706695
    outer loop
      vertex 23.3332 -58.9776 1
      vertex 22.7776 -59.8091 0
      vertex 21.7529 -59.0491 0
    endloop
  endfacet
  facet normal 0.421467 0.568305 -0.706679
    outer loop
      vertex 22.3873 -58.2761 1
      vertex 23.3332 -58.9776 1
      vertex 21.7529 -59.0491 0
    endloop
  endfacet
  facet normal -0.421472 -0.568281 -0.706695
    outer loop
      vertex 17.7775 -67.2923 0
      vertex 16.6663 -68.9553 2
      vertex 14.7746 -67.5523 2
    endloop
  endfacet
  facet normal -0.421461 -0.568305 -0.706682
    outer loop
      vertex 16.0433 -66.0062 0
      vertex 17.7775 -67.2923 0
      vertex 14.7746 -67.5523 2
    endloop
  endfacet
  facet normal -0.671546 -0.740963 0
    outer loop
      vertex 13.0294 -65.9706 2
      vertex 14.7746 -67.5523 10
      vertex 13.0294 -65.9706 10
    endloop
  endfacet
  facet normal -0.671546 -0.740963 -0
    outer loop
      vertex 14.7746 -67.5523 10
      vertex 13.0294 -65.9706 2
      vertex 14.7746 -67.5523 2
    endloop
  endfacet
  facet normal -0.475151 -0.524246 0.706681
    outer loop
      vertex 14.7746 -67.5523 10
      vertex 16.0433 -66.0062 12
      vertex 14.4437 -64.5564 12
    endloop
  endfacet
  facet normal -0.475135 -0.52425 0.706689
    outer loop
      vertex 14.7746 -67.5523 10
      vertex 14.4437 -64.5564 12
      vertex 13.0294 -65.9706 10
    endloop
  endfacet
  facet normal 0.475124 0.524271 0.70668
    outer loop
      vertex 21.7529 -59.0491 12
      vertex 22.3873 -58.2761 11
      vertex 21.5147 -57.4853 11
    endloop
  endfacet
  facet normal 0.475131 0.52427 0.706676
    outer loop
      vertex 21.7529 -59.0491 12
      vertex 21.5147 -57.4853 11
      vertex 20.8076 -58.1924 12
    endloop
  endfacet
  facet normal 0.671522 0.740984 -0
    outer loop
      vertex 22.3873 -58.2761 1
      vertex 21.5147 -57.4853 11
      vertex 22.3873 -58.2761 11
    endloop
  endfacet
  facet normal 0.671522 0.740984 0
    outer loop
      vertex 21.5147 -57.4853 11
      vertex 22.3873 -58.2761 1
      vertex 21.5147 -57.4853 1
    endloop
  endfacet
  facet normal 0.475129 0.524267 -0.70668
    outer loop
      vertex 22.3873 -58.2761 1
      vertex 21.7529 -59.0491 0
      vertex 20.8076 -58.1924 0
    endloop
  endfacet
  facet normal 0.475127 0.524274 -0.706676
    outer loop
      vertex 21.5147 -57.4853 1
      vertex 22.3873 -58.2761 1
      vertex 20.8076 -58.1924 0
    endloop
  endfacet
  facet normal -0.47514 -0.524255 -0.706681
    outer loop
      vertex 16.0433 -66.0062 0
      vertex 14.7746 -67.5523 2
      vertex 13.0294 -65.9706 2
    endloop
  endfacet
  facet normal -0.475146 -0.52424 -0.706689
    outer loop
      vertex 14.4437 -64.5564 0
      vertex 16.0433 -66.0062 0
      vertex 13.0294 -65.9706 2
    endloop
  endfacet
  facet normal -0.740963 -0.671546 0
    outer loop
      vertex 13.0294 -65.9706 2
      vertex 11.4477 -64.2254 10
      vertex 11.4477 -64.2254 2
    endloop
  endfacet
  facet normal -0.740963 -0.671546 0
    outer loop
      vertex 11.4477 -64.2254 10
      vertex 13.0294 -65.9706 2
      vertex 13.0294 -65.9706 10
    endloop
  endfacet
  facet normal -0.524252 -0.47513 0.70669
    outer loop
      vertex 13.0294 -65.9706 10
      vertex 14.4437 -64.5564 12
      vertex 12.9938 -62.9566 12
    endloop
  endfacet
  facet normal -0.524247 -0.475132 0.706693
    outer loop
      vertex 13.0294 -65.9706 10
      vertex 12.9938 -62.9566 12
      vertex 11.4477 -64.2254 10
    endloop
  endfacet
  facet normal 0.524274 0.475127 0.706676
    outer loop
      vertex 20.8076 -58.1924 12
      vertex 21.5147 -57.4853 11
      vertex 20.7239 -56.6127 11
    endloop
  endfacet
  facet normal 0.524267 0.475129 0.70668
    outer loop
      vertex 20.8076 -58.1924 12
      vertex 20.7239 -56.6127 11
      vertex 19.9509 -57.2471 12
    endloop
  endfacet
  facet normal 0.740984 0.671522 0
    outer loop
      vertex 21.5147 -57.4853 11
      vertex 20.7239 -56.6127 1
      vertex 20.7239 -56.6127 11
    endloop
  endfacet
  facet normal 0.740984 0.671522 0
    outer loop
      vertex 20.7239 -56.6127 1
      vertex 21.5147 -57.4853 11
      vertex 21.5147 -57.4853 1
    endloop
  endfacet
  facet normal 0.52427 0.475131 -0.706676
    outer loop
      vertex 21.5147 -57.4853 1
      vertex 20.8076 -58.1924 0
      vertex 19.9509 -57.2471 0
    endloop
  endfacet
  facet normal 0.524271 0.475124 -0.70668
    outer loop
      vertex 20.7239 -56.6127 1
      vertex 21.5147 -57.4853 1
      vertex 19.9509 -57.2471 0
    endloop
  endfacet
  facet normal -0.524249 -0.475134 -0.70669
    outer loop
      vertex 14.4437 -64.5564 0
      vertex 13.0294 -65.9706 2
      vertex 11.4477 -64.2254 2
    endloop
  endfacet
  facet normal -0.52425 -0.475128 -0.706693
    outer loop
      vertex 12.9938 -62.9566 0
      vertex 14.4437 -64.5564 0
      vertex 11.4477 -64.2254 2
    endloop
  endfacet
  facet normal -0.803204 -0.595705 0
    outer loop
      vertex 11.4477 -64.2254 2
      vertex 10.0447 -62.3337 10
      vertex 10.0447 -62.3337 2
    endloop
  endfacet
  facet normal -0.803204 -0.595705 0
    outer loop
      vertex 10.0447 -62.3337 10
      vertex 11.4477 -64.2254 2
      vertex 11.4477 -64.2254 10
    endloop
  endfacet
  facet normal -0.568285 -0.42147 0.706693
    outer loop
      vertex 12.9938 -62.9566 12
      vertex 11.7077 -61.2225 12
      vertex 11.4477 -64.2254 10
    endloop
  endfacet
  facet normal -0.568281 -0.421472 0.706695
    outer loop
      vertex 11.4477 -64.2254 10
      vertex 11.7077 -61.2225 12
      vertex 10.0447 -62.3337 10
    endloop
  endfacet
  facet normal 0.568305 0.421467 0.706679
    outer loop
      vertex 20.7239 -56.6127 11
      vertex 20.0224 -55.6668 11
      vertex 19.9509 -57.2471 12
    endloop
  endfacet
  facet normal 0.568276 0.421479 0.706695
    outer loop
      vertex 19.9509 -57.2471 12
      vertex 20.0224 -55.6668 11
      vertex 19.1909 -56.2224 12
    endloop
  endfacet
  facet normal 0.803219 0.595684 0
    outer loop
      vertex 20.7239 -56.6127 11
      vertex 20.0224 -55.6668 1
      vertex 20.0224 -55.6668 11
    endloop
  endfacet
  facet normal 0.803219 0.595684 0
    outer loop
      vertex 20.0224 -55.6668 1
      vertex 20.7239 -56.6127 11
      vertex 20.7239 -56.6127 1
    endloop
  endfacet
  facet normal 0.568288 0.421488 -0.706679
    outer loop
      vertex 20.7239 -56.6127 1
      vertex 19.9509 -57.2471 0
      vertex 19.1909 -56.2224 0
    endloop
  endfacet
  facet normal 0.568291 0.421457 -0.706696
    outer loop
      vertex 20.0224 -55.6668 1
      vertex 20.7239 -56.6127 1
      vertex 19.1909 -56.2224 0
    endloop
  endfacet
  facet normal -0.568283 -0.421473 -0.706693
    outer loop
      vertex 12.9938 -62.9566 0
      vertex 11.4477 -64.2254 2
      vertex 10.0447 -62.3337 2
    endloop
  endfacet
  facet normal -0.568283 -0.421469 -0.706695
    outer loop
      vertex 11.7077 -61.2225 0
      vertex 12.9938 -62.9566 0
      vertex 10.0447 -62.3337 2
    endloop
  endfacet
  facet normal -0.857738 -0.514087 0
    outer loop
      vertex 10.0447 -62.3337 2
      vertex 8.83389 -60.3135 10
      vertex 8.83389 -60.3135 2
    endloop
  endfacet
  facet normal -0.857738 -0.514087 0
    outer loop
      vertex 8.83389 -60.3135 10
      vertex 10.0447 -62.3337 2
      vertex 10.0447 -62.3337 10
    endloop
  endfacet
  facet normal -0.606847 -0.363755 0.706696
    outer loop
      vertex 11.7077 -61.2225 12
      vertex 10.5977 -59.3707 12
      vertex 10.0447 -62.3337 10
    endloop
  endfacet
  facet normal -0.606881 -0.363735 0.706677
    outer loop
      vertex 10.0447 -62.3337 10
      vertex 10.5977 -59.3707 12
      vertex 8.83389 -60.3135 10
    endloop
  endfacet
  facet normal 0.606823 0.363793 0.706697
    outer loop
      vertex 20.0224 -55.6668 11
      vertex 19.4169 -54.6568 11
      vertex 19.1909 -56.2224 12
    endloop
  endfacet
  facet normal 0.606862 0.363773 0.706674
    outer loop
      vertex 19.1909 -56.2224 12
      vertex 19.4169 -54.6568 11
      vertex 18.535 -55.1282 12
    endloop
  endfacet
  facet normal 0.85768 0.514184 0
    outer loop
      vertex 20.0224 -55.6668 11
      vertex 19.4169 -54.6568 1
      vertex 19.4169 -54.6568 11
    endloop
  endfacet
  facet normal 0.85768 0.514184 0
    outer loop
      vertex 19.4169 -54.6568 1
      vertex 20.0224 -55.6668 11
      vertex 20.0224 -55.6668 1
    endloop
  endfacet
  facet normal 0.606843 0.363762 -0.706696
    outer loop
      vertex 20.0224 -55.6668 1
      vertex 19.1909 -56.2224 0
      vertex 18.535 -55.1282 0
    endloop
  endfacet
  facet normal 0.606843 0.363806 -0.706673
    outer loop
      vertex 19.4169 -54.6568 1
      vertex 20.0224 -55.6668 1
      vertex 18.535 -55.1282 0
    endloop
  endfacet
  facet normal -0.606866 -0.363726 -0.706695
    outer loop
      vertex 11.7077 -61.2225 0
      vertex 10.0447 -62.3337 2
      vertex 8.83389 -60.3135 2
    endloop
  endfacet
  facet normal -0.606865 -0.363765 -0.706676
    outer loop
      vertex 10.5977 -59.3707 0
      vertex 11.7077 -61.2225 0
      vertex 8.83389 -60.3135 2
    endloop
  endfacet
  facet normal -0.903988 -0.427559 0
    outer loop
      vertex 8.83389 -60.3135 2
      vertex 7.82689 -58.1844 10
      vertex 7.82689 -58.1844 2
    endloop
  endfacet
  facet normal -0.903988 -0.427559 0
    outer loop
      vertex 7.82689 -58.1844 10
      vertex 8.83389 -60.3135 2
      vertex 8.83389 -60.3135 10
    endloop
  endfacet
  facet normal -0.639611 -0.302502 0.706676
    outer loop
      vertex 10.5977 -59.3707 12
      vertex 9.67465 -57.419 12
      vertex 8.83389 -60.3135 10
    endloop
  endfacet
  facet normal -0.639598 -0.302511 0.706683
    outer loop
      vertex 8.83389 -60.3135 10
      vertex 9.67465 -57.419 12
      vertex 7.82689 -58.1844 10
    endloop
  endfacet
  facet normal 0.639612 0.302503 0.706674
    outer loop
      vertex 19.4169 -54.6568 11
      vertex 18.9134 -53.5922 11
      vertex 18.535 -55.1282 12
    endloop
  endfacet
  facet normal 0.639637 0.302487 0.706658
    outer loop
      vertex 18.535 -55.1282 12
      vertex 18.9134 -53.5922 11
      vertex 17.9896 -53.9749 12
    endloop
  endfacet
  facet normal 0.903995 0.427542 0
    outer loop
      vertex 19.4169 -54.6568 11
      vertex 18.9134 -53.5922 1
      vertex 18.9134 -53.5922 11
    endloop
  endfacet
  facet normal 0.903995 0.427542 0
    outer loop
      vertex 18.9134 -53.5922 1
      vertex 19.4169 -54.6568 11
      vertex 19.4169 -54.6568 1
    endloop
  endfacet
  facet normal 0.639624 0.30248 -0.706673
    outer loop
      vertex 19.4169 -54.6568 1
      vertex 18.535 -55.1282 0
      vertex 17.9896 -53.9749 0
    endloop
  endfacet
  facet normal 0.639627 0.30251 -0.706658
    outer loop
      vertex 18.9134 -53.5922 1
      vertex 19.4169 -54.6568 1
      vertex 17.9896 -53.9749 0
    endloop
  endfacet
  facet normal -0.639605 -0.302514 -0.706676
    outer loop
      vertex 10.5977 -59.3707 0
      vertex 8.83389 -60.3135 2
      vertex 7.82689 -58.1844 2
    endloop
  endfacet
  facet normal -0.639604 -0.302499 -0.706683
    outer loop
      vertex 9.67465 -57.419 0
      vertex 10.5977 -59.3707 0
      vertex 7.82689 -58.1844 2
    endloop
  endfacet
  facet normal -0.941545 -0.336886 0
    outer loop
      vertex 7.82689 -58.1844 2
      vertex 7.03343 -55.9668 10
      vertex 7.03343 -55.9668 2
    endloop
  endfacet
  facet normal -0.941545 -0.336886 0
    outer loop
      vertex 7.03343 -55.9668 10
      vertex 7.82689 -58.1844 2
      vertex 7.82689 -58.1844 10
    endloop
  endfacet
  facet normal -0.666168 -0.238368 0.706683
    outer loop
      vertex 9.67465 -57.419 12
      vertex 8.94731 -55.3863 12
      vertex 7.82689 -58.1844 10
    endloop
  endfacet
  facet normal -0.666178 -0.238359 0.706676
    outer loop
      vertex 7.82689 -58.1844 10
      vertex 8.94731 -55.3863 12
      vertex 7.03343 -55.9668 10
    endloop
  endfacet
  facet normal 0.666203 0.23835 0.706655
    outer loop
      vertex 18.9134 -53.5922 11
      vertex 18.5167 -52.4834 11
      vertex 17.9896 -53.9749 12
    endloop
  endfacet
  facet normal 0.666184 0.238366 0.706669
    outer loop
      vertex 17.9896 -53.9749 12
      vertex 18.5167 -52.4834 11
      vertex 17.5598 -52.7737 12
    endloop
  endfacet
  facet normal 0.941553 0.336864 0
    outer loop
      vertex 18.9134 -53.5922 11
      vertex 18.5167 -52.4834 1
      vertex 18.5167 -52.4834 11
    endloop
  endfacet
  facet normal 0.941553 0.336864 0
    outer loop
      vertex 18.5167 -52.4834 1
      vertex 18.9134 -53.5922 11
      vertex 18.9134 -53.5922 1
    endloop
  endfacet
  facet normal 0.666196 0.238371 -0.706656
    outer loop
      vertex 18.9134 -53.5922 1
      vertex 17.9896 -53.9749 0
      vertex 17.5598 -52.7737 0
    endloop
  endfacet
  facet normal 0.66619 0.238346 -0.706669
    outer loop
      vertex 18.5167 -52.4834 1
      vertex 18.9134 -53.5922 1
      vertex 17.5598 -52.7737 0
    endloop
  endfacet
  facet normal -0.666172 -0.238357 -0.706683
    outer loop
      vertex 9.67465 -57.419 0
      vertex 7.82689 -58.1844 2
      vertex 7.03343 -55.9668 2
    endloop
  endfacet
  facet normal -0.666175 -0.23837 -0.706676
    outer loop
      vertex 8.94731 -55.3863 0
      vertex 9.67465 -57.419 0
      vertex 7.03343 -55.9668 2
    endloop
  endfacet
  facet normal -0.97003 -0.242987 0
    outer loop
      vertex 7.03343 -55.9668 2
      vertex 6.46115 -53.6822 10
      vertex 6.46115 -53.6822 2
    endloop
  endfacet
  facet normal -0.97003 -0.242987 0
    outer loop
      vertex 6.46115 -53.6822 10
      vertex 7.03343 -55.9668 2
      vertex 7.03343 -55.9668 10
    endloop
  endfacet
  facet normal -0.686332 -0.171916 0.706677
    outer loop
      vertex 8.94731 -55.3863 12
      vertex 8.42272 -53.292 12
      vertex 7.03343 -55.9668 10
    endloop
  endfacet
  facet normal -0.686327 -0.171921 0.706681
    outer loop
      vertex 7.03343 -55.9668 10
      vertex 8.42272 -53.292 12
      vertex 6.46115 -53.6822 10
    endloop
  endfacet
  facet normal 0.686346 0.171902 0.706668
    outer loop
      vertex 18.5167 -52.4834 11
      vertex 18.2306 -51.3411 11
      vertex 17.5598 -52.7737 12
    endloop
  endfacet
  facet normal 0.686321 0.171927 0.706686
    outer loop
      vertex 17.5598 -52.7737 12
      vertex 18.2306 -51.3411 11
      vertex 17.2498 -51.5362 12
    endloop
  endfacet
  facet normal 0.970038 0.242955 0
    outer loop
      vertex 18.5167 -52.4834 11
      vertex 18.2306 -51.3411 1
      vertex 18.2306 -51.3411 11
    endloop
  endfacet
  facet normal 0.970038 0.242955 0
    outer loop
      vertex 18.2306 -51.3411 1
      vertex 18.5167 -52.4834 11
      vertex 18.5167 -52.4834 1
    endloop
  endfacet
  facet normal 0.686338 0.171931 -0.706668
    outer loop
      vertex 18.5167 -52.4834 1
      vertex 17.5598 -52.7737 0
      vertex 17.2498 -51.5362 0
    endloop
  endfacet
  facet normal 0.686327 0.171897 -0.706687
    outer loop
      vertex 18.2306 -51.3411 1
      vertex 18.5167 -52.4834 1
      vertex 17.2498 -51.5362 0
    endloop
  endfacet
  facet normal -0.686331 -0.171922 -0.706678
    outer loop
      vertex 8.94731 -55.3863 0
      vertex 7.03343 -55.9668 2
      vertex 6.46115 -53.6822 2
    endloop
  endfacet
  facet normal -0.686329 -0.171915 -0.706681
    outer loop
      vertex 8.42272 -53.292 0
      vertex 8.94731 -55.3863 0
      vertex 6.46115 -53.6822 2
    endloop
  endfacet
  facet normal -0.989177 -0.146725 0
    outer loop
      vertex 6.46115 -53.6822 2
      vertex 6.11557 -51.3524 10
      vertex 6.11557 -51.3524 2
    endloop
  endfacet
  facet normal -0.989177 -0.146725 0
    outer loop
      vertex 6.11557 -51.3524 10
      vertex 6.46115 -53.6822 2
      vertex 6.46115 -53.6822 10
    endloop
  endfacet
  facet normal -0.699875 -0.103815 0.706681
    outer loop
      vertex 8.42272 -53.292 12
      vertex 8.10594 -51.1564 12
      vertex 6.46115 -53.6822 10
    endloop
  endfacet
  facet normal -0.699876 -0.103813 0.70668
    outer loop
      vertex 6.46115 -53.6822 10
      vertex 8.10594 -51.1564 12
      vertex 6.11557 -51.3524 10
    endloop
  endfacet
  facet normal 0.699869 0.103818 0.706686
    outer loop
      vertex 18.2306 -51.3411 11
      vertex 18.0578 -50.1762 11
      vertex 17.2498 -51.5362 12
    endloop
  endfacet
  facet normal 0.69987 0.103816 0.706685
    outer loop
      vertex 17.2498 -51.5362 12
      vertex 18.0578 -50.1762 11
      vertex 17.0626 -50.2742 12
    endloop
  endfacet
  facet normal 0.989176 0.146733 0
    outer loop
      vertex 18.2306 -51.3411 11
      vertex 18.0578 -50.1762 1
      vertex 18.0578 -50.1762 11
    endloop
  endfacet
  facet normal 0.989176 0.146733 0
    outer loop
      vertex 18.0578 -50.1762 1
      vertex 18.2306 -51.3411 11
      vertex 18.2306 -51.3411 1
    endloop
  endfacet
  facet normal 0.699869 0.103816 -0.706686
    outer loop
      vertex 18.2306 -51.3411 1
      vertex 17.2498 -51.5362 0
      vertex 17.0626 -50.2742 0
    endloop
  endfacet
  facet normal 0.69987 0.103818 -0.706685
    outer loop
      vertex 18.0578 -50.1762 1
      vertex 18.2306 -51.3411 1
      vertex 17.0626 -50.2742 0
    endloop
  endfacet
  facet normal -0.699875 -0.103813 -0.706681
    outer loop
      vertex 8.42272 -53.292 0
      vertex 6.46115 -53.6822 2
      vertex 6.11557 -51.3524 2
    endloop
  endfacet
  facet normal -0.699876 -0.103815 -0.70668
    outer loop
      vertex 8.10594 -51.1564 0
      vertex 8.42272 -53.292 0
      vertex 6.11557 -51.3524 2
    endloop
  endfacet
  facet normal -0.998795 -0.0490694 0
    outer loop
      vertex 6.11557 -51.3524 2
      vertex 6 -49 10
      vertex 6 -49 2
    endloop
  endfacet
  facet normal -0.998795 -0.0490694 0
    outer loop
      vertex 6 -49 10
      vertex 6.11557 -51.3524 2
      vertex 6.11557 -51.3524 10
    endloop
  endfacet
  facet normal -0.706681 -0.0347179 0.70668
    outer loop
      vertex 8.10594 -51.1564 12
      vertex 8 -49 12
      vertex 6.11557 -51.3524 10
    endloop
  endfacet
  facet normal -0.70668 -0.0347182 0.70668
    outer loop
      vertex 6.11557 -51.3524 10
      vertex 8 -49 12
      vertex 6 -49 10
    endloop
  endfacet
  facet normal 0 0 1
    outer loop
      vertex 43 -49 12
      vertex 52 -49 12
      vertex 51.8941 -46.8436 12
    endloop
  endfacet
  facet normal 0 0 1
    outer loop
      vertex 42.9374 -47.7258 12
      vertex 51.8941 -46.8436 12
      vertex 51.5773 -44.708 12
    endloop
  endfacet
  facet normal 0 0 1
    outer loop
      vertex 52 -49 12
      vertex 43 -49 12
      vertex 51.8941 -51.1564 12
    endloop
  endfacet
  facet normal 0 0 1
    outer loop
      vertex 42.7502 -46.4638 12
      vertex 51.5773 -44.708 12
      vertex 51.0527 -42.6137 12
    endloop
  endfacet
  facet normal -0 0 1
    outer loop
      vertex 42.9374 -50.2742 12
      vertex 51.8941 -51.1564 12
      vertex 43 -49 12
    endloop
  endfacet
  facet normal 0 0 1
    outer loop
      vertex 42.4402 -45.2263 12
      vertex 51.0527 -42.6137 12
      vertex 50.3253 -40.581 12
    endloop
  endfacet
  facet normal 0 0 1
    outer loop
      vertex 51.8941 -51.1564 12
      vertex 42.9374 -50.2742 12
      vertex 51.5773 -53.292 12
    endloop
  endfacet
  facet normal 0 0 1
    outer loop
      vertex 42.0104 -44.0251 12
      vertex 50.3253 -40.581 12
      vertex 49.4023 -38.6293 12
    endloop
  endfacet
  facet normal -0 0 1
    outer loop
      vertex 42.7502 -51.5362 12
      vertex 51.5773 -53.292 12
      vertex 42.9374 -50.2742 12
    endloop
  endfacet
  facet normal 0 0 1
    outer loop
      vertex 41.465 -42.8718 12
      vertex 49.4023 -38.6293 12
      vertex 48.2923 -36.7775 12
    endloop
  endfacet
  facet normal 0 0 1
    outer loop
      vertex 51.5773 -53.292 12
      vertex 42.7502 -51.5362 12
      vertex 51.0527 -55.3863 12
    endloop
  endfacet
  facet normal 0 0 1
    outer loop
      vertex 40.8091 -41.7776 12
      vertex 48.2923 -36.7775 12
      vertex 47.0062 -35.0433 12
    endloop
  endfacet
  facet normal -0 0 1
    outer loop
      vertex 42.4402 -52.7737 12
      vertex 51.0527 -55.3863 12
      vertex 42.7502 -51.5362 12
    endloop
  endfacet
  facet normal 0 0 1
    outer loop
      vertex 40.0491 -40.7529 12
      vertex 47.0062 -35.0433 12
      vertex 45.5564 -33.4436 12
    endloop
  endfacet
  facet normal 0 0 1
    outer loop
      vertex 51.0527 -55.3863 12
      vertex 42.4402 -52.7737 12
      vertex 50.3253 -57.419 12
    endloop
  endfacet
  facet normal 0 0 1
    outer loop
      vertex 39.1924 -39.8076 12
      vertex 45.5564 -33.4436 12
      vertex 43.9566 -31.9938 12
    endloop
  endfacet
  facet normal -0 0 1
    outer loop
      vertex 42.0104 -53.9749 12
      vertex 50.3253 -57.419 12
      vertex 42.4402 -52.7737 12
    endloop
  endfacet
  facet normal 0 0 1
    outer loop
      vertex 50.3253 -57.419 12
      vertex 42.0104 -53.9749 12
      vertex 49.4023 -59.3707 12
    endloop
  endfacet
  facet normal 0 0 1
    outer loop
      vertex 51.8941 -46.8436 12
      vertex 42.9374 -47.7258 12
      vertex 43 -49 12
    endloop
  endfacet
  facet normal 0 0 1
    outer loop
      vertex 51.5773 -44.708 12
      vertex 42.7502 -46.4638 12
      vertex 42.9374 -47.7258 12
    endloop
  endfacet
  facet normal 0 0 1
    outer loop
      vertex 51.0527 -42.6137 12
      vertex 42.4402 -45.2263 12
      vertex 42.7502 -46.4638 12
    endloop
  endfacet
  facet normal 0 0 1
    outer loop
      vertex 38.2471 -38.9509 12
      vertex 43.9566 -31.9938 12
      vertex 42.2225 -30.7077 12
    endloop
  endfacet
  facet normal 0 0 1
    outer loop
      vertex 50.3253 -40.581 12
      vertex 42.0104 -44.0251 12
      vertex 42.4402 -45.2263 12
    endloop
  endfacet
  facet normal 0 0 1
    outer loop
      vertex 49.4023 -38.6293 12
      vertex 41.465 -42.8718 12
      vertex 42.0104 -44.0251 12
    endloop
  endfacet
  facet normal 0 0 1
    outer loop
      vertex 48.2923 -36.7775 12
      vertex 40.8091 -41.7776 12
      vertex 41.465 -42.8718 12
    endloop
  endfacet
  facet normal 0 0 1
    outer loop
      vertex 37.2224 -38.1909 12
      vertex 42.2225 -30.7077 12
      vertex 40.3707 -29.5977 12
    endloop
  endfacet
  facet normal 0 0 1
    outer loop
      vertex 47.0062 -35.0433 12
      vertex 40.0491 -40.7529 12
      vertex 40.8091 -41.7776 12
    endloop
  endfacet
  facet normal 0 0 1
    outer loop
      vertex 45.5564 -33.4436 12
      vertex 39.1924 -39.8076 12
      vertex 40.0491 -40.7529 12
    endloop
  endfacet
  facet normal 0 0 1
    outer loop
      vertex 36.1282 -37.535 12
      vertex 40.3707 -29.5977 12
      vertex 38.419 -28.6747 12
    endloop
  endfacet
  facet normal 0 0 1
    outer loop
      vertex 43.9566 -31.9938 12
      vertex 38.2471 -38.9509 12
      vertex 39.1924 -39.8076 12
    endloop
  endfacet
  facet normal 0 0 1
    outer loop
      vertex 42.2225 -30.7077 12
      vertex 37.2224 -38.1909 12
      vertex 38.2471 -38.9509 12
    endloop
  endfacet
  facet normal 0 0 1
    outer loop
      vertex 34.9749 -36.9896 12
      vertex 38.419 -28.6747 12
      vertex 36.3863 -27.9473 12
    endloop
  endfacet
  facet normal 0 0 1
    outer loop
      vertex 40.3707 -29.5977 12
      vertex 36.1282 -37.535 12
      vertex 37.2224 -38.1909 12
    endloop
  endfacet
  facet normal 0 0 1
    outer loop
      vertex 38.419 -28.6747 12
      vertex 34.9749 -36.9896 12
      vertex 36.1282 -37.535 12
    endloop
  endfacet
  facet normal 0 0 1
    outer loop
      vertex 33.7737 -36.5598 12
      vertex 36.3863 -27.9473 12
      vertex 34.292 -27.4227 12
    endloop
  endfacet
  facet normal 0 0 1
    outer loop
      vertex 36.3863 -27.9473 12
      vertex 33.7737 -36.5598 12
      vertex 34.9749 -36.9896 12
    endloop
  endfacet
  facet normal 0 0 1
    outer loop
      vertex 34.292 -27.4227 12
      vertex 32.5362 -36.2498 12
      vertex 33.7737 -36.5598 12
    endloop
  endfacet
  facet normal 0 0 1
    outer loop
      vertex 32.1564 -27.1059 12
      vertex 32.5362 -36.2498 12
      vertex 34.292 -27.4227 12
    endloop
  endfacet
  facet normal 0 0 1
    outer loop
      vertex 32.1564 -27.1059 12
      vertex 31.2742 -36.0626 12
      vertex 32.5362 -36.2498 12
    endloop
  endfacet
  facet normal 0 0 1
    outer loop
      vertex 30 -27 12
      vertex 31.2742 -36.0626 12
      vertex 32.1564 -27.1059 12
    endloop
  endfacet
  facet normal 0 0 1
    outer loop
      vertex 30 -27 12
      vertex 30 -36 12
      vertex 31.2742 -36.0626 12
    endloop
  endfacet
  facet normal 0 0 1
    outer loop
      vertex 30 -27 12
      vertex 28.7258 -36.0626 12
      vertex 30 -36 12
    endloop
  endfacet
  facet normal -0 0 1
    outer loop
      vertex 27.8436 -27.1059 12
      vertex 28.7258 -36.0626 12
      vertex 30 -27 12
    endloop
  endfacet
  facet normal 0 0 1
    outer loop
      vertex 27.8436 -27.1059 12
      vertex 27.4638 -36.2498 12
      vertex 28.7258 -36.0626 12
    endloop
  endfacet
  facet normal -0 0 1
    outer loop
      vertex 25.708 -27.4227 12
      vertex 27.4638 -36.2498 12
      vertex 27.8436 -27.1059 12
    endloop
  endfacet
  facet normal 0 0 1
    outer loop
      vertex 27.4638 -36.2498 12
      vertex 25.708 -27.4227 12
      vertex 26.2263 -36.5598 12
    endloop
  endfacet
  facet normal -0 0 1
    outer loop
      vertex 23.6137 -27.9473 12
      vertex 26.2263 -36.5598 12
      vertex 25.708 -27.4227 12
    endloop
  endfacet
  facet normal 0 0 1
    outer loop
      vertex 26.2263 -36.5598 12
      vertex 23.6137 -27.9473 12
      vertex 25.0251 -36.9896 12
    endloop
  endfacet
  facet normal -0 0 1
    outer loop
      vertex 21.581 -28.6747 12
      vertex 25.0251 -36.9896 12
      vertex 23.6137 -27.9473 12
    endloop
  endfacet
  facet normal 0 0 1
    outer loop
      vertex 25.0251 -36.9896 12
      vertex 21.581 -28.6747 12
      vertex 23.8718 -37.535 12
    endloop
  endfacet
  facet normal -0 0 1
    outer loop
      vertex 19.6293 -29.5977 12
      vertex 23.8718 -37.535 12
      vertex 21.581 -28.6747 12
    endloop
  endfacet
  facet normal 0 0 1
    outer loop
      vertex 23.8718 -37.535 12
      vertex 19.6293 -29.5977 12
      vertex 22.7776 -38.1909 12
    endloop
  endfacet
  facet normal -0 0 1
    outer loop
      vertex 17.7775 -30.7077 12
      vertex 22.7776 -38.1909 12
      vertex 19.6293 -29.5977 12
    endloop
  endfacet
  facet normal 0 0 1
    outer loop
      vertex 22.7776 -38.1909 12
      vertex 17.7775 -30.7077 12
      vertex 21.7529 -38.9509 12
    endloop
  endfacet
  facet normal -0 0 1
    outer loop
      vertex 16.0433 -31.9938 12
      vertex 21.7529 -38.9509 12
      vertex 17.7775 -30.7077 12
    endloop
  endfacet
  facet normal 0 0 1
    outer loop
      vertex 21.7529 -38.9509 12
      vertex 16.0433 -31.9938 12
      vertex 20.8076 -39.8076 12
    endloop
  endfacet
  facet normal -0 0 1
    outer loop
      vertex 14.4437 -33.4436 12
      vertex 20.8076 -39.8076 12
      vertex 16.0433 -31.9938 12
    endloop
  endfacet
  facet normal 0 0 1
    outer loop
      vertex 20.8076 -39.8076 12
      vertex 14.4437 -33.4436 12
      vertex 19.9509 -40.7529 12
    endloop
  endfacet
  facet normal -0 0 1
    outer loop
      vertex 12.9938 -35.0433 12
      vertex 19.9509 -40.7529 12
      vertex 14.4437 -33.4436 12
    endloop
  endfacet
  facet normal 0 0 1
    outer loop
      vertex 19.9509 -40.7529 12
      vertex 12.9938 -35.0433 12
      vertex 19.1909 -41.7776 12
    endloop
  endfacet
  facet normal -0 0 1
    outer loop
      vertex 11.7077 -36.7775 12
      vertex 19.1909 -41.7776 12
      vertex 12.9938 -35.0433 12
    endloop
  endfacet
  facet normal 0 0 1
    outer loop
      vertex 19.1909 -41.7776 12
      vertex 11.7077 -36.7775 12
      vertex 18.535 -42.8718 12
    endloop
  endfacet
  facet normal -0 0 1
    outer loop
      vertex 10.5977 -38.6293 12
      vertex 18.535 -42.8718 12
      vertex 11.7077 -36.7775 12
    endloop
  endfacet
  facet normal 0 0 1
    outer loop
      vertex 18.535 -42.8718 12
      vertex 10.5977 -38.6293 12
      vertex 17.9896 -44.0251 12
    endloop
  endfacet
  facet normal -0 0 1
    outer loop
      vertex 41.465 -55.1282 12
      vertex 49.4023 -59.3707 12
      vertex 42.0104 -53.9749 12
    endloop
  endfacet
  facet normal 0 0 1
    outer loop
      vertex 49.4023 -59.3707 12
      vertex 41.465 -55.1282 12
      vertex 48.2923 -61.2225 12
    endloop
  endfacet
  facet normal -0 0 1
    outer loop
      vertex 40.8091 -56.2224 12
      vertex 48.2923 -61.2225 12
      vertex 41.465 -55.1282 12
    endloop
  endfacet
  facet normal 0 0 1
    outer loop
      vertex 48.2923 -61.2225 12
      vertex 40.8091 -56.2224 12
      vertex 47.0062 -62.9566 12
    endloop
  endfacet
  facet normal -0 0 1
    outer loop
      vertex 40.0491 -57.2471 12
      vertex 47.0062 -62.9566 12
      vertex 40.8091 -56.2224 12
    endloop
  endfacet
  facet normal 0 0 1
    outer loop
      vertex 47.0062 -62.9566 12
      vertex 40.0491 -57.2471 12
      vertex 45.5564 -64.5564 12
    endloop
  endfacet
  facet normal -0 0 1
    outer loop
      vertex 39.1924 -58.1924 12
      vertex 45.5564 -64.5564 12
      vertex 40.0491 -57.2471 12
    endloop
  endfacet
  facet normal 0 0 1
    outer loop
      vertex 45.5564 -64.5564 12
      vertex 39.1924 -58.1924 12
      vertex 43.9566 -66.0062 12
    endloop
  endfacet
  facet normal -0 0 1
    outer loop
      vertex 38.2471 -59.0491 12
      vertex 43.9566 -66.0062 12
      vertex 39.1924 -58.1924 12
    endloop
  endfacet
  facet normal 0 0 1
    outer loop
      vertex 43.9566 -66.0062 12
      vertex 38.2471 -59.0491 12
      vertex 42.2225 -67.2923 12
    endloop
  endfacet
  facet normal -0 0 1
    outer loop
      vertex 37.2224 -59.8091 12
      vertex 42.2225 -67.2923 12
      vertex 38.2471 -59.0491 12
    endloop
  endfacet
  facet normal 0 0 1
    outer loop
      vertex 42.2225 -67.2923 12
      vertex 37.2224 -59.8091 12
      vertex 40.3707 -68.4023 12
    endloop
  endfacet
  facet normal -0 0 1
    outer loop
      vertex 36.1282 -60.465 12
      vertex 40.3707 -68.4023 12
      vertex 37.2224 -59.8091 12
    endloop
  endfacet
  facet normal 0 0 1
    outer loop
      vertex 40.3707 -68.4023 12
      vertex 36.1282 -60.465 12
      vertex 38.419 -69.3253 12
    endloop
  endfacet
  facet normal -0 0 1
    outer loop
      vertex 34.9749 -61.0104 12
      vertex 38.419 -69.3253 12
      vertex 36.1282 -60.465 12
    endloop
  endfacet
  facet normal 0 0 1
    outer loop
      vertex 38.419 -69.3253 12
      vertex 34.9749 -61.0104 12
      vertex 36.3863 -70.0527 12
    endloop
  endfacet
  facet normal -0 0 1
    outer loop
      vertex 33.7737 -61.4402 12
      vertex 36.3863 -70.0527 12
      vertex 34.9749 -61.0104 12
    endloop
  endfacet
  facet normal 0 0 1
    outer loop
      vertex 36.3863 -70.0527 12
      vertex 33.7737 -61.4402 12
      vertex 34.292 -70.5773 12
    endloop
  endfacet
  facet normal -0 0 1
    outer loop
      vertex 32.5362 -61.7502 12
      vertex 34.292 -70.5773 12
      vertex 33.7737 -61.4402 12
    endloop
  endfacet
  facet normal 0 0 1
    outer loop
      vertex 32.5362 -61.7502 12
      vertex 32.1564 -70.8941 12
      vertex 34.292 -70.5773 12
    endloop
  endfacet
  facet normal -0 0 1
    outer loop
      vertex 31.2742 -61.9374 12
      vertex 32.1564 -70.8941 12
      vertex 32.5362 -61.7502 12
    endloop
  endfacet
  facet normal -0 0 1
    outer loop
      vertex 30 -62 12
      vertex 32.1564 -70.8941 12
      vertex 31.2742 -61.9374 12
    endloop
  endfacet
  facet normal 0 0 1
    outer loop
      vertex 30 -62 12
      vertex 30 -71 12
      vertex 32.1564 -70.8941 12
    endloop
  endfacet
  facet normal 0 0 1
    outer loop
      vertex 28.7258 -61.9374 12
      vertex 30 -71 12
      vertex 30 -62 12
    endloop
  endfacet
  facet normal 0 0 1
    outer loop
      vertex 28.7258 -61.9374 12
      vertex 27.8436 -70.8941 12
      vertex 30 -71 12
    endloop
  endfacet
  facet normal 0 0 1
    outer loop
      vertex 27.4638 -61.7502 12
      vertex 27.8436 -70.8941 12
      vertex 28.7258 -61.9374 12
    endloop
  endfacet
  facet normal 0 0 1
    outer loop
      vertex 25.708 -70.5773 12
      vertex 27.4638 -61.7502 12
      vertex 26.2263 -61.4402 12
    endloop
  endfacet
  facet normal 0 0 1
    outer loop
      vertex 27.4638 -61.7502 12
      vertex 25.708 -70.5773 12
      vertex 27.8436 -70.8941 12
    endloop
  endfacet
  facet normal 0 0 1
    outer loop
      vertex 23.6137 -70.0527 12
      vertex 26.2263 -61.4402 12
      vertex 25.0251 -61.0104 12
    endloop
  endfacet
  facet normal 0 0 1
    outer loop
      vertex 21.581 -69.3253 12
      vertex 25.0251 -61.0104 12
      vertex 23.8718 -60.465 12
    endloop
  endfacet
  facet normal 0 0 1
    outer loop
      vertex 26.2263 -61.4402 12
      vertex 23.6137 -70.0527 12
      vertex 25.708 -70.5773 12
    endloop
  endfacet
  facet normal 0 0 1
    outer loop
      vertex 19.6293 -68.4023 12
      vertex 23.8718 -60.465 12
      vertex 22.7776 -59.8091 12
    endloop
  endfacet
  facet normal 0 0 1
    outer loop
      vertex 17.7775 -67.2923 12
      vertex 22.7776 -59.8091 12
      vertex 21.7529 -59.0491 12
    endloop
  endfacet
  facet normal 0 0 1
    outer loop
      vertex 25.0251 -61.0104 12
      vertex 21.581 -69.3253 12
      vertex 23.6137 -70.0527 12
    endloop
  endfacet
  facet normal 0 0 1
    outer loop
      vertex 16.0433 -66.0062 12
      vertex 21.7529 -59.0491 12
      vertex 20.8076 -58.1924 12
    endloop
  endfacet
  facet normal 0 0 1
    outer loop
      vertex 14.4437 -64.5564 12
      vertex 20.8076 -58.1924 12
      vertex 19.9509 -57.2471 12
    endloop
  endfacet
  facet normal 0 0 1
    outer loop
      vertex 23.8718 -60.465 12
      vertex 19.6293 -68.4023 12
      vertex 21.581 -69.3253 12
    endloop
  endfacet
  facet normal 0 0 1
    outer loop
      vertex 12.9938 -62.9566 12
      vertex 19.9509 -57.2471 12
      vertex 19.1909 -56.2224 12
    endloop
  endfacet
  facet normal 0 0 1
    outer loop
      vertex 11.7077 -61.2225 12
      vertex 19.1909 -56.2224 12
      vertex 18.535 -55.1282 12
    endloop
  endfacet
  facet normal 0 0 1
    outer loop
      vertex 10.5977 -59.3707 12
      vertex 18.535 -55.1282 12
      vertex 17.9896 -53.9749 12
    endloop
  endfacet
  facet normal 0 0 1
    outer loop
      vertex 22.7776 -59.8091 12
      vertex 17.7775 -67.2923 12
      vertex 19.6293 -68.4023 12
    endloop
  endfacet
  facet normal 0 0 1
    outer loop
      vertex 9.67465 -57.419 12
      vertex 17.9896 -53.9749 12
      vertex 17.5598 -52.7737 12
    endloop
  endfacet
  facet normal 0 0 1
    outer loop
      vertex 8.94731 -55.3863 12
      vertex 17.5598 -52.7737 12
      vertex 17.2498 -51.5362 12
    endloop
  endfacet
  facet normal 0 0 1
    outer loop
      vertex 8.42272 -53.292 12
      vertex 17.2498 -51.5362 12
      vertex 17.0626 -50.2742 12
    endloop
  endfacet
  facet normal 0 0 1
    outer loop
      vertex 8.10594 -51.1564 12
      vertex 17.0626 -50.2742 12
      vertex 17 -49 12
    endloop
  endfacet
  facet normal -0 0 1
    outer loop
      vertex 9.67465 -40.581 12
      vertex 17.9896 -44.0251 12
      vertex 10.5977 -38.6293 12
    endloop
  endfacet
  facet normal 0 0 1
    outer loop
      vertex 21.7529 -59.0491 12
      vertex 16.0433 -66.0062 12
      vertex 17.7775 -67.2923 12
    endloop
  endfacet
  facet normal 0 0 1
    outer loop
      vertex 17.9896 -44.0251 12
      vertex 9.67465 -40.581 12
      vertex 17.5598 -45.2263 12
    endloop
  endfacet
  facet normal 0 0 1
    outer loop
      vertex 20.8076 -58.1924 12
      vertex 14.4437 -64.5564 12
      vertex 16.0433 -66.0062 12
    endloop
  endfacet
  facet normal -0 0 1
    outer loop
      vertex 8.94731 -42.6137 12
      vertex 17.5598 -45.2263 12
      vertex 9.67465 -40.581 12
    endloop
  endfacet
  facet normal 0 0 1
    outer loop
      vertex 19.9509 -57.2471 12
      vertex 12.9938 -62.9566 12
      vertex 14.4437 -64.5564 12
    endloop
  endfacet
  facet normal 0 0 1
    outer loop
      vertex 17.5598 -45.2263 12
      vertex 8.94731 -42.6137 12
      vertex 17.2498 -46.4638 12
    endloop
  endfacet
  facet normal 0 0 1
    outer loop
      vertex 19.1909 -56.2224 12
      vertex 11.7077 -61.2225 12
      vertex 12.9938 -62.9566 12
    endloop
  endfacet
  facet normal -0 0 1
    outer loop
      vertex 8.42272 -44.708 12
      vertex 17.2498 -46.4638 12
      vertex 8.94731 -42.6137 12
    endloop
  endfacet
  facet normal 0 0 1
    outer loop
      vertex 18.535 -55.1282 12
      vertex 10.5977 -59.3707 12
      vertex 11.7077 -61.2225 12
    endloop
  endfacet
  facet normal 0 0 1
    outer loop
      vertex 17.2498 -46.4638 12
      vertex 8.42272 -44.708 12
      vertex 17.0626 -47.7258 12
    endloop
  endfacet
  facet normal 0 0 1
    outer loop
      vertex 17.9896 -53.9749 12
      vertex 9.67465 -57.419 12
      vertex 10.5977 -59.3707 12
    endloop
  endfacet
  facet normal -0 0 1
    outer loop
      vertex 8.10594 -46.8436 12
      vertex 17.0626 -47.7258 12
      vertex 8.42272 -44.708 12
    endloop
  endfacet
  facet normal 0 0 1
    outer loop
      vertex 17.5598 -52.7737 12
      vertex 8.94731 -55.3863 12
      vertex 9.67465 -57.419 12
    endloop
  endfacet
  facet normal 0 0 1
    outer loop
      vertex 17.0626 -47.7258 12
      vertex 8.10594 -46.8436 12
      vertex 17 -49 12
    endloop
  endfacet
  facet normal 0 0 1
    outer loop
      vertex 17.2498 -51.5362 12
      vertex 8.42272 -53.292 12
      vertex 8.94731 -55.3863 12
    endloop
  endfacet
  facet normal 0 0 1
    outer loop
      vertex 8 -49 12
      vertex 17 -49 12
      vertex 8.10594 -46.8436 12
    endloop
  endfacet
  facet normal 0 0 1
    outer loop
      vertex 17.0626 -50.2742 12
      vertex 8.10594 -51.1564 12
      vertex 8.42272 -53.292 12
    endloop
  endfacet
  facet normal 0 0 1
    outer loop
      vertex 17 -49 12
      vertex 8 -49 12
      vertex 8.10594 -51.1564 12
    endloop
  endfacet
  facet normal 0.706675 0.0347269 0.706686
    outer loop
      vertex 18.0578 -50.1762 11
      vertex 18 -49 11
      vertex 17.0626 -50.2742 12
    endloop
  endfacet
  facet normal 0.70668 0.0347184 0.70668
    outer loop
      vertex 17.0626 -50.2742 12
      vertex 18 -49 11
      vertex 17 -49 12
    endloop
  endfacet
  facet normal 0.998795 0.0490821 0
    outer loop
      vertex 18.0578 -50.1762 11
      vertex 18 -49 1
      vertex 18 -49 11
    endloop
  endfacet
  facet normal 0.998795 0.0490821 0
    outer loop
      vertex 18 -49 1
      vertex 18.0578 -50.1762 11
      vertex 18.0578 -50.1762 1
    endloop
  endfacet
  facet normal 0.706675 0.0347182 -0.706686
    outer loop
      vertex 18.0578 -50.1762 1
      vertex 17.0626 -50.2742 0
      vertex 17 -49 0
    endloop
  endfacet
  facet normal 0.70668 0.0347272 -0.70668
    outer loop
      vertex 18 -49 1
      vertex 18.0578 -50.1762 1
      vertex 17 -49 0
    endloop
  endfacet
  facet normal -0.706681 -0.0347182 -0.70668
    outer loop
      vertex 8.10594 -51.1564 0
      vertex 6.11557 -51.3524 2
      vertex 6 -49 2
    endloop
  endfacet
  facet normal -0.706681 -0.0347179 -0.706681
    outer loop
      vertex 8 -49 0
      vertex 8.10594 -51.1564 0
      vertex 6 -49 2
    endloop
  endfacet
endsolid OpenSCAD_Model
